<?xml version="1.0" encoding="UTF-8"?>
<kml xmlns="http://www.opengis.net/kml/2.2">
<Document>
  <name>Current dark stores — five map regions</name>
  <Folder>
    <name>Blinkit</name>
    <Placemark>
      <name>Blinkit 29581</name>
      <description>Delhi · Delhi · baseline_coordinate_id_verified_current</description>
      <ExtendedData>
        <Data name="platformId"><value>29581</value></Data>
        <Data name="observedAt"><value>2026-08-26T07:53:05.014Z</value></Data>
        <Data name="locationQuality"><value>baseline_coordinate_id_verified_current</value></Data>
      </ExtendedData>
      <Point><coordinates>77.31507455007011,28.67490794394538,0</coordinates></Point>
    </Placemark>
    <Placemark>
      <name>Blinkit 29650</name>
      <description>HR-NCR · Haryana · baseline_coordinate_id_verified_current</description>
      <ExtendedData>
        <Data name="platformId"><value>29650</value></Data>
        <Data name="observedAt"><value>2026-08-26T07:52:11.600Z</value></Data>
        <Data name="locationQuality"><value>baseline_coordinate_id_verified_current</value></Data>
      </ExtendedData>
      <Point><coordinates>77.01590307450638,28.515074969816744,0</coordinates></Point>
    </Placemark>
    <Placemark>
      <name>Blinkit 30024</name>
      <description>Mumbai · Maharashtra · baseline_coordinate_id_verified_current</description>
      <ExtendedData>
        <Data name="platformId"><value>30024</value></Data>
        <Data name="observedAt"><value>2026-08-26T07:47:09.710Z</value></Data>
        <Data name="locationQuality"><value>baseline_coordinate_id_verified_current</value></Data>
      </ExtendedData>
      <Point><coordinates>72.84004308476601,18.964049370104203,0</coordinates></Point>
    </Placemark>
    <Placemark>
      <name>Blinkit 30175</name>
      <description>Delhi · Delhi · baseline_coordinate_id_verified_current</description>
      <ExtendedData>
        <Data name="platformId"><value>30175</value></Data>
        <Data name="observedAt"><value>2026-08-26T07:53:17.309Z</value></Data>
        <Data name="locationQuality"><value>baseline_coordinate_id_verified_current</value></Data>
      </ExtendedData>
      <Point><coordinates>77.1604124420773,28.717770078332734,0</coordinates></Point>
    </Placemark>
    <Placemark>
      <name>Blinkit 30248</name>
      <description>Bengaluru · Karnataka · baseline_coordinate_id_verified_current</description>
      <ExtendedData>
        <Data name="platformId"><value>30248</value></Data>
        <Data name="observedAt"><value>2026-08-26T07:44:46.967Z</value></Data>
        <Data name="locationQuality"><value>baseline_coordinate_id_verified_current</value></Data>
      </ExtendedData>
      <Point><coordinates>77.56540544053333,12.894479136183973,0</coordinates></Point>
    </Placemark>
    <Placemark>
      <name>Blinkit 30299</name>
      <description>Delhi · Delhi · baseline_coordinate_id_verified_current</description>
      <ExtendedData>
        <Data name="platformId"><value>30299</value></Data>
        <Data name="observedAt"><value>2026-08-26T07:53:20.159Z</value></Data>
        <Data name="locationQuality"><value>baseline_coordinate_id_verified_current</value></Data>
      </ExtendedData>
      <Point><coordinates>77.13211548985245,28.7480669310097,0</coordinates></Point>
    </Placemark>
    <Placemark>
      <name>Blinkit 30303</name>
      <description>UP-NCR · Uttar Pradesh · baseline_coordinate_id_verified_current</description>
      <ExtendedData>
        <Data name="platformId"><value>30303</value></Data>
        <Data name="observedAt"><value>2026-08-26T07:53:07.964Z</value></Data>
        <Data name="locationQuality"><value>baseline_coordinate_id_verified_current</value></Data>
      </ExtendedData>
      <Point><coordinates>77.33974751474504,28.67801610061085,0</coordinates></Point>
    </Placemark>
    <Placemark>
      <name>Blinkit 30322</name>
      <description>Faridabad · Haryana · baseline_coordinate_id_verified_current</description>
      <ExtendedData>
        <Data name="platformId"><value>30322</value></Data>
        <Data name="observedAt"><value>2026-08-26T07:51:53.756Z</value></Data>
        <Data name="locationQuality"><value>baseline_coordinate_id_verified_current</value></Data>
      </ExtendedData>
      <Point><coordinates>77.31367104027677,28.45331455156306,0</coordinates></Point>
    </Placemark>
    <Placemark>
      <name>Blinkit 30375</name>
      <description>HR-NCR · Haryana · baseline_coordinate_id_verified_current</description>
      <ExtendedData>
        <Data name="platformId"><value>30375</value></Data>
        <Data name="observedAt"><value>2026-08-26T07:52:04.489Z</value></Data>
        <Data name="locationQuality"><value>baseline_coordinate_id_verified_current</value></Data>
      </ExtendedData>
      <Point><coordinates>77.0963648214853,28.49045878117139,0</coordinates></Point>
    </Placemark>
    <Placemark>
      <name>Blinkit 30377</name>
      <description>Bengaluru · Karnataka · baseline_coordinate_id_verified_current</description>
      <ExtendedData>
        <Data name="platformId"><value>30377</value></Data>
        <Data name="observedAt"><value>2026-08-26T07:45:01.859Z</value></Data>
        <Data name="locationQuality"><value>baseline_coordinate_id_verified_current</value></Data>
      </ExtendedData>
      <Point><coordinates>77.61744679648548,12.943552000718649,0</coordinates></Point>
    </Placemark>
    <Placemark>
      <name>Blinkit 30378</name>
      <description>Bengaluru · Karnataka · baseline_coordinate_id_verified_current</description>
      <ExtendedData>
        <Data name="platformId"><value>30378</value></Data>
        <Data name="observedAt"><value>2026-08-26T07:45:20.008Z</value></Data>
        <Data name="locationQuality"><value>baseline_coordinate_id_verified_current</value></Data>
      </ExtendedData>
      <Point><coordinates>77.65671170707131,13.017026396694215,0</coordinates></Point>
    </Placemark>
    <Placemark>
      <name>Blinkit 30415</name>
      <description>UP-NCR · Uttar Pradesh · baseline_coordinate_id_verified_current</description>
      <ExtendedData>
        <Data name="platformId"><value>30415</value></Data>
        <Data name="observedAt"><value>2026-08-26T07:52:10.972Z</value></Data>
        <Data name="locationQuality"><value>baseline_coordinate_id_verified_current</value></Data>
      </ExtendedData>
      <Point><coordinates>77.42567562860839,28.496334890406036,0</coordinates></Point>
    </Placemark>
    <Placemark>
      <name>Blinkit 30442</name>
      <description>Pune · Maharashtra · baseline_coordinate_id_verified_current</description>
      <ExtendedData>
        <Data name="platformId"><value>30442</value></Data>
        <Data name="observedAt"><value>2026-08-26T07:46:53.217Z</value></Data>
        <Data name="locationQuality"><value>baseline_coordinate_id_verified_current</value></Data>
      </ExtendedData>
      <Point><coordinates>73.93036813110294,18.547134604024436,0</coordinates></Point>
    </Placemark>
    <Placemark>
      <name>Blinkit 30474</name>
      <description>Delhi · Delhi · baseline_coordinate_id_verified_current</description>
      <ExtendedData>
        <Data name="platformId"><value>30474</value></Data>
        <Data name="observedAt"><value>2026-08-26T07:54:39.697Z</value></Data>
        <Data name="locationQuality"><value>baseline_coordinate_id_verified_current</value></Data>
      </ExtendedData>
      <Point><coordinates>77.15440296555862,28.525099633848367,0</coordinates></Point>
    </Placemark>
    <Placemark>
      <name>Blinkit 30513</name>
      <description>Pune · Maharashtra · baseline_coordinate_id_verified_current</description>
      <ExtendedData>
        <Data name="platformId"><value>30513</value></Data>
        <Data name="observedAt"><value>2026-08-26T07:46:51.129Z</value></Data>
        <Data name="locationQuality"><value>baseline_coordinate_id_verified_current</value></Data>
      </ExtendedData>
      <Point><coordinates>73.91546653483223,18.517035379805968,0</coordinates></Point>
    </Placemark>
    <Placemark>
      <name>Blinkit 30558</name>
      <description>Bengaluru · Karnataka · baseline_coordinate_id_verified_current</description>
      <ExtendedData>
        <Data name="platformId"><value>30558</value></Data>
        <Data name="observedAt"><value>2026-08-26T07:54:33.766Z</value></Data>
        <Data name="locationQuality"><value>baseline_coordinate_id_verified_current</value></Data>
      </ExtendedData>
      <Point><coordinates>77.74409116090175,13.000328975206612,0</coordinates></Point>
    </Placemark>
    <Placemark>
      <name>Blinkit 30566</name>
      <description>Bengaluru · Karnataka · baseline_coordinate_id_verified_current</description>
      <ExtendedData>
        <Data name="platformId"><value>30566</value></Data>
        <Data name="observedAt"><value>2026-08-26T07:45:11.632Z</value></Data>
        <Data name="locationQuality"><value>baseline_coordinate_id_verified_current</value></Data>
      </ExtendedData>
      <Point><coordinates>77.52057122541216,12.985803283507005,0</coordinates></Point>
    </Placemark>
    <Placemark>
      <name>Blinkit 30579</name>
      <description>Pune · Maharashtra · baseline_coordinate_id_verified_current</description>
      <ExtendedData>
        <Data name="platformId"><value>30579</value></Data>
        <Data name="observedAt"><value>2026-08-26T07:46:52.390Z</value></Data>
        <Data name="locationQuality"><value>baseline_coordinate_id_verified_current</value></Data>
      </ExtendedData>
      <Point><coordinates>73.80510328509702,18.55387773769314,0</coordinates></Point>
    </Placemark>
    <Placemark>
      <name>Blinkit 30614</name>
      <description>Bengaluru · Karnataka · baseline_coordinate_id_verified_current</description>
      <ExtendedData>
        <Data name="platformId"><value>30614</value></Data>
        <Data name="observedAt"><value>2026-08-26T07:44:45.383Z</value></Data>
        <Data name="locationQuality"><value>baseline_coordinate_id_verified_current</value></Data>
      </ExtendedData>
      <Point><coordinates>77.64978572610522,12.89301488896874,0</coordinates></Point>
    </Placemark>
    <Placemark>
      <name>Blinkit 30615</name>
      <description>Pune · Maharashtra · baseline_coordinate_id_verified_current</description>
      <ExtendedData>
        <Data name="platformId"><value>30615</value></Data>
        <Data name="observedAt"><value>2026-08-26T07:46:46.301Z</value></Data>
        <Data name="locationQuality"><value>baseline_coordinate_id_verified_current</value></Data>
      </ExtendedData>
      <Point><coordinates>73.89380532174305,18.48389437226015,0</coordinates></Point>
    </Placemark>
    <Placemark>
      <name>Blinkit 30622</name>
      <description>Bengaluru · Karnataka · baseline_coordinate_id_verified_current</description>
      <ExtendedData>
        <Data name="platformId"><value>30622</value></Data>
        <Data name="observedAt"><value>2026-08-26T07:54:47.175Z</value></Data>
        <Data name="locationQuality"><value>baseline_coordinate_id_verified_current</value></Data>
      </ExtendedData>
      <Point><coordinates>77.68791428917902,12.9899065756378,0</coordinates></Point>
    </Placemark>
    <Placemark>
      <name>Blinkit 30638</name>
      <description>Bengaluru · Karnataka · baseline_coordinate_id_verified_current</description>
      <ExtendedData>
        <Data name="platformId"><value>30638</value></Data>
        <Data name="observedAt"><value>2026-08-26T07:44:47.686Z</value></Data>
        <Data name="locationQuality"><value>baseline_coordinate_id_verified_current</value></Data>
      </ExtendedData>
      <Point><coordinates>77.62061268488566,12.889444102048149,0</coordinates></Point>
    </Placemark>
    <Placemark>
      <name>Blinkit 30664</name>
      <description>Bengaluru · Karnataka · baseline_coordinate_id_verified_current</description>
      <ExtendedData>
        <Data name="platformId"><value>30664</value></Data>
        <Data name="observedAt"><value>2026-08-26T07:45:07.853Z</value></Data>
        <Data name="locationQuality"><value>baseline_coordinate_id_verified_current</value></Data>
      </ExtendedData>
      <Point><coordinates>77.63923957054259,12.977262435860583,0</coordinates></Point>
    </Placemark>
    <Placemark>
      <name>Blinkit 30667</name>
      <description>Pune · Maharashtra · baseline_coordinate_id_verified_current</description>
      <ExtendedData>
        <Data name="platformId"><value>30667</value></Data>
        <Data name="observedAt"><value>2026-08-26T07:47:01.847Z</value></Data>
        <Data name="locationQuality"><value>baseline_coordinate_id_verified_current</value></Data>
      </ExtendedData>
      <Point><coordinates>73.79236828674951,18.603369408551924,0</coordinates></Point>
    </Placemark>
    <Placemark>
      <name>Blinkit 30673</name>
      <description>Mumbai · Maharashtra · baseline_coordinate_id_verified_current</description>
      <ExtendedData>
        <Data name="platformId"><value>30673</value></Data>
        <Data name="observedAt"><value>2026-08-26T07:47:17.300Z</value></Data>
        <Data name="locationQuality"><value>baseline_coordinate_id_verified_current</value></Data>
      </ExtendedData>
      <Point><coordinates>72.91763144354739,19.047087596837947,0</coordinates></Point>
    </Placemark>
    <Placemark>
      <name>Blinkit 30693</name>
      <description>Delhi · Delhi · baseline_coordinate_id_verified_current</description>
      <ExtendedData>
        <Data name="platformId"><value>30693</value></Data>
        <Data name="observedAt"><value>2026-08-26T07:53:01.840Z</value></Data>
        <Data name="locationQuality"><value>baseline_coordinate_id_verified_current</value></Data>
      </ExtendedData>
      <Point><coordinates>77.08997133794847,28.676053290693496,0</coordinates></Point>
    </Placemark>
    <Placemark>
      <name>Blinkit 30708</name>
      <description>Delhi · Delhi · baseline_coordinate_id_verified_current</description>
      <ExtendedData>
        <Data name="platformId"><value>30708</value></Data>
        <Data name="observedAt"><value>2026-08-26T07:52:26.724Z</value></Data>
        <Data name="locationQuality"><value>baseline_coordinate_id_verified_current</value></Data>
      </ExtendedData>
      <Point><coordinates>77.27579243971864,28.57088276823572,0</coordinates></Point>
    </Placemark>
    <Placemark>
      <name>Blinkit 30710</name>
      <description>Mumbai · Maharashtra · baseline_coordinate_id_verified_current</description>
      <ExtendedData>
        <Data name="platformId"><value>30710</value></Data>
        <Data name="observedAt"><value>2026-08-26T07:47:28.745Z</value></Data>
        <Data name="locationQuality"><value>baseline_coordinate_id_verified_current</value></Data>
      </ExtendedData>
      <Point><coordinates>72.87158458268624,19.130971327703914,0</coordinates></Point>
    </Placemark>
    <Placemark>
      <name>Blinkit 30720</name>
      <description>Bengaluru · Karnataka · baseline_coordinate_id_verified_current</description>
      <ExtendedData>
        <Data name="platformId"><value>30720</value></Data>
        <Data name="observedAt"><value>2026-08-26T07:44:40.847Z</value></Data>
        <Data name="locationQuality"><value>baseline_coordinate_id_verified_current</value></Data>
      </ExtendedData>
      <Point><coordinates>77.66496753792303,12.83643214301114,0</coordinates></Point>
    </Placemark>
    <Placemark>
      <name>Blinkit 30724</name>
      <description>Delhi · Delhi · baseline_coordinate_id_verified_current</description>
      <ExtendedData>
        <Data name="platformId"><value>30724</value></Data>
        <Data name="observedAt"><value>2026-08-26T07:52:27.315Z</value></Data>
        <Data name="locationQuality"><value>baseline_coordinate_id_verified_current</value></Data>
      </ExtendedData>
      <Point><coordinates>77.21103268571305,28.56294787064319,0</coordinates></Point>
    </Placemark>
    <Placemark>
      <name>Blinkit 30725</name>
      <description>Faridabad · Haryana · baseline_coordinate_id_verified_current</description>
      <ExtendedData>
        <Data name="platformId"><value>30725</value></Data>
        <Data name="observedAt"><value>2026-08-26T07:51:44.610Z</value></Data>
        <Data name="locationQuality"><value>baseline_coordinate_id_verified_current</value></Data>
      </ExtendedData>
      <Point><coordinates>77.31923213070291,28.412931756018686,0</coordinates></Point>
    </Placemark>
    <Placemark>
      <name>Blinkit 30729</name>
      <description>Hyderabad · Telangana · baseline_coordinate_id_verified_current</description>
      <ExtendedData>
        <Data name="platformId"><value>30729</value></Data>
        <Data name="observedAt"><value>2026-08-26T07:46:12.586Z</value></Data>
        <Data name="locationQuality"><value>baseline_coordinate_id_verified_current</value></Data>
      </ExtendedData>
      <Point><coordinates>78.3743959600846,17.406415779734097,0</coordinates></Point>
    </Placemark>
    <Placemark>
      <name>Blinkit 30741</name>
      <description>Hyderabad · Telangana · baseline_coordinate_id_verified_current</description>
      <ExtendedData>
        <Data name="platformId"><value>30741</value></Data>
        <Data name="observedAt"><value>2026-08-26T07:46:23.083Z</value></Data>
        <Data name="locationQuality"><value>baseline_coordinate_id_verified_current</value></Data>
      </ExtendedData>
      <Point><coordinates>78.29913807090871,17.474747164570605,0</coordinates></Point>
    </Placemark>
    <Placemark>
      <name>Blinkit 30765</name>
      <description>Hyderabad · Telangana · baseline_coordinate_id_verified_current</description>
      <ExtendedData>
        <Data name="platformId"><value>30765</value></Data>
        <Data name="observedAt"><value>2026-08-26T07:46:30.372Z</value></Data>
        <Data name="locationQuality"><value>baseline_coordinate_id_verified_current</value></Data>
      </ExtendedData>
      <Point><coordinates>78.48174044936253,17.526537420409632,0</coordinates></Point>
    </Placemark>
    <Placemark>
      <name>Blinkit 30771</name>
      <description>Bengaluru · Karnataka · baseline_coordinate_id_verified_current</description>
      <ExtendedData>
        <Data name="platformId"><value>30771</value></Data>
        <Data name="observedAt"><value>2026-08-26T07:44:59.197Z</value></Data>
        <Data name="locationQuality"><value>baseline_coordinate_id_verified_current</value></Data>
      </ExtendedData>
      <Point><coordinates>77.68330835217687,12.931982844412504,0</coordinates></Point>
    </Placemark>
    <Placemark>
      <name>Blinkit 30775</name>
      <description>Delhi · Delhi · baseline_coordinate_id_verified_current</description>
      <ExtendedData>
        <Data name="platformId"><value>30775</value></Data>
        <Data name="observedAt"><value>2026-08-26T07:53:07.082Z</value></Data>
        <Data name="locationQuality"><value>baseline_coordinate_id_verified_current</value></Data>
      </ExtendedData>
      <Point><coordinates>77.19519473843494,28.68656143981315,0</coordinates></Point>
    </Placemark>
    <Placemark>
      <name>Blinkit 30779</name>
      <description>Delhi · Delhi · baseline_coordinate_id_verified_current</description>
      <ExtendedData>
        <Data name="platformId"><value>30779</value></Data>
        <Data name="observedAt"><value>2026-08-26T07:52:32.494Z</value></Data>
        <Data name="locationQuality"><value>baseline_coordinate_id_verified_current</value></Data>
      </ExtendedData>
      <Point><coordinates>77.25545433924324,28.576445714337048,0</coordinates></Point>
    </Placemark>
    <Placemark>
      <name>Blinkit 30782</name>
      <description>HR-NCR · Haryana · baseline_coordinate_id_verified_current</description>
      <ExtendedData>
        <Data name="platformId"><value>30782</value></Data>
        <Data name="observedAt"><value>2026-08-26T07:52:00.798Z</value></Data>
        <Data name="locationQuality"><value>baseline_coordinate_id_verified_current</value></Data>
      </ExtendedData>
      <Point><coordinates>77.0941242519596,28.47694353539346,0</coordinates></Point>
    </Placemark>
    <Placemark>
      <name>Blinkit 30786</name>
      <description>HR-NCR · Haryana · baseline_coordinate_id_verified_current</description>
      <ExtendedData>
        <Data name="platformId"><value>30786</value></Data>
        <Data name="observedAt"><value>2026-08-26T07:52:04.173Z</value></Data>
        <Data name="locationQuality"><value>baseline_coordinate_id_verified_current</value></Data>
      </ExtendedData>
      <Point><coordinates>77.09465445817308,28.48473312540424,0</coordinates></Point>
    </Placemark>
    <Placemark>
      <name>Blinkit 30788</name>
      <description>Bengaluru · Karnataka · baseline_coordinate_id_verified_current</description>
      <ExtendedData>
        <Data name="platformId"><value>30788</value></Data>
        <Data name="observedAt"><value>2026-08-26T07:44:48.015Z</value></Data>
        <Data name="locationQuality"><value>baseline_coordinate_id_verified_current</value></Data>
      </ExtendedData>
      <Point><coordinates>77.59598748516463,12.884754917714698,0</coordinates></Point>
    </Placemark>
    <Placemark>
      <name>Blinkit 30790</name>
      <description>Delhi · Delhi · baseline_coordinate_id_verified_current</description>
      <ExtendedData>
        <Data name="platformId"><value>30790</value></Data>
        <Data name="observedAt"><value>2026-08-26T07:52:49.793Z</value></Data>
        <Data name="locationQuality"><value>baseline_coordinate_id_verified_current</value></Data>
      </ExtendedData>
      <Point><coordinates>77.20140372411558,28.64484465217391,0</coordinates></Point>
    </Placemark>
    <Placemark>
      <name>Blinkit 30792</name>
      <description>Bengaluru · Karnataka · baseline_coordinate_id_verified_current</description>
      <ExtendedData>
        <Data name="platformId"><value>30792</value></Data>
        <Data name="observedAt"><value>2026-08-26T07:44:45.992Z</value></Data>
        <Data name="locationQuality"><value>baseline_coordinate_id_verified_current</value></Data>
      </ExtendedData>
      <Point><coordinates>77.64802852306819,12.874883569529285,0</coordinates></Point>
    </Placemark>
    <Placemark>
      <name>Blinkit 30821</name>
      <description>Pune · Maharashtra · baseline_coordinate_id_verified_current</description>
      <ExtendedData>
        <Data name="platformId"><value>30821</value></Data>
        <Data name="observedAt"><value>2026-08-26T07:46:58.200Z</value></Data>
        <Data name="locationQuality"><value>baseline_coordinate_id_verified_current</value></Data>
      </ExtendedData>
      <Point><coordinates>73.74381948947304,18.581081,0</coordinates></Point>
    </Placemark>
    <Placemark>
      <name>Blinkit 30832</name>
      <description>Bengaluru · Karnataka · baseline_coordinate_id_verified_current</description>
      <ExtendedData>
        <Data name="platformId"><value>30832</value></Data>
        <Data name="observedAt"><value>2026-08-26T07:45:33.554Z</value></Data>
        <Data name="locationQuality"><value>baseline_coordinate_id_verified_current</value></Data>
      </ExtendedData>
      <Point><coordinates>77.633939,13.08165142759612,0</coordinates></Point>
    </Placemark>
    <Placemark>
      <name>Blinkit 30836</name>
      <description>Delhi · Delhi · baseline_coordinate_id_verified_current</description>
      <ExtendedData>
        <Data name="platformId"><value>30836</value></Data>
        <Data name="observedAt"><value>2026-08-26T07:54:39.955Z</value></Data>
        <Data name="locationQuality"><value>baseline_coordinate_id_verified_current</value></Data>
      </ExtendedData>
      <Point><coordinates>77.21889560103462,28.533713835070067,0</coordinates></Point>
    </Placemark>
    <Placemark>
      <name>Blinkit 30850</name>
      <description>Delhi · Delhi · baseline_coordinate_id_verified_current</description>
      <ExtendedData>
        <Data name="platformId"><value>30850</value></Data>
        <Data name="observedAt"><value>2026-08-26T07:53:18.054Z</value></Data>
        <Data name="locationQuality"><value>baseline_coordinate_id_verified_current</value></Data>
      </ExtendedData>
      <Point><coordinates>77.134754655607,28.71524582393101,0</coordinates></Point>
    </Placemark>
    <Placemark>
      <name>Blinkit 30860</name>
      <description>Mumbai · Maharashtra · baseline_coordinate_id_verified_current</description>
      <ExtendedData>
        <Data name="platformId"><value>30860</value></Data>
        <Data name="observedAt"><value>2026-08-26T07:47:22.140Z</value></Data>
        <Data name="locationQuality"><value>baseline_coordinate_id_verified_current</value></Data>
      </ExtendedData>
      <Point><coordinates>72.88974534699955,19.085078484728708,0</coordinates></Point>
    </Placemark>
    <Placemark>
      <name>Blinkit 30865</name>
      <description>UP-NCR · Uttar Pradesh · baseline_coordinate_id_verified_current</description>
      <ExtendedData>
        <Data name="platformId"><value>30865</value></Data>
        <Data name="observedAt"><value>2026-08-26T07:52:58.500Z</value></Data>
        <Data name="locationQuality"><value>baseline_coordinate_id_verified_current</value></Data>
      </ExtendedData>
      <Point><coordinates>77.3344357132503,28.641528985627016,0</coordinates></Point>
    </Placemark>
    <Placemark>
      <name>Blinkit 30881</name>
      <description>Hyderabad · Telangana · baseline_coordinate_id_verified_current</description>
      <ExtendedData>
        <Data name="platformId"><value>30881</value></Data>
        <Data name="observedAt"><value>2026-08-26T07:46:11.749Z</value></Data>
        <Data name="locationQuality"><value>baseline_coordinate_id_verified_current</value></Data>
      </ExtendedData>
      <Point><coordinates>78.4006372581408,17.39770407330219,0</coordinates></Point>
    </Placemark>
    <Placemark>
      <name>Blinkit 30900</name>
      <description>Delhi · Delhi · baseline_coordinate_id_verified_current</description>
      <ExtendedData>
        <Data name="platformId"><value>30900</value></Data>
        <Data name="observedAt"><value>2026-08-26T07:52:16.836Z</value></Data>
        <Data name="locationQuality"><value>baseline_coordinate_id_verified_current</value></Data>
      </ExtendedData>
      <Point><coordinates>77.30047168608992,28.537697845131156,0</coordinates></Point>
    </Placemark>
    <Placemark>
      <name>Blinkit 30908</name>
      <description>Delhi · Delhi · baseline_coordinate_id_verified_current</description>
      <ExtendedData>
        <Data name="platformId"><value>30908</value></Data>
        <Data name="observedAt"><value>2026-08-26T07:52:31.908Z</value></Data>
        <Data name="locationQuality"><value>baseline_coordinate_id_verified_current</value></Data>
      </ExtendedData>
      <Point><coordinates>77.22804322888074,28.573135437657204,0</coordinates></Point>
    </Placemark>
    <Placemark>
      <name>Blinkit 30912</name>
      <description>UP-NCR · Uttar Pradesh · baseline_coordinate_id_verified_current</description>
      <ExtendedData>
        <Data name="platformId"><value>30912</value></Data>
        <Data name="observedAt"><value>2026-08-26T07:52:47.324Z</value></Data>
        <Data name="locationQuality"><value>baseline_coordinate_id_verified_current</value></Data>
      </ExtendedData>
      <Point><coordinates>77.44076675276061,28.626581065756376,0</coordinates></Point>
    </Placemark>
    <Placemark>
      <name>Blinkit 30930</name>
      <description>Mumbai · Maharashtra · baseline_coordinate_id_verified_current</description>
      <ExtendedData>
        <Data name="platformId"><value>30930</value></Data>
        <Data name="observedAt"><value>2026-08-26T07:47:46.168Z</value></Data>
        <Data name="locationQuality"><value>baseline_coordinate_id_verified_current</value></Data>
      </ExtendedData>
      <Point><coordinates>72.84639930425688,19.22152841897233,0</coordinates></Point>
    </Placemark>
    <Placemark>
      <name>Blinkit 30940</name>
      <description>Delhi · Delhi · baseline_coordinate_id_verified_current</description>
      <ExtendedData>
        <Data name="platformId"><value>30940</value></Data>
        <Data name="observedAt"><value>2026-08-26T07:52:09.783Z</value></Data>
        <Data name="locationQuality"><value>baseline_coordinate_id_verified_current</value></Data>
      </ExtendedData>
      <Point><coordinates>77.2908035167763,28.5,0</coordinates></Point>
    </Placemark>
    <Placemark>
      <name>Blinkit 30942</name>
      <description>Delhi · Delhi · baseline_coordinate_id_verified_current</description>
      <ExtendedData>
        <Data name="platformId"><value>30942</value></Data>
        <Data name="observedAt"><value>2026-08-26T07:52:23.516Z</value></Data>
        <Data name="locationQuality"><value>baseline_coordinate_id_verified_current</value></Data>
      </ExtendedData>
      <Point><coordinates>77.24898560447464,28.555608078332735,0</coordinates></Point>
    </Placemark>
    <Placemark>
      <name>Blinkit 30987</name>
      <description>Delhi · Delhi · baseline_coordinate_id_verified_current</description>
      <ExtendedData>
        <Data name="platformId"><value>30987</value></Data>
        <Data name="observedAt"><value>2026-08-26T07:52:55.720Z</value></Data>
        <Data name="locationQuality"><value>baseline_coordinate_id_verified_current</value></Data>
      </ExtendedData>
      <Point><coordinates>77.1051005121936,28.642502305785122,0</coordinates></Point>
    </Placemark>
    <Placemark>
      <name>Blinkit 30995</name>
      <description>Bengaluru · Karnataka · baseline_coordinate_id_verified_current</description>
      <ExtendedData>
        <Data name="platformId"><value>30995</value></Data>
        <Data name="observedAt"><value>2026-08-26T07:45:15.453Z</value></Data>
        <Data name="locationQuality"><value>baseline_coordinate_id_verified_current</value></Data>
      </ExtendedData>
      <Point><coordinates>77.61350045750818,13.000911785842614,0</coordinates></Point>
    </Placemark>
    <Placemark>
      <name>Blinkit 31004</name>
      <description>HR-NCR · Haryana · baseline_coordinate_id_verified_current</description>
      <ExtendedData>
        <Data name="platformId"><value>31004</value></Data>
        <Data name="observedAt"><value>2026-08-26T07:51:43.533Z</value></Data>
        <Data name="locationQuality"><value>baseline_coordinate_id_verified_current</value></Data>
      </ExtendedData>
      <Point><coordinates>77.04547303090845,28.402256419331653,0</coordinates></Point>
    </Placemark>
    <Placemark>
      <name>Blinkit 31012</name>
      <description>Hyderabad · Telangana · baseline_coordinate_id_verified_current</description>
      <ExtendedData>
        <Data name="platformId"><value>31012</value></Data>
        <Data name="observedAt"><value>2026-08-26T07:46:24.435Z</value></Data>
        <Data name="locationQuality"><value>baseline_coordinate_id_verified_current</value></Data>
      </ExtendedData>
      <Point><coordinates>78.39369985041587,17.481513847646422,0</coordinates></Point>
    </Placemark>
    <Placemark>
      <name>Blinkit 31014</name>
      <description>HR-NCR · Haryana · baseline_coordinate_id_verified_current</description>
      <ExtendedData>
        <Data name="platformId"><value>31014</value></Data>
        <Data name="observedAt"><value>2026-08-26T07:54:38.225Z</value></Data>
        <Data name="locationQuality"><value>baseline_coordinate_id_verified_current</value></Data>
      </ExtendedData>
      <Point><coordinates>77.09089318203179,28.419350189363996,0</coordinates></Point>
    </Placemark>
    <Placemark>
      <name>Blinkit 31025</name>
      <description>Bengaluru · Karnataka · baseline_coordinate_id_verified_current</description>
      <ExtendedData>
        <Data name="platformId"><value>31025</value></Data>
        <Data name="observedAt"><value>2026-08-26T07:44:42.160Z</value></Data>
        <Data name="locationQuality"><value>baseline_coordinate_id_verified_current</value></Data>
      </ExtendedData>
      <Point><coordinates>77.65187005645909,12.851351,0</coordinates></Point>
    </Placemark>
    <Placemark>
      <name>Blinkit 31026</name>
      <description>Pune · Maharashtra · baseline_coordinate_id_verified_current</description>
      <ExtendedData>
        <Data name="platformId"><value>31026</value></Data>
        <Data name="observedAt"><value>2026-08-26T07:46:47.383Z</value></Data>
        <Data name="locationQuality"><value>baseline_coordinate_id_verified_current</value></Data>
      </ExtendedData>
      <Point><coordinates>73.76854383433324,18.51473121164211,0</coordinates></Point>
    </Placemark>
    <Placemark>
      <name>Blinkit 31033</name>
      <description>Bengaluru · Karnataka · baseline_coordinate_id_verified_current</description>
      <ExtendedData>
        <Data name="platformId"><value>31033</value></Data>
        <Data name="observedAt"><value>2026-08-26T07:44:39.548Z</value></Data>
        <Data name="locationQuality"><value>baseline_coordinate_id_verified_current</value></Data>
      </ExtendedData>
      <Point><coordinates>77.69935997458091,12.83592459719727,0</coordinates></Point>
    </Placemark>
    <Placemark>
      <name>Blinkit 31038</name>
      <description>Mumbai · Maharashtra · baseline_coordinate_id_verified_current</description>
      <ExtendedData>
        <Data name="platformId"><value>31038</value></Data>
        <Data name="observedAt"><value>2026-08-26T07:47:14.201Z</value></Data>
        <Data name="locationQuality"><value>baseline_coordinate_id_verified_current</value></Data>
      </ExtendedData>
      <Point><coordinates>73.0149376495373,19.02250759647862,0</coordinates></Point>
    </Placemark>
    <Placemark>
      <name>Blinkit 31045</name>
      <description>Delhi · Delhi · baseline_coordinate_id_verified_current</description>
      <ExtendedData>
        <Data name="platformId"><value>31045</value></Data>
        <Data name="observedAt"><value>2026-08-26T07:52:56.950Z</value></Data>
        <Data name="locationQuality"><value>baseline_coordinate_id_verified_current</value></Data>
      </ExtendedData>
      <Point><coordinates>77.17791798260859,28.6459765242544,0</coordinates></Point>
    </Placemark>
    <Placemark>
      <name>Blinkit 31058</name>
      <description>Hyderabad · Telangana · baseline_coordinate_id_verified_current</description>
      <ExtendedData>
        <Data name="platformId"><value>31058</value></Data>
        <Data name="observedAt"><value>2026-08-26T07:46:30.114Z</value></Data>
        <Data name="locationQuality"><value>baseline_coordinate_id_verified_current</value></Data>
      </ExtendedData>
      <Point><coordinates>78.39209648949071,17.531406266978085,0</coordinates></Point>
    </Placemark>
    <Placemark>
      <name>Blinkit 31084</name>
      <description>Delhi · Delhi · baseline_coordinate_id_verified_current</description>
      <ExtendedData>
        <Data name="platformId"><value>31084</value></Data>
        <Data name="observedAt"><value>2026-08-26T07:53:18.952Z</value></Data>
        <Data name="locationQuality"><value>baseline_coordinate_id_verified_current</value></Data>
      </ExtendedData>
      <Point><coordinates>77.19054455489469,28.70887439777219,0</coordinates></Point>
    </Placemark>
    <Placemark>
      <name>Blinkit 31086</name>
      <description>Delhi · Delhi · baseline_coordinate_id_verified_current</description>
      <ExtendedData>
        <Data name="platformId"><value>31086</value></Data>
        <Data name="observedAt"><value>2026-08-26T07:53:06.487Z</value></Data>
        <Data name="locationQuality"><value>baseline_coordinate_id_verified_current</value></Data>
      </ExtendedData>
      <Point><coordinates>77.12271521655482,28.67348412073302,0</coordinates></Point>
    </Placemark>
    <Placemark>
      <name>Blinkit 31102</name>
      <description>Mumbai · Maharashtra · baseline_coordinate_id_verified_current</description>
      <ExtendedData>
        <Data name="platformId"><value>31102</value></Data>
        <Data name="observedAt"><value>2026-08-26T07:47:09.171Z</value></Data>
        <Data name="locationQuality"><value>baseline_coordinate_id_verified_current</value></Data>
      </ExtendedData>
      <Point><coordinates>72.82618751343058,18.943224566295363,0</coordinates></Point>
    </Placemark>
    <Placemark>
      <name>Blinkit 31108</name>
      <description>Bengaluru · Karnataka · baseline_coordinate_id_verified_current</description>
      <ExtendedData>
        <Data name="platformId"><value>31108</value></Data>
        <Data name="observedAt"><value>2026-08-26T07:54:31.094Z</value></Data>
        <Data name="locationQuality"><value>baseline_coordinate_id_verified_current</value></Data>
      </ExtendedData>
      <Point><coordinates>77.57601319246776,12.87074684656845,0</coordinates></Point>
    </Placemark>
    <Placemark>
      <name>Blinkit 31118</name>
      <description>UP-NCR · Uttar Pradesh · baseline_coordinate_id_verified_current</description>
      <ExtendedData>
        <Data name="platformId"><value>31118</value></Data>
        <Data name="observedAt"><value>2026-08-26T07:52:59.422Z</value></Data>
        <Data name="locationQuality"><value>baseline_coordinate_id_verified_current</value></Data>
      </ExtendedData>
      <Point><coordinates>77.32817001499895,28.66422811570248,0</coordinates></Point>
    </Placemark>
    <Placemark>
      <name>Blinkit 31178</name>
      <description>Delhi · Delhi · baseline_coordinate_id_verified_current</description>
      <ExtendedData>
        <Data name="platformId"><value>31178</value></Data>
        <Data name="observedAt"><value>2026-08-26T07:52:18.427Z</value></Data>
        <Data name="locationQuality"><value>baseline_coordinate_id_verified_current</value></Data>
      </ExtendedData>
      <Point><coordinates>77.12920236826564,28.540972189364,0</coordinates></Point>
    </Placemark>
    <Placemark>
      <name>Blinkit 31214</name>
      <description>Pune · Maharashtra · baseline_coordinate_id_verified_current</description>
      <ExtendedData>
        <Data name="platformId"><value>31214</value></Data>
        <Data name="observedAt"><value>2026-08-26T07:46:39.488Z</value></Data>
        <Data name="locationQuality"><value>baseline_coordinate_id_verified_current</value></Data>
      </ExtendedData>
      <Point><coordinates>73.83707963006026,18.447818978799855,0</coordinates></Point>
    </Placemark>
    <Placemark>
      <name>Blinkit 31225</name>
      <description>Mumbai · Maharashtra · baseline_coordinate_id_verified_current</description>
      <ExtendedData>
        <Data name="platformId"><value>31225</value></Data>
        <Data name="observedAt"><value>2026-08-26T07:47:26.154Z</value></Data>
        <Data name="locationQuality"><value>baseline_coordinate_id_verified_current</value></Data>
      </ExtendedData>
      <Point><coordinates>72.90517204824128,19.118493419331653,0</coordinates></Point>
    </Placemark>
    <Placemark>
      <name>Blinkit 31237</name>
      <description>Hyderabad · Telangana · baseline_coordinate_id_verified_current</description>
      <ExtendedData>
        <Data name="platformId"><value>31237</value></Data>
        <Data name="observedAt"><value>2026-08-26T07:46:13.495Z</value></Data>
        <Data name="locationQuality"><value>baseline_coordinate_id_verified_current</value></Data>
      </ExtendedData>
      <Point><coordinates>78.47771427535118,17.402247436219906,0</coordinates></Point>
    </Placemark>
    <Placemark>
      <name>Blinkit 31244</name>
      <description>Bengaluru · Karnataka · baseline_coordinate_id_verified_current</description>
      <ExtendedData>
        <Data name="platformId"><value>31244</value></Data>
        <Data name="observedAt"><value>2026-08-26T07:45:28.510Z</value></Data>
        <Data name="locationQuality"><value>baseline_coordinate_id_verified_current</value></Data>
      </ExtendedData>
      <Point><coordinates>77.76224902415201,13.029381883578871,0</coordinates></Point>
    </Placemark>
    <Placemark>
      <name>Blinkit 31245</name>
      <description>Delhi · Delhi · baseline_coordinate_id_verified_current</description>
      <ExtendedData>
        <Data name="platformId"><value>31245</value></Data>
        <Data name="observedAt"><value>2026-08-26T07:53:03.799Z</value></Data>
        <Data name="locationQuality"><value>baseline_coordinate_id_verified_current</value></Data>
      </ExtendedData>
      <Point><coordinates>77.1601494020788,28.650760390226374,0</coordinates></Point>
    </Placemark>
    <Placemark>
      <name>Blinkit 31250</name>
      <description>Bengaluru · Karnataka · baseline_coordinate_id_verified_current</description>
      <ExtendedData>
        <Data name="platformId"><value>31250</value></Data>
        <Data name="observedAt"><value>2026-08-26T07:44:46.264Z</value></Data>
        <Data name="locationQuality"><value>baseline_coordinate_id_verified_current</value></Data>
      </ExtendedData>
      <Point><coordinates>77.67232743414621,12.884288887531442,0</coordinates></Point>
    </Placemark>
    <Placemark>
      <name>Blinkit 31252</name>
      <description>Faridabad · Haryana · baseline_coordinate_id_verified_current</description>
      <ExtendedData>
        <Data name="platformId"><value>31252</value></Data>
        <Data name="observedAt"><value>2026-08-26T07:51:41.559Z</value></Data>
        <Data name="locationQuality"><value>baseline_coordinate_id_verified_current</value></Data>
      </ExtendedData>
      <Point><coordinates>77.30553920085794,28.39463184908372,0</coordinates></Point>
    </Placemark>
    <Placemark>
      <name>Blinkit 31260</name>
      <description>Delhi · Delhi · baseline_coordinate_id_verified_current</description>
      <ExtendedData>
        <Data name="platformId"><value>31260</value></Data>
        <Data name="observedAt"><value>2026-08-26T07:52:39.936Z</value></Data>
        <Data name="locationQuality"><value>baseline_coordinate_id_verified_current</value></Data>
      </ExtendedData>
      <Point><coordinates>77.3302419831789,28.61232107941071,0</coordinates></Point>
    </Placemark>
    <Placemark>
      <name>Blinkit 31267</name>
      <description>Mumbai · Maharashtra · baseline_coordinate_id_verified_current</description>
      <ExtendedData>
        <Data name="platformId"><value>31267</value></Data>
        <Data name="observedAt"><value>2026-08-26T07:47:18.932Z</value></Data>
        <Data name="locationQuality"><value>baseline_coordinate_id_verified_current</value></Data>
      </ExtendedData>
      <Point><coordinates>73.0811516728471,19.052181021200145,0</coordinates></Point>
    </Placemark>
    <Placemark>
      <name>Blinkit 31277</name>
      <description>Bengaluru · Karnataka · baseline_coordinate_id_verified_current</description>
      <ExtendedData>
        <Data name="platformId"><value>31277</value></Data>
        <Data name="observedAt"><value>2026-08-26T07:45:12.025Z</value></Data>
        <Data name="locationQuality"><value>baseline_coordinate_id_verified_current</value></Data>
      </ExtendedData>
      <Point><coordinates>77.55256558755872,13,0</coordinates></Point>
    </Placemark>
    <Placemark>
      <name>Blinkit 31287</name>
      <description>Mumbai · Maharashtra · baseline_coordinate_id_verified_current</description>
      <ExtendedData>
        <Data name="platformId"><value>31287</value></Data>
        <Data name="observedAt"><value>2026-08-26T07:47:35.927Z</value></Data>
        <Data name="locationQuality"><value>baseline_coordinate_id_verified_current</value></Data>
      </ExtendedData>
      <Point><coordinates>72.9377499749694,19.162427001796623,0</coordinates></Point>
    </Placemark>
    <Placemark>
      <name>Blinkit 31298</name>
      <description>Pune · Maharashtra · baseline_coordinate_id_verified_current</description>
      <ExtendedData>
        <Data name="platformId"><value>31298</value></Data>
        <Data name="observedAt"><value>2026-08-26T07:46:59.872Z</value></Data>
        <Data name="locationQuality"><value>baseline_coordinate_id_verified_current</value></Data>
      </ExtendedData>
      <Point><coordinates>73.75590413106038,18.603674930470717,0</coordinates></Point>
    </Placemark>
    <Placemark>
      <name>Blinkit 31304</name>
      <description>Bengaluru · Karnataka · baseline_coordinate_id_verified_current</description>
      <ExtendedData>
        <Data name="platformId"><value>31304</value></Data>
        <Data name="observedAt"><value>2026-08-26T07:44:53.076Z</value></Data>
        <Data name="locationQuality"><value>baseline_coordinate_id_verified_current</value></Data>
      </ExtendedData>
      <Point><coordinates>77.67630824335264,12.908499681997844,0</coordinates></Point>
    </Placemark>
    <Placemark>
      <name>Blinkit 31306</name>
      <description>Faridabad · Haryana · baseline_coordinate_id_verified_current</description>
      <ExtendedData>
        <Data name="platformId"><value>31306</value></Data>
        <Data name="observedAt"><value>2026-08-26T07:51:47.168Z</value></Data>
        <Data name="locationQuality"><value>baseline_coordinate_id_verified_current</value></Data>
      </ExtendedData>
      <Point><coordinates>77.28613324336966,28.41796679015451,0</coordinates></Point>
    </Placemark>
    <Placemark>
      <name>Blinkit 31307</name>
      <description>HR-NCR · Haryana · baseline_coordinate_id_verified_current</description>
      <ExtendedData>
        <Data name="platformId"><value>31307</value></Data>
        <Data name="observedAt"><value>2026-08-26T07:51:38.431Z</value></Data>
        <Data name="locationQuality"><value>baseline_coordinate_id_verified_current</value></Data>
      </ExtendedData>
      <Point><coordinates>76.963498,28.38066760186849,0</coordinates></Point>
    </Placemark>
    <Placemark>
      <name>Blinkit 31320</name>
      <description>Bengaluru · Karnataka · baseline_coordinate_id_verified_current</description>
      <ExtendedData>
        <Data name="platformId"><value>31320</value></Data>
        <Data name="observedAt"><value>2026-08-26T07:45:17.411Z</value></Data>
        <Data name="locationQuality"><value>baseline_coordinate_id_verified_current</value></Data>
      </ExtendedData>
      <Point><coordinates>77.71435447287257,12.999061264822135,0</coordinates></Point>
    </Placemark>
    <Placemark>
      <name>Blinkit 31322</name>
      <description>Delhi · Delhi · baseline_coordinate_id_verified_current</description>
      <ExtendedData>
        <Data name="platformId"><value>31322</value></Data>
        <Data name="observedAt"><value>2026-08-26T07:53:04.693Z</value></Data>
        <Data name="locationQuality"><value>baseline_coordinate_id_verified_current</value></Data>
      </ExtendedData>
      <Point><coordinates>77.28985637899164,28.657854597915914,0</coordinates></Point>
    </Placemark>
    <Placemark>
      <name>Blinkit 31348</name>
      <description>Delhi · Delhi · baseline_coordinate_id_verified_current</description>
      <ExtendedData>
        <Data name="platformId"><value>31348</value></Data>
        <Data name="observedAt"><value>2026-08-26T07:53:13.514Z</value></Data>
        <Data name="locationQuality"><value>baseline_coordinate_id_verified_current</value></Data>
      </ExtendedData>
      <Point><coordinates>77.11587354446263,28.70371809162774,0</coordinates></Point>
    </Placemark>
    <Placemark>
      <name>Blinkit 31357</name>
      <description>HR-NCR · Haryana · baseline_coordinate_id_verified_current</description>
      <ExtendedData>
        <Data name="platformId"><value>31357</value></Data>
        <Data name="observedAt"><value>2026-08-26T07:51:56.249Z</value></Data>
        <Data name="locationQuality"><value>baseline_coordinate_id_verified_current</value></Data>
      </ExtendedData>
      <Point><coordinates>77.04133279908936,28.460923247215234,0</coordinates></Point>
    </Placemark>
    <Placemark>
      <name>Blinkit 31364</name>
      <description>Pune · Maharashtra · baseline_coordinate_id_verified_current</description>
      <ExtendedData>
        <Data name="platformId"><value>31364</value></Data>
        <Data name="observedAt"><value>2026-08-26T07:46:59.195Z</value></Data>
        <Data name="locationQuality"><value>baseline_coordinate_id_verified_current</value></Data>
      </ExtendedData>
      <Point><coordinates>73.9944195821333,18.58862010779734,0</coordinates></Point>
    </Placemark>
    <Placemark>
      <name>Blinkit 31372</name>
      <description>Delhi · Delhi · baseline_coordinate_id_verified_current</description>
      <ExtendedData>
        <Data name="platformId"><value>31372</value></Data>
        <Data name="observedAt"><value>2026-08-26T07:52:51.285Z</value></Data>
        <Data name="locationQuality"><value>baseline_coordinate_id_verified_current</value></Data>
      </ExtendedData>
      <Point><coordinates>77.28292340893114,28.64123228710025,0</coordinates></Point>
    </Placemark>
    <Placemark>
      <name>Blinkit 31377</name>
      <description>UP-NCR · Uttar Pradesh · baseline_coordinate_id_verified_current</description>
      <ExtendedData>
        <Data name="platformId"><value>31377</value></Data>
        <Data name="observedAt"><value>2026-08-26T07:52:41.820Z</value></Data>
        <Data name="locationQuality"><value>baseline_coordinate_id_verified_current</value></Data>
      </ExtendedData>
      <Point><coordinates>77.45528547398544,28.61488017463169,0</coordinates></Point>
    </Placemark>
    <Placemark>
      <name>Blinkit 31392</name>
      <description>UP-NCR · Uttar Pradesh · baseline_coordinate_id_verified_current</description>
      <ExtendedData>
        <Data name="platformId"><value>31392</value></Data>
        <Data name="observedAt"><value>2026-08-26T07:53:00.314Z</value></Data>
        <Data name="locationQuality"><value>baseline_coordinate_id_verified_current</value></Data>
      </ExtendedData>
      <Point><coordinates>77.46133428933204,28.663311838303986,0</coordinates></Point>
    </Placemark>
    <Placemark>
      <name>Blinkit 31394</name>
      <description>Faridabad · Haryana · baseline_coordinate_id_verified_current</description>
      <ExtendedData>
        <Data name="platformId"><value>31394</value></Data>
        <Data name="observedAt"><value>2026-08-26T07:52:01.803Z</value></Data>
        <Data name="locationQuality"><value>baseline_coordinate_id_verified_current</value></Data>
      </ExtendedData>
      <Point><coordinates>77.29651065162851,28.47329190046712,0</coordinates></Point>
    </Placemark>
    <Placemark>
      <name>Blinkit 31398</name>
      <description>HR-NCR · Haryana · baseline_coordinate_id_verified_current</description>
      <ExtendedData>
        <Data name="platformId"><value>31398</value></Data>
        <Data name="observedAt"><value>2026-08-26T07:51:59.127Z</value></Data>
        <Data name="locationQuality"><value>baseline_coordinate_id_verified_current</value></Data>
      </ExtendedData>
      <Point><coordinates>77.04482062144794,28.4704442540424,0</coordinates></Point>
    </Placemark>
    <Placemark>
      <name>Blinkit 31434</name>
      <description>Bengaluru · Karnataka · baseline_coordinate_id_verified_current</description>
      <ExtendedData>
        <Data name="platformId"><value>31434</value></Data>
        <Data name="observedAt"><value>2026-08-26T07:45:12.604Z</value></Data>
        <Data name="locationQuality"><value>baseline_coordinate_id_verified_current</value></Data>
      </ExtendedData>
      <Point><coordinates>77.66707203002179,12.995035800125764,0</coordinates></Point>
    </Placemark>
    <Placemark>
      <name>Blinkit 31445</name>
      <description>Pune · Maharashtra · baseline_coordinate_id_verified_current</description>
      <ExtendedData>
        <Data name="platformId"><value>31445</value></Data>
        <Data name="observedAt"><value>2026-08-26T07:46:56.928Z</value></Data>
        <Data name="locationQuality"><value>baseline_coordinate_id_verified_current</value></Data>
      </ExtendedData>
      <Point><coordinates>73.94895610706058,18.561999562342795,0</coordinates></Point>
    </Placemark>
    <Placemark>
      <name>Blinkit 31446</name>
      <description>UP-NCR · Uttar Pradesh · baseline_coordinate_id_verified_current</description>
      <ExtendedData>
        <Data name="platformId"><value>31446</value></Data>
        <Data name="observedAt"><value>2026-08-26T07:52:21.818Z</value></Data>
        <Data name="locationQuality"><value>baseline_coordinate_id_verified_current</value></Data>
      </ExtendedData>
      <Point><coordinates>77.36987407354499,28.540541,0</coordinates></Point>
    </Placemark>
    <Placemark>
      <name>Blinkit 31454</name>
      <description>Faridabad · Haryana · baseline_coordinate_id_verified_current</description>
      <ExtendedData>
        <Data name="platformId"><value>31454</value></Data>
        <Data name="observedAt"><value>2026-08-26T07:52:02.944Z</value></Data>
        <Data name="locationQuality"><value>baseline_coordinate_id_verified_current</value></Data>
      </ExtendedData>
      <Point><coordinates>77.30798899620967,28.479265669780812,0</coordinates></Point>
    </Placemark>
    <Placemark>
      <name>Blinkit 31462</name>
      <description>Bengaluru · Karnataka · baseline_coordinate_id_verified_current</description>
      <ExtendedData>
        <Data name="platformId"><value>31462</value></Data>
        <Data name="observedAt"><value>2026-08-26T07:44:45.065Z</value></Data>
        <Data name="locationQuality"><value>baseline_coordinate_id_verified_current</value></Data>
      </ExtendedData>
      <Point><coordinates>77.6168505810143,12.871429563061444,0</coordinates></Point>
    </Placemark>
    <Placemark>
      <name>Blinkit 31466</name>
      <description>Pune · Maharashtra · baseline_coordinate_id_verified_current</description>
      <ExtendedData>
        <Data name="platformId"><value>31466</value></Data>
        <Data name="observedAt"><value>2026-08-26T07:47:22.736Z</value></Data>
        <Data name="locationQuality"><value>baseline_coordinate_id_verified_current</value></Data>
      </ExtendedData>
      <Point><coordinates>73.91397351463988,18.565160526051027,0</coordinates></Point>
    </Placemark>
    <Placemark>
      <name>Blinkit 31486</name>
      <description>Pune · Maharashtra · baseline_coordinate_id_verified_current</description>
      <ExtendedData>
        <Data name="platformId"><value>31486</value></Data>
        <Data name="observedAt"><value>2026-08-26T07:46:54.173Z</value></Data>
        <Data name="locationQuality"><value>baseline_coordinate_id_verified_current</value></Data>
      </ExtendedData>
      <Point><coordinates>73.771618,18.554512138699245,0</coordinates></Point>
    </Placemark>
    <Placemark>
      <name>Blinkit 31494</name>
      <description>Delhi · Delhi · baseline_coordinate_id_verified_current</description>
      <ExtendedData>
        <Data name="platformId"><value>31494</value></Data>
        <Data name="observedAt"><value>2026-08-26T07:54:48.499Z</value></Data>
        <Data name="locationQuality"><value>baseline_coordinate_id_verified_current</value></Data>
      </ExtendedData>
      <Point><coordinates>77.20561822137296,28.55777749982034,0</coordinates></Point>
    </Placemark>
    <Placemark>
      <name>Blinkit 31498</name>
      <description>UP-NCR · Uttar Pradesh · baseline_coordinate_id_verified_current</description>
      <ExtendedData>
        <Data name="platformId"><value>31498</value></Data>
        <Data name="observedAt"><value>2026-08-26T07:52:52.895Z</value></Data>
        <Data name="locationQuality"><value>baseline_coordinate_id_verified_current</value></Data>
      </ExtendedData>
      <Point><coordinates>77.37421925924035,28.641783160258715,0</coordinates></Point>
    </Placemark>
    <Placemark>
      <name>Blinkit 31514</name>
      <description>Hyderabad · Telangana · baseline_coordinate_id_verified_current</description>
      <ExtendedData>
        <Data name="platformId"><value>31514</value></Data>
        <Data name="observedAt"><value>2026-08-26T07:46:21.943Z</value></Data>
        <Data name="locationQuality"><value>baseline_coordinate_id_verified_current</value></Data>
      </ExtendedData>
      <Point><coordinates>78.35511072522272,17.46944712863816,0</coordinates></Point>
    </Placemark>
    <Placemark>
      <name>Blinkit 31522</name>
      <description>UP-NCR · Uttar Pradesh · baseline_coordinate_id_verified_current</description>
      <ExtendedData>
        <Data name="platformId"><value>31522</value></Data>
        <Data name="observedAt"><value>2026-08-26T07:53:12.282Z</value></Data>
        <Data name="locationQuality"><value>baseline_coordinate_id_verified_current</value></Data>
      </ExtendedData>
      <Point><coordinates>77.41850712570103,28.699940693136906,0</coordinates></Point>
    </Placemark>
    <Placemark>
      <name>Blinkit 31530</name>
      <description>Bengaluru · Karnataka · baseline_coordinate_id_verified_current</description>
      <ExtendedData>
        <Data name="platformId"><value>31530</value></Data>
        <Data name="observedAt"><value>2026-08-26T07:54:31.855Z</value></Data>
        <Data name="locationQuality"><value>baseline_coordinate_id_verified_current</value></Data>
      </ExtendedData>
      <Point><coordinates>77.63538134512687,12.91512812684154,0</coordinates></Point>
    </Placemark>
    <Placemark>
      <name>Blinkit 31532</name>
      <description>Bengaluru · Karnataka · baseline_coordinate_id_verified_current</description>
      <ExtendedData>
        <Data name="platformId"><value>31532</value></Data>
        <Data name="observedAt"><value>2026-08-26T07:44:54.825Z</value></Data>
        <Data name="locationQuality"><value>baseline_coordinate_id_verified_current</value></Data>
      </ExtendedData>
      <Point><coordinates>77.58947667065661,12.926078540064678,0</coordinates></Point>
    </Placemark>
    <Placemark>
      <name>Blinkit 31547</name>
      <description>Mumbai · Maharashtra · baseline_coordinate_id_verified_current</description>
      <ExtendedData>
        <Data name="platformId"><value>31547</value></Data>
        <Data name="observedAt"><value>2026-08-26T07:48:29.103Z</value></Data>
        <Data name="locationQuality"><value>baseline_coordinate_id_verified_current</value></Data>
      </ExtendedData>
      <Point><coordinates>72.99873095532573,19.102951693855555,0</coordinates></Point>
    </Placemark>
    <Placemark>
      <name>Blinkit 31552</name>
      <description>HR-NCR · Haryana · baseline_coordinate_id_verified_current</description>
      <ExtendedData>
        <Data name="platformId"><value>31552</value></Data>
        <Data name="observedAt"><value>2026-08-26T07:51:56.630Z</value></Data>
        <Data name="locationQuality"><value>baseline_coordinate_id_verified_current</value></Data>
      </ExtendedData>
      <Point><coordinates>76.96222059242463,28.474895385914483,0</coordinates></Point>
    </Placemark>
    <Placemark>
      <name>Blinkit 31589</name>
      <description>Delhi · Delhi · baseline_coordinate_id_verified_current</description>
      <ExtendedData>
        <Data name="platformId"><value>31589</value></Data>
        <Data name="observedAt"><value>2026-08-26T07:52:49.450Z</value></Data>
        <Data name="locationQuality"><value>baseline_coordinate_id_verified_current</value></Data>
      </ExtendedData>
      <Point><coordinates>77.0573199988581,28.62242688681279,0</coordinates></Point>
    </Placemark>
    <Placemark>
      <name>Blinkit 31606</name>
      <description>Delhi · Delhi · baseline_coordinate_id_verified_current</description>
      <ExtendedData>
        <Data name="platformId"><value>31606</value></Data>
        <Data name="observedAt"><value>2026-08-26T07:52:23.169Z</value></Data>
        <Data name="locationQuality"><value>baseline_coordinate_id_verified_current</value></Data>
      </ExtendedData>
      <Point><coordinates>77.20496861873157,28.55099974200503,0</coordinates></Point>
    </Placemark>
    <Placemark>
      <name>Blinkit 31645</name>
      <description>Delhi · Delhi · baseline_coordinate_id_verified_current</description>
      <ExtendedData>
        <Data name="platformId"><value>31645</value></Data>
        <Data name="observedAt"><value>2026-08-26T07:54:48.742Z</value></Data>
        <Data name="locationQuality"><value>baseline_coordinate_id_verified_current</value></Data>
      </ExtendedData>
      <Point><coordinates>77.17641352762145,28.574269401365434,0</coordinates></Point>
    </Placemark>
    <Placemark>
      <name>Blinkit 31648</name>
      <description>Delhi · Delhi · baseline_coordinate_id_verified_current</description>
      <ExtendedData>
        <Data name="platformId"><value>31648</value></Data>
        <Data name="observedAt"><value>2026-08-26T07:53:11.585Z</value></Data>
        <Data name="locationQuality"><value>baseline_coordinate_id_verified_current</value></Data>
      </ExtendedData>
      <Point><coordinates>77.31001596026347,28.695378363995687,0</coordinates></Point>
    </Placemark>
    <Placemark>
      <name>Blinkit 31717</name>
      <description>HR-NCR · Haryana · baseline_coordinate_id_verified_current</description>
      <ExtendedData>
        <Data name="platformId"><value>31717</value></Data>
        <Data name="observedAt"><value>2026-08-26T07:51:49.012Z</value></Data>
        <Data name="locationQuality"><value>baseline_coordinate_id_verified_current</value></Data>
      </ExtendedData>
      <Point><coordinates>77.04559443888944,28.426559136543297,0</coordinates></Point>
    </Placemark>
    <Placemark>
      <name>Blinkit 31719</name>
      <description>HR-NCR · Haryana · baseline_coordinate_id_verified_current</description>
      <ExtendedData>
        <Data name="platformId"><value>31719</value></Data>
        <Data name="observedAt"><value>2026-08-26T07:51:46.275Z</value></Data>
        <Data name="locationQuality"><value>baseline_coordinate_id_verified_current</value></Data>
      </ExtendedData>
      <Point><coordinates>77.07255412312641,28.41321132411067,0</coordinates></Point>
    </Placemark>
    <Placemark>
      <name>Blinkit 31967</name>
      <description>HR-NCR · Haryana · baseline_coordinate_id_verified_current</description>
      <ExtendedData>
        <Data name="platformId"><value>31967</value></Data>
        <Data name="observedAt"><value>2026-08-26T07:51:51.021Z</value></Data>
        <Data name="locationQuality"><value>baseline_coordinate_id_verified_current</value></Data>
      </ExtendedData>
      <Point><coordinates>77.07266760659031,28.437224490118577,0</coordinates></Point>
    </Placemark>
    <Placemark>
      <name>Blinkit 32036</name>
      <description>Delhi · Delhi · baseline_coordinate_id_verified_current</description>
      <ExtendedData>
        <Data name="platformId"><value>32036</value></Data>
        <Data name="observedAt"><value>2026-08-26T07:53:16.577Z</value></Data>
        <Data name="locationQuality"><value>baseline_coordinate_id_verified_current</value></Data>
      </ExtendedData>
      <Point><coordinates>77.07955921802034,28.722185277757816,0</coordinates></Point>
    </Placemark>
    <Placemark>
      <name>Blinkit 32038</name>
      <description>Delhi · Delhi · baseline_coordinate_id_verified_current</description>
      <ExtendedData>
        <Data name="platformId"><value>32038</value></Data>
        <Data name="observedAt"><value>2026-08-26T07:52:48.819Z</value></Data>
        <Data name="locationQuality"><value>baseline_coordinate_id_verified_current</value></Data>
      </ExtendedData>
      <Point><coordinates>77.07565523314067,28.629339770032338,0</coordinates></Point>
    </Placemark>
    <Placemark>
      <name>Blinkit 32072</name>
      <description>Mumbai · Maharashtra · baseline_coordinate_id_verified_current</description>
      <ExtendedData>
        <Data name="platformId"><value>32072</value></Data>
        <Data name="observedAt"><value>2026-08-26T07:47:37.235Z</value></Data>
        <Data name="locationQuality"><value>baseline_coordinate_id_verified_current</value></Data>
      </ExtendedData>
      <Point><coordinates>73.072028,19.1645649823931,0</coordinates></Point>
    </Placemark>
    <Placemark>
      <name>Blinkit 32398</name>
      <description>Pune · Maharashtra · baseline_coordinate_id_verified_current</description>
      <ExtendedData>
        <Data name="platformId"><value>32398</value></Data>
        <Data name="observedAt"><value>2026-08-26T07:46:50.541Z</value></Data>
        <Data name="locationQuality"><value>baseline_coordinate_id_verified_current</value></Data>
      </ExtendedData>
      <Point><coordinates>73.87647017250397,18.53204746784046,0</coordinates></Point>
    </Placemark>
    <Placemark>
      <name>Blinkit 32571</name>
      <description>Faridabad · Haryana · baseline_coordinate_id_verified_current</description>
      <ExtendedData>
        <Data name="platformId"><value>32571</value></Data>
        <Data name="observedAt"><value>2026-08-26T07:51:41.266Z</value></Data>
        <Data name="locationQuality"><value>baseline_coordinate_id_verified_current</value></Data>
      </ExtendedData>
      <Point><coordinates>77.34711549313462,28.40445149748473,0</coordinates></Point>
    </Placemark>
    <Placemark>
      <name>Blinkit 32607</name>
      <description>Delhi · Delhi · baseline_coordinate_id_verified_current</description>
      <ExtendedData>
        <Data name="platformId"><value>32607</value></Data>
        <Data name="observedAt"><value>2026-08-26T07:52:00.441Z</value></Data>
        <Data name="locationQuality"><value>baseline_coordinate_id_verified_current</value></Data>
      </ExtendedData>
      <Point><coordinates>77.18487970394307,28.495024447718286,0</coordinates></Point>
    </Placemark>
    <Placemark>
      <name>Blinkit 32611</name>
      <description>UP-NCR · Uttar Pradesh · baseline_coordinate_id_verified_current</description>
      <ExtendedData>
        <Data name="platformId"><value>32611</value></Data>
        <Data name="observedAt"><value>2026-08-26T07:52:34.089Z</value></Data>
        <Data name="locationQuality"><value>baseline_coordinate_id_verified_current</value></Data>
      </ExtendedData>
      <Point><coordinates>77.43875790254796,28.575951643190802,0</coordinates></Point>
    </Placemark>
    <Placemark>
      <name>Blinkit 32647</name>
      <description>UP-NCR · Uttar Pradesh · baseline_coordinate_id_verified_current</description>
      <ExtendedData>
        <Data name="platformId"><value>32647</value></Data>
        <Data name="observedAt"><value>2026-08-26T07:52:43.648Z</value></Data>
        <Data name="locationQuality"><value>baseline_coordinate_id_verified_current</value></Data>
      </ExtendedData>
      <Point><coordinates>77.44820040415765,28.599285307222424,0</coordinates></Point>
    </Placemark>
    <Placemark>
      <name>Blinkit 32681</name>
      <description>Delhi · Delhi · baseline_coordinate_id_verified_current</description>
      <ExtendedData>
        <Data name="platformId"><value>32681</value></Data>
        <Data name="observedAt"><value>2026-08-26T07:52:13.236Z</value></Data>
        <Data name="locationQuality"><value>baseline_coordinate_id_verified_current</value></Data>
      </ExtendedData>
      <Point><coordinates>77.16418134808553,28.519851585339563,0</coordinates></Point>
    </Placemark>
    <Placemark>
      <name>Blinkit 32748</name>
      <description>Delhi · Delhi · baseline_coordinate_id_verified_current</description>
      <ExtendedData>
        <Data name="platformId"><value>32748</value></Data>
        <Data name="observedAt"><value>2026-08-26T07:52:31.269Z</value></Data>
        <Data name="locationQuality"><value>baseline_coordinate_id_verified_current</value></Data>
      </ExtendedData>
      <Point><coordinates>77.06813072828162,28.587404019044197,0</coordinates></Point>
    </Placemark>
    <Placemark>
      <name>Blinkit 32750</name>
      <description>UP-NCR · Uttar Pradesh · baseline_coordinate_id_verified_current</description>
      <ExtendedData>
        <Data name="platformId"><value>32750</value></Data>
        <Data name="observedAt"><value>2026-08-26T07:52:55.045Z</value></Data>
        <Data name="locationQuality"><value>baseline_coordinate_id_verified_current</value></Data>
      </ExtendedData>
      <Point><coordinates>77.44272617994204,28.62815272224218,0</coordinates></Point>
    </Placemark>
    <Placemark>
      <name>Blinkit 32819</name>
      <description>HR-NCR · Haryana · baseline_coordinate_id_verified_current</description>
      <ExtendedData>
        <Data name="platformId"><value>32819</value></Data>
        <Data name="observedAt"><value>2026-08-26T07:51:50.404Z</value></Data>
        <Data name="locationQuality"><value>baseline_coordinate_id_verified_current</value></Data>
      </ExtendedData>
      <Point><coordinates>77.094671,28.44220902551204,0</coordinates></Point>
    </Placemark>
    <Placemark>
      <name>Blinkit 33027</name>
      <description>HR-NCR · Haryana · baseline_coordinate_id_verified_current</description>
      <ExtendedData>
        <Data name="platformId"><value>33027</value></Data>
        <Data name="observedAt"><value>2026-08-26T07:51:49.371Z</value></Data>
        <Data name="locationQuality"><value>baseline_coordinate_id_verified_current</value></Data>
      </ExtendedData>
      <Point><coordinates>77.00073547993635,28.449597634926338,0</coordinates></Point>
    </Placemark>
    <Placemark>
      <name>Blinkit 33099</name>
      <description>UP-NCR · Uttar Pradesh · baseline_coordinate_id_verified_current</description>
      <ExtendedData>
        <Data name="platformId"><value>33099</value></Data>
        <Data name="observedAt"><value>2026-08-26T07:52:17.181Z</value></Data>
        <Data name="locationQuality"><value>baseline_coordinate_id_verified_current</value></Data>
      </ExtendedData>
      <Point><coordinates>77.36687430145516,28.523793079770034,0</coordinates></Point>
    </Placemark>
    <Placemark>
      <name>Blinkit 33135</name>
      <description>Hyderabad · Telangana · baseline_coordinate_id_verified_current</description>
      <ExtendedData>
        <Data name="platformId"><value>33135</value></Data>
        <Data name="observedAt"><value>2026-08-26T07:46:12.332Z</value></Data>
        <Data name="locationQuality"><value>baseline_coordinate_id_verified_current</value></Data>
      </ExtendedData>
      <Point><coordinates>78.57520576136048,17.401088614804166,0</coordinates></Point>
    </Placemark>
    <Placemark>
      <name>Blinkit 33243</name>
      <description>HR-NCR · Haryana · baseline_coordinate_id_verified_current</description>
      <ExtendedData>
        <Data name="platformId"><value>33243</value></Data>
        <Data name="observedAt"><value>2026-08-26T07:51:42.723Z</value></Data>
        <Data name="locationQuality"><value>baseline_coordinate_id_verified_current</value></Data>
      </ExtendedData>
      <Point><coordinates>76.960812084203,28.40244955623428,0</coordinates></Point>
    </Placemark>
    <Placemark>
      <name>Blinkit 33313</name>
      <description>Mumbai · Maharashtra · baseline_coordinate_id_verified_current</description>
      <ExtendedData>
        <Data name="platformId"><value>33313</value></Data>
        <Data name="observedAt"><value>2026-08-26T07:47:47.722Z</value></Data>
        <Data name="locationQuality"><value>baseline_coordinate_id_verified_current</value></Data>
      </ExtendedData>
      <Point><coordinates>72.86512170335014,19.252750532159542,0</coordinates></Point>
    </Placemark>
    <Placemark>
      <name>Blinkit 33315</name>
      <description>HR-NCR · Haryana · baseline_coordinate_id_verified_current</description>
      <ExtendedData>
        <Data name="platformId"><value>33315</value></Data>
        <Data name="observedAt"><value>2026-08-26T07:51:59.391Z</value></Data>
        <Data name="locationQuality"><value>baseline_coordinate_id_verified_current</value></Data>
      </ExtendedData>
      <Point><coordinates>77.0834693625768,28.47219596083363,0</coordinates></Point>
    </Placemark>
    <Placemark>
      <name>Blinkit 33353</name>
      <description>Delhi · Delhi · baseline_coordinate_id_verified_current</description>
      <ExtendedData>
        <Data name="platformId"><value>33353</value></Data>
        <Data name="observedAt"><value>2026-08-26T07:52:09.427Z</value></Data>
        <Data name="locationQuality"><value>baseline_coordinate_id_verified_current</value></Data>
      </ExtendedData>
      <Point><coordinates>77.23191613230743,28.50728979518505,0</coordinates></Point>
    </Placemark>
    <Placemark>
      <name>Blinkit 33389</name>
      <description>HR-NCR · Haryana · baseline_coordinate_id_verified_current</description>
      <ExtendedData>
        <Data name="platformId"><value>33389</value></Data>
        <Data name="observedAt"><value>2026-08-26T07:54:38.500Z</value></Data>
        <Data name="locationQuality"><value>baseline_coordinate_id_verified_current</value></Data>
      </ExtendedData>
      <Point><coordinates>77.08214554651889,28.453321134746673,0</coordinates></Point>
    </Placemark>
    <Placemark>
      <name>Blinkit 33391</name>
      <description>Delhi · Delhi · baseline_coordinate_id_verified_current</description>
      <ExtendedData>
        <Data name="platformId"><value>33391</value></Data>
        <Data name="observedAt"><value>2026-08-26T07:52:57.577Z</value></Data>
        <Data name="locationQuality"><value>baseline_coordinate_id_verified_current</value></Data>
      </ExtendedData>
      <Point><coordinates>77.28350421810102,28.651433764642473,0</coordinates></Point>
    </Placemark>
    <Placemark>
      <name>Blinkit 33393</name>
      <description>HR-NCR · Haryana · baseline_coordinate_id_verified_current</description>
      <ExtendedData>
        <Data name="platformId"><value>33393</value></Data>
        <Data name="observedAt"><value>2026-08-26T07:51:45.251Z</value></Data>
        <Data name="locationQuality"><value>baseline_coordinate_id_verified_current</value></Data>
      </ExtendedData>
      <Point><coordinates>76.93153999847769,28.424290900826445,0</coordinates></Point>
    </Placemark>
    <Placemark>
      <name>Blinkit 33395</name>
      <description>HR-NCR · Haryana · baseline_coordinate_id_verified_current</description>
      <ExtendedData>
        <Data name="platformId"><value>33395</value></Data>
        <Data name="observedAt"><value>2026-08-26T07:51:52.563Z</value></Data>
        <Data name="locationQuality"><value>baseline_coordinate_id_verified_current</value></Data>
      </ExtendedData>
      <Point><coordinates>77.04879629613029,28.450913660797703,0</coordinates></Point>
    </Placemark>
    <Placemark>
      <name>Blinkit 33397</name>
      <description>HR-NCR · Haryana · baseline_coordinate_id_verified_current</description>
      <ExtendedData>
        <Data name="platformId"><value>33397</value></Data>
        <Data name="observedAt"><value>2026-08-26T07:52:04.789Z</value></Data>
        <Data name="locationQuality"><value>baseline_coordinate_id_verified_current</value></Data>
      </ExtendedData>
      <Point><coordinates>77.06941140312108,28.502106539705355,0</coordinates></Point>
    </Placemark>
    <Placemark>
      <name>Blinkit 33401</name>
      <description>Delhi · Delhi · baseline_coordinate_id_verified_current</description>
      <ExtendedData>
        <Data name="platformId"><value>33401</value></Data>
        <Data name="observedAt"><value>2026-08-26T07:52:19.070Z</value></Data>
        <Data name="locationQuality"><value>baseline_coordinate_id_verified_current</value></Data>
      </ExtendedData>
      <Point><coordinates>77.25713628801752,28.54271491304348,0</coordinates></Point>
    </Placemark>
    <Placemark>
      <name>Blinkit 33409</name>
      <description>Pune · Maharashtra · baseline_coordinate_id_verified_current</description>
      <ExtendedData>
        <Data name="platformId"><value>33409</value></Data>
        <Data name="observedAt"><value>2026-08-26T07:46:45.602Z</value></Data>
        <Data name="locationQuality"><value>baseline_coordinate_id_verified_current</value></Data>
      </ExtendedData>
      <Point><coordinates>73.95236014687275,18.487487616960113,0</coordinates></Point>
    </Placemark>
    <Placemark>
      <name>Blinkit 33411</name>
      <description>UP-NCR · Uttar Pradesh · baseline_coordinate_id_verified_current</description>
      <ExtendedData>
        <Data name="platformId"><value>33411</value></Data>
        <Data name="observedAt"><value>2026-08-26T07:52:33.109Z</value></Data>
        <Data name="locationQuality"><value>baseline_coordinate_id_verified_current</value></Data>
      </ExtendedData>
      <Point><coordinates>77.371592,28.581081,0</coordinates></Point>
    </Placemark>
    <Placemark>
      <name>Blinkit 33415</name>
      <description>Bengaluru · Karnataka · baseline_coordinate_id_verified_current</description>
      <ExtendedData>
        <Data name="platformId"><value>33415</value></Data>
        <Data name="observedAt"><value>2026-08-26T07:44:51.468Z</value></Data>
        <Data name="locationQuality"><value>baseline_coordinate_id_verified_current</value></Data>
      </ExtendedData>
      <Point><coordinates>77.54592782660632,12.907260012576355,0</coordinates></Point>
    </Placemark>
    <Placemark>
      <name>Blinkit 33417</name>
      <description>UP-NCR · Uttar Pradesh · baseline_coordinate_id_verified_current</description>
      <ExtendedData>
        <Data name="platformId"><value>33417</value></Data>
        <Data name="observedAt"><value>2026-08-26T07:52:25.309Z</value></Data>
        <Data name="locationQuality"><value>baseline_coordinate_id_verified_current</value></Data>
      </ExtendedData>
      <Point><coordinates>77.37540157780376,28.554503155587497,0</coordinates></Point>
    </Placemark>
    <Placemark>
      <name>Blinkit 33419</name>
      <description>Faridabad · Haryana · baseline_coordinate_id_verified_current</description>
      <ExtendedData>
        <Data name="platformId"><value>33419</value></Data>
        <Data name="observedAt"><value>2026-08-26T07:51:35.372Z</value></Data>
        <Data name="locationQuality"><value>baseline_coordinate_id_verified_current</value></Data>
      </ExtendedData>
      <Point><coordinates>77.35200568809836,28.361649045993534,0</coordinates></Point>
    </Placemark>
    <Placemark>
      <name>Blinkit 33421</name>
      <description>Delhi · Delhi · baseline_coordinate_id_verified_current</description>
      <ExtendedData>
        <Data name="platformId"><value>33421</value></Data>
        <Data name="observedAt"><value>2026-08-26T07:53:10.167Z</value></Data>
        <Data name="locationQuality"><value>baseline_coordinate_id_verified_current</value></Data>
      </ExtendedData>
      <Point><coordinates>77.13460199243667,28.690567907653612,0</coordinates></Point>
    </Placemark>
    <Placemark>
      <name>Blinkit 33431</name>
      <description>HR-NCR · Haryana · baseline_coordinate_id_verified_current</description>
      <ExtendedData>
        <Data name="platformId"><value>33431</value></Data>
        <Data name="observedAt"><value>2026-08-26T07:51:40.933Z</value></Data>
        <Data name="locationQuality"><value>baseline_coordinate_id_verified_current</value></Data>
      </ExtendedData>
      <Point><coordinates>77.09149484715411,28.40626737872799,0</coordinates></Point>
    </Placemark>
    <Placemark>
      <name>Blinkit 33433</name>
      <description>Delhi · Delhi · baseline_coordinate_id_verified_current</description>
      <ExtendedData>
        <Data name="platformId"><value>33433</value></Data>
        <Data name="observedAt"><value>2026-08-26T07:52:14.131Z</value></Data>
        <Data name="locationQuality"><value>baseline_coordinate_id_verified_current</value></Data>
      </ExtendedData>
      <Point><coordinates>77.27005981309735,28.535825957959037,0</coordinates></Point>
    </Placemark>
    <Placemark>
      <name>Blinkit 33503</name>
      <description>Mumbai · Maharashtra · baseline_coordinate_id_verified_current</description>
      <ExtendedData>
        <Data name="platformId"><value>33503</value></Data>
        <Data name="observedAt"><value>2026-08-26T07:47:22.422Z</value></Data>
        <Data name="locationQuality"><value>baseline_coordinate_id_verified_current</value></Data>
      </ExtendedData>
      <Point><coordinates>72.90996652219484,19.083070759252607,0</coordinates></Point>
    </Placemark>
    <Placemark>
      <name>Blinkit 33507</name>
      <description>Pune · Maharashtra · baseline_coordinate_id_verified_current</description>
      <ExtendedData>
        <Data name="platformId"><value>33507</value></Data>
        <Data name="observedAt"><value>2026-08-26T07:46:57.864Z</value></Data>
        <Data name="locationQuality"><value>baseline_coordinate_id_verified_current</value></Data>
      </ExtendedData>
      <Point><coordinates>73.7049057276738,18.587913741645707,0</coordinates></Point>
    </Placemark>
    <Placemark>
      <name>Blinkit 33509</name>
      <description>Bengaluru · Karnataka · baseline_coordinate_id_verified_current</description>
      <ExtendedData>
        <Data name="platformId"><value>33509</value></Data>
        <Data name="observedAt"><value>2026-08-26T07:45:28.827Z</value></Data>
        <Data name="locationQuality"><value>baseline_coordinate_id_verified_current</value></Data>
      </ExtendedData>
      <Point><coordinates>77.62773313337969,13.046944989938915,0</coordinates></Point>
    </Placemark>
    <Placemark>
      <name>Blinkit 33513</name>
      <description>Hyderabad · Telangana · baseline_coordinate_id_verified_current</description>
      <ExtendedData>
        <Data name="platformId"><value>33513</value></Data>
        <Data name="observedAt"><value>2026-08-26T07:46:16.349Z</value></Data>
        <Data name="locationQuality"><value>baseline_coordinate_id_verified_current</value></Data>
      </ExtendedData>
      <Point><coordinates>78.46027329302859,17.423174961192956,0</coordinates></Point>
    </Placemark>
    <Placemark>
      <name>Blinkit 33515</name>
      <description>UP-NCR · Uttar Pradesh · baseline_coordinate_id_verified_current</description>
      <ExtendedData>
        <Data name="platformId"><value>33515</value></Data>
        <Data name="observedAt"><value>2026-08-26T07:53:08.912Z</value></Data>
        <Data name="locationQuality"><value>baseline_coordinate_id_verified_current</value></Data>
      </ExtendedData>
      <Point><coordinates>77.4248439409968,28.676250681997843,0</coordinates></Point>
    </Placemark>
    <Placemark>
      <name>Blinkit 33525</name>
      <description>Hyderabad · Telangana · baseline_coordinate_id_verified_current</description>
      <ExtendedData>
        <Data name="platformId"><value>33525</value></Data>
        <Data name="observedAt"><value>2026-08-26T07:46:20.636Z</value></Data>
        <Data name="locationQuality"><value>baseline_coordinate_id_verified_current</value></Data>
      </ExtendedData>
      <Point><coordinates>78.54709881237011,17.4569661864894,0</coordinates></Point>
    </Placemark>
    <Placemark>
      <name>Blinkit 33529</name>
      <description>Delhi · Delhi · baseline_coordinate_id_verified_current</description>
      <ExtendedData>
        <Data name="platformId"><value>33529</value></Data>
        <Data name="observedAt"><value>2026-08-26T07:52:37.577Z</value></Data>
        <Data name="locationQuality"><value>baseline_coordinate_id_verified_current</value></Data>
      </ExtendedData>
      <Point><coordinates>77.07189162077499,28.608108,0</coordinates></Point>
    </Placemark>
    <Placemark>
      <name>Blinkit 33531</name>
      <description>Hyderabad · Telangana · baseline_coordinate_id_verified_current</description>
      <ExtendedData>
        <Data name="platformId"><value>33531</value></Data>
        <Data name="observedAt"><value>2026-08-26T07:46:08.002Z</value></Data>
        <Data name="locationQuality"><value>baseline_coordinate_id_verified_current</value></Data>
      </ExtendedData>
      <Point><coordinates>78.55668272154169,17.35885189831118,0</coordinates></Point>
    </Placemark>
    <Placemark>
      <name>Blinkit 33535</name>
      <description>Pune · Maharashtra · baseline_coordinate_id_verified_current</description>
      <ExtendedData>
        <Data name="platformId"><value>33535</value></Data>
        <Data name="observedAt"><value>2026-08-26T07:46:41.865Z</value></Data>
        <Data name="locationQuality"><value>baseline_coordinate_id_verified_current</value></Data>
      </ExtendedData>
      <Point><coordinates>73.81416856125355,18.467946948975925,0</coordinates></Point>
    </Placemark>
    <Placemark>
      <name>Blinkit 33537</name>
      <description>HR-NCR · Haryana · baseline_coordinate_id_verified_current</description>
      <ExtendedData>
        <Data name="platformId"><value>33537</value></Data>
        <Data name="observedAt"><value>2026-08-26T07:51:39.984Z</value></Data>
        <Data name="locationQuality"><value>baseline_coordinate_id_verified_current</value></Data>
      </ExtendedData>
      <Point><coordinates>77.06795741377938,28.391892,0</coordinates></Point>
    </Placemark>
    <Placemark>
      <name>Blinkit 33545</name>
      <description>UP-NCR · Uttar Pradesh · baseline_coordinate_id_verified_current</description>
      <ExtendedData>
        <Data name="platformId"><value>33545</value></Data>
        <Data name="observedAt"><value>2026-08-26T07:52:34.377Z</value></Data>
        <Data name="locationQuality"><value>baseline_coordinate_id_verified_current</value></Data>
      </ExtendedData>
      <Point><coordinates>77.44821505862758,28.577618010420412,0</coordinates></Point>
    </Placemark>
    <Placemark>
      <name>Blinkit 33628</name>
      <description>Mumbai · Maharashtra · baseline_coordinate_id_verified_current</description>
      <ExtendedData>
        <Data name="platformId"><value>33628</value></Data>
        <Data name="observedAt"><value>2026-08-26T07:54:36.404Z</value></Data>
        <Data name="locationQuality"><value>baseline_coordinate_id_verified_current</value></Data>
      </ExtendedData>
      <Point><coordinates>72.87692668257054,19.281008218469278,0</coordinates></Point>
    </Placemark>
    <Placemark>
      <name>Blinkit 33666</name>
      <description>Bengaluru · Karnataka · baseline_coordinate_id_verified_current</description>
      <ExtendedData>
        <Data name="platformId"><value>33666</value></Data>
        <Data name="observedAt"><value>2026-08-26T07:45:19.342Z</value></Data>
        <Data name="locationQuality"><value>baseline_coordinate_id_verified_current</value></Data>
      </ExtendedData>
      <Point><coordinates>77.62899569992521,13.022640995688107,0</coordinates></Point>
    </Placemark>
    <Placemark>
      <name>Blinkit 33672</name>
      <description>UP-NCR · Uttar Pradesh · baseline_coordinate_id_verified_current</description>
      <ExtendedData>
        <Data name="platformId"><value>33672</value></Data>
        <Data name="observedAt"><value>2026-08-26T07:52:52.629Z</value></Data>
        <Data name="locationQuality"><value>baseline_coordinate_id_verified_current</value></Data>
      </ExtendedData>
      <Point><coordinates>77.35344072348732,28.639750073661514,0</coordinates></Point>
    </Placemark>
    <Placemark>
      <name>Blinkit 33674</name>
      <description>Delhi · Delhi · baseline_coordinate_id_verified_current</description>
      <ExtendedData>
        <Data name="platformId"><value>33674</value></Data>
        <Data name="observedAt"><value>2026-08-26T07:52:24.298Z</value></Data>
        <Data name="locationQuality"><value>baseline_coordinate_id_verified_current</value></Data>
      </ExtendedData>
      <Point><coordinates>77.30114033755484,28.550731477542218,0</coordinates></Point>
    </Placemark>
    <Placemark>
      <name>Blinkit 33680</name>
      <description>Delhi · Delhi · baseline_coordinate_id_verified_current</description>
      <ExtendedData>
        <Data name="platformId"><value>33680</value></Data>
        <Data name="observedAt"><value>2026-08-26T07:52:08.784Z</value></Data>
        <Data name="locationQuality"><value>baseline_coordinate_id_verified_current</value></Data>
      </ExtendedData>
      <Point><coordinates>77.20083008224364,28.50969726913403,0</coordinates></Point>
    </Placemark>
    <Placemark>
      <name>Blinkit 33682</name>
      <description>Faridabad · Haryana · baseline_coordinate_id_verified_current</description>
      <ExtendedData>
        <Data name="platformId"><value>33682</value></Data>
        <Data name="observedAt"><value>2026-08-26T07:51:35.021Z</value></Data>
        <Data name="locationQuality"><value>baseline_coordinate_id_verified_current</value></Data>
      </ExtendedData>
      <Point><coordinates>77.29735504862846,28.371665215594685,0</coordinates></Point>
    </Placemark>
    <Placemark>
      <name>Blinkit 33684</name>
      <description>Mumbai · Maharashtra · baseline_coordinate_id_verified_current</description>
      <ExtendedData>
        <Data name="platformId"><value>33684</value></Data>
        <Data name="observedAt"><value>2026-08-26T07:47:29.310Z</value></Data>
        <Data name="locationQuality"><value>baseline_coordinate_id_verified_current</value></Data>
      </ExtendedData>
      <Point><coordinates>72.83670210200924,19.134339994610134,0</coordinates></Point>
    </Placemark>
    <Placemark>
      <name>Blinkit 33720</name>
      <description>Bengaluru · Karnataka · baseline_coordinate_id_verified_current</description>
      <ExtendedData>
        <Data name="platformId"><value>33720</value></Data>
        <Data name="observedAt"><value>2026-08-26T07:45:03.005Z</value></Data>
        <Data name="locationQuality"><value>baseline_coordinate_id_verified_current</value></Data>
      </ExtendedData>
      <Point><coordinates>77.69014746169228,12.950383657204455,0</coordinates></Point>
    </Placemark>
    <Placemark>
      <name>Blinkit 33722</name>
      <description>Mumbai · Maharashtra · baseline_coordinate_id_verified_current</description>
      <ExtendedData>
        <Data name="platformId"><value>33722</value></Data>
        <Data name="observedAt"><value>2026-08-26T07:48:29.386Z</value></Data>
        <Data name="locationQuality"><value>baseline_coordinate_id_verified_current</value></Data>
      </ExtendedData>
      <Point><coordinates>72.86719588201208,19.072244607977005,0</coordinates></Point>
    </Placemark>
    <Placemark>
      <name>Blinkit 33724</name>
      <description>Bengaluru · Karnataka · baseline_coordinate_id_verified_current</description>
      <ExtendedData>
        <Data name="platformId"><value>33724</value></Data>
        <Data name="observedAt"><value>2026-08-26T07:46:43.401Z</value></Data>
        <Data name="locationQuality"><value>baseline_coordinate_id_verified_current</value></Data>
      </ExtendedData>
      <Point><coordinates>77.5340904134605,12.96194283039885,0</coordinates></Point>
    </Placemark>
    <Placemark>
      <name>Blinkit 33758</name>
      <description>Delhi · Delhi · baseline_coordinate_id_verified_current</description>
      <ExtendedData>
        <Data name="platformId"><value>33758</value></Data>
        <Data name="observedAt"><value>2026-08-26T07:53:02.477Z</value></Data>
        <Data name="locationQuality"><value>baseline_coordinate_id_verified_current</value></Data>
      </ExtendedData>
      <Point><coordinates>77.138396,28.65497760222781,0</coordinates></Point>
    </Placemark>
    <Placemark>
      <name>Blinkit 33838</name>
      <description>Bengaluru · Karnataka · baseline_coordinate_id_verified_current</description>
      <ExtendedData>
        <Data name="platformId"><value>33838</value></Data>
        <Data name="observedAt"><value>2026-08-26T07:45:26.654Z</value></Data>
        <Data name="locationQuality"><value>baseline_coordinate_id_verified_current</value></Data>
      </ExtendedData>
      <Point><coordinates>77.50541264680406,13.062007453826805,0</coordinates></Point>
    </Placemark>
    <Placemark>
      <name>Blinkit 33874</name>
      <description>Hyderabad · Telangana · baseline_coordinate_id_verified_current</description>
      <ExtendedData>
        <Data name="platformId"><value>33874</value></Data>
        <Data name="observedAt"><value>2026-08-26T07:46:22.493Z</value></Data>
        <Data name="locationQuality"><value>baseline_coordinate_id_verified_current</value></Data>
      </ExtendedData>
      <Point><coordinates>78.48513949110429,17.47382639561624,0</coordinates></Point>
    </Placemark>
    <Placemark>
      <name>Blinkit 33912</name>
      <description>Delhi · Delhi · baseline_coordinate_id_verified_current</description>
      <ExtendedData>
        <Data name="platformId"><value>33912</value></Data>
        <Data name="observedAt"><value>2026-08-26T07:53:23.063Z</value></Data>
        <Data name="locationQuality"><value>baseline_coordinate_id_verified_current</value></Data>
      </ExtendedData>
      <Point><coordinates>77.08886917106106,28.61228180955803,0</coordinates></Point>
    </Placemark>
    <Placemark>
      <name>Blinkit 33914</name>
      <description>UP-NCR · Uttar Pradesh · baseline_coordinate_id_verified_current</description>
      <ExtendedData>
        <Data name="platformId"><value>33914</value></Data>
        <Data name="observedAt"><value>2026-08-26T07:52:40.244Z</value></Data>
        <Data name="locationQuality"><value>baseline_coordinate_id_verified_current</value></Data>
      </ExtendedData>
      <Point><coordinates>77.38148585313661,28.60495043621991,0</coordinates></Point>
    </Placemark>
    <Placemark>
      <name>Blinkit 33918</name>
      <description>Mumbai · Maharashtra · baseline_coordinate_id_verified_current</description>
      <ExtendedData>
        <Data name="platformId"><value>33918</value></Data>
        <Data name="observedAt"><value>2026-08-26T07:47:21.140Z</value></Data>
        <Data name="locationQuality"><value>baseline_coordinate_id_verified_current</value></Data>
      </ExtendedData>
      <Point><coordinates>72.838832,19.086381035932448,0</coordinates></Point>
    </Placemark>
    <Placemark>
      <name>Blinkit 33926</name>
      <description>Bengaluru · Karnataka · baseline_coordinate_id_verified_current</description>
      <ExtendedData>
        <Data name="platformId"><value>33926</value></Data>
        <Data name="observedAt"><value>2026-08-26T07:45:28.198Z</value></Data>
        <Data name="locationQuality"><value>baseline_coordinate_id_verified_current</value></Data>
      </ExtendedData>
      <Point><coordinates>77.65270067810621,13.070043938914841,0</coordinates></Point>
    </Placemark>
    <Placemark>
      <name>Blinkit 33964</name>
      <description>HR-NCR · Haryana · baseline_coordinate_id_verified_current</description>
      <ExtendedData>
        <Data name="platformId"><value>33964</value></Data>
        <Data name="observedAt"><value>2026-08-26T07:51:55.711Z</value></Data>
        <Data name="locationQuality"><value>baseline_coordinate_id_verified_current</value></Data>
      </ExtendedData>
      <Point><coordinates>77.01471518730624,28.468791361480417,0</coordinates></Point>
    </Placemark>
    <Placemark>
      <name>Blinkit 33966</name>
      <description>Bengaluru · Karnataka · baseline_coordinate_id_verified_current</description>
      <ExtendedData>
        <Data name="platformId"><value>33966</value></Data>
        <Data name="observedAt"><value>2026-08-26T07:45:04.727Z</value></Data>
        <Data name="locationQuality"><value>baseline_coordinate_id_verified_current</value></Data>
      </ExtendedData>
      <Point><coordinates>77.60267804731664,12.965750578153072,0</coordinates></Point>
    </Placemark>
    <Placemark>
      <name>Blinkit 33974</name>
      <description>Bengaluru · Karnataka · baseline_coordinate_id_verified_current</description>
      <ExtendedData>
        <Data name="platformId"><value>33974</value></Data>
        <Data name="observedAt"><value>2026-08-26T07:45:22.370Z</value></Data>
        <Data name="locationQuality"><value>baseline_coordinate_id_verified_current</value></Data>
      </ExtendedData>
      <Point><coordinates>77.57277729702301,13.03184616636723,0</coordinates></Point>
    </Placemark>
    <Placemark>
      <name>Blinkit 33980</name>
      <description>HR-NCR · Haryana · baseline_coordinate_id_verified_current</description>
      <ExtendedData>
        <Data name="platformId"><value>33980</value></Data>
        <Data name="observedAt"><value>2026-08-26T07:51:50.016Z</value></Data>
        <Data name="locationQuality"><value>baseline_coordinate_id_verified_current</value></Data>
      </ExtendedData>
      <Point><coordinates>77.10389280784887,28.439968830758172,0</coordinates></Point>
    </Placemark>
    <Placemark>
      <name>Blinkit 33982</name>
      <description>Delhi · Delhi · baseline_coordinate_id_verified_current</description>
      <ExtendedData>
        <Data name="platformId"><value>33982</value></Data>
        <Data name="observedAt"><value>2026-08-26T07:52:20.117Z</value></Data>
        <Data name="locationQuality"><value>baseline_coordinate_id_verified_current</value></Data>
      </ExtendedData>
      <Point><coordinates>77.20740259679059,28.53727922493712,0</coordinates></Point>
    </Placemark>
    <Placemark>
      <name>Blinkit 33990</name>
      <description>Delhi · Delhi · baseline_coordinate_id_verified_current</description>
      <ExtendedData>
        <Data name="platformId"><value>33990</value></Data>
        <Data name="observedAt"><value>2026-08-26T07:54:40.620Z</value></Data>
        <Data name="locationQuality"><value>baseline_coordinate_id_verified_current</value></Data>
      </ExtendedData>
      <Point><coordinates>77.07658788522286,28.59098378907654,0</coordinates></Point>
    </Placemark>
    <Placemark>
      <name>Blinkit 33992</name>
      <description>Bengaluru · Karnataka · baseline_coordinate_id_verified_current</description>
      <ExtendedData>
        <Data name="platformId"><value>33992</value></Data>
        <Data name="observedAt"><value>2026-08-26T07:44:50.792Z</value></Data>
        <Data name="locationQuality"><value>baseline_coordinate_id_verified_current</value></Data>
      </ExtendedData>
      <Point><coordinates>77.60897762850372,12.905926020481495,0</coordinates></Point>
    </Placemark>
    <Placemark>
      <name>Blinkit 33994</name>
      <description>Hyderabad · Telangana · baseline_coordinate_id_verified_current</description>
      <ExtendedData>
        <Data name="platformId"><value>33994</value></Data>
        <Data name="observedAt"><value>2026-08-26T07:46:29.753Z</value></Data>
        <Data name="locationQuality"><value>baseline_coordinate_id_verified_current</value></Data>
      </ExtendedData>
      <Point><coordinates>78.35749185742542,17.534118075098817,0</coordinates></Point>
    </Placemark>
    <Placemark>
      <name>Blinkit 33996</name>
      <description>Delhi · Delhi · baseline_coordinate_id_verified_current</description>
      <ExtendedData>
        <Data name="platformId"><value>33996</value></Data>
        <Data name="observedAt"><value>2026-08-26T07:53:14.387Z</value></Data>
        <Data name="locationQuality"><value>baseline_coordinate_id_verified_current</value></Data>
      </ExtendedData>
      <Point><coordinates>77.21127,28.71401722924901,0</coordinates></Point>
    </Placemark>
    <Placemark>
      <name>Blinkit 34008</name>
      <description>Hyderabad · Telangana · baseline_coordinate_id_verified_current</description>
      <ExtendedData>
        <Data name="platformId"><value>34008</value></Data>
        <Data name="observedAt"><value>2026-08-26T07:46:07.349Z</value></Data>
        <Data name="locationQuality"><value>baseline_coordinate_id_verified_current</value></Data>
      </ExtendedData>
      <Point><coordinates>78.38384191480725,17.358049063959758,0</coordinates></Point>
    </Placemark>
    <Placemark>
      <name>Blinkit 34010</name>
      <description>Pune · Maharashtra · baseline_coordinate_id_verified_current</description>
      <ExtendedData>
        <Data name="platformId"><value>34010</value></Data>
        <Data name="observedAt"><value>2026-08-26T07:46:51.436Z</value></Data>
        <Data name="locationQuality"><value>baseline_coordinate_id_verified_current</value></Data>
      </ExtendedData>
      <Point><coordinates>73.94145185705199,18.533884514193318,0</coordinates></Point>
    </Placemark>
    <Placemark>
      <name>Blinkit 34020</name>
      <description>Delhi · Delhi · baseline_coordinate_id_verified_current</description>
      <ExtendedData>
        <Data name="platformId"><value>34020</value></Data>
        <Data name="observedAt"><value>2026-08-26T07:52:47.602Z</value></Data>
        <Data name="locationQuality"><value>baseline_coordinate_id_verified_current</value></Data>
      </ExtendedData>
      <Point><coordinates>77.069401204231,28.63934358785483,0</coordinates></Point>
    </Placemark>
    <Placemark>
      <name>Blinkit 34032</name>
      <description>HR-NCR · Haryana · baseline_coordinate_id_verified_current</description>
      <ExtendedData>
        <Data name="platformId"><value>34032</value></Data>
        <Data name="observedAt"><value>2026-08-26T07:51:53.476Z</value></Data>
        <Data name="locationQuality"><value>baseline_coordinate_id_verified_current</value></Data>
      </ExtendedData>
      <Point><coordinates>76.97946764857642,28.452585796622348,0</coordinates></Point>
    </Placemark>
    <Placemark>
      <name>Blinkit 34034</name>
      <description>Hyderabad · Telangana · baseline_coordinate_id_verified_current</description>
      <ExtendedData>
        <Data name="platformId"><value>34034</value></Data>
        <Data name="observedAt"><value>2026-08-26T07:46:27.749Z</value></Data>
        <Data name="locationQuality"><value>baseline_coordinate_id_verified_current</value></Data>
      </ExtendedData>
      <Point><coordinates>78.59147630163996,17.5,0</coordinates></Point>
    </Placemark>
    <Placemark>
      <name>Blinkit 34070</name>
      <description>UP-NCR · Uttar Pradesh · baseline_coordinate_id_verified_current</description>
      <ExtendedData>
        <Data name="platformId"><value>34070</value></Data>
        <Data name="observedAt"><value>2026-08-26T07:52:41.212Z</value></Data>
        <Data name="locationQuality"><value>baseline_coordinate_id_verified_current</value></Data>
      </ExtendedData>
      <Point><coordinates>77.43089953996267,28.609093591088754,0</coordinates></Point>
    </Placemark>
    <Placemark>
      <name>Blinkit 34104</name>
      <description>Pune · Maharashtra · baseline_coordinate_id_verified_current</description>
      <ExtendedData>
        <Data name="platformId"><value>34104</value></Data>
        <Data name="observedAt"><value>2026-08-26T07:46:50.271Z</value></Data>
        <Data name="locationQuality"><value>baseline_coordinate_id_verified_current</value></Data>
      </ExtendedData>
      <Point><coordinates>73.84124711437397,18.525109105641395,0</coordinates></Point>
    </Placemark>
    <Placemark>
      <name>Blinkit 34108</name>
      <description>UP-NCR · Uttar Pradesh · baseline_coordinate_id_verified_current</description>
      <ExtendedData>
        <Data name="platformId"><value>34108</value></Data>
        <Data name="observedAt"><value>2026-08-26T07:51:47.815Z</value></Data>
        <Data name="locationQuality"><value>baseline_coordinate_id_verified_current</value></Data>
      </ExtendedData>
      <Point><coordinates>77.47876108479699,28.438202557671577,0</coordinates></Point>
    </Placemark>
    <Placemark>
      <name>Blinkit 34118</name>
      <description>UP-NCR · Uttar Pradesh · baseline_coordinate_id_verified_current</description>
      <ExtendedData>
        <Data name="platformId"><value>34118</value></Data>
        <Data name="observedAt"><value>2026-08-26T07:52:28.974Z</value></Data>
        <Data name="locationQuality"><value>baseline_coordinate_id_verified_current</value></Data>
      </ExtendedData>
      <Point><coordinates>77.32321349461017,28.581718800934244,0</coordinates></Point>
    </Placemark>
    <Placemark>
      <name>Blinkit 34126</name>
      <description>HR-NCR · Haryana · baseline_coordinate_id_verified_current</description>
      <ExtendedData>
        <Data name="platformId"><value>34126</value></Data>
        <Data name="observedAt"><value>2026-08-26T07:51:40.569Z</value></Data>
        <Data name="locationQuality"><value>baseline_coordinate_id_verified_current</value></Data>
      </ExtendedData>
      <Point><coordinates>77.03082686673922,28.395644849083723,0</coordinates></Point>
    </Placemark>
    <Placemark>
      <name>Blinkit 34130</name>
      <description>UP-NCR · Uttar Pradesh · baseline_coordinate_id_verified_current</description>
      <ExtendedData>
        <Data name="platformId"><value>34130</value></Data>
        <Data name="observedAt"><value>2026-08-26T07:52:06.495Z</value></Data>
        <Data name="locationQuality"><value>baseline_coordinate_id_verified_current</value></Data>
      </ExtendedData>
      <Point><coordinates>77.38972420721097,28.501572044556234,0</coordinates></Point>
    </Placemark>
    <Placemark>
      <name>Blinkit 34138</name>
      <description>Mumbai · Maharashtra · baseline_coordinate_id_verified_current</description>
      <ExtendedData>
        <Data name="platformId"><value>34138</value></Data>
        <Data name="observedAt"><value>2026-08-26T07:47:13.028Z</value></Data>
        <Data name="locationQuality"><value>baseline_coordinate_id_verified_current</value></Data>
      </ExtendedData>
      <Point><coordinates>73.09053186314448,19.012404585698885,0</coordinates></Point>
    </Placemark>
    <Placemark>
      <name>Blinkit 34140</name>
      <description>Hyderabad · Telangana · baseline_coordinate_id_verified_current</description>
      <ExtendedData>
        <Data name="platformId"><value>34140</value></Data>
        <Data name="observedAt"><value>2026-08-26T07:46:25.471Z</value></Data>
        <Data name="locationQuality"><value>baseline_coordinate_id_verified_current</value></Data>
      </ExtendedData>
      <Point><coordinates>78.35525698447047,17.489139869924543,0</coordinates></Point>
    </Placemark>
    <Placemark>
      <name>Blinkit 34142</name>
      <description>HR-NCR · Haryana · baseline_coordinate_id_verified_current</description>
      <ExtendedData>
        <Data name="platformId"><value>34142</value></Data>
        <Data name="observedAt"><value>2026-08-26T07:51:57.276Z</value></Data>
        <Data name="locationQuality"><value>baseline_coordinate_id_verified_current</value></Data>
      </ExtendedData>
      <Point><coordinates>77.09390462858525,28.463460976284583,0</coordinates></Point>
    </Placemark>
    <Placemark>
      <name>Blinkit 34144</name>
      <description>Delhi · Delhi · baseline_coordinate_id_verified_current</description>
      <ExtendedData>
        <Data name="platformId"><value>34144</value></Data>
        <Data name="observedAt"><value>2026-08-26T07:53:01.518Z</value></Data>
        <Data name="locationQuality"><value>baseline_coordinate_id_verified_current</value></Data>
      </ExtendedData>
      <Point><coordinates>77.05874909890358,28.68155095508444,0</coordinates></Point>
    </Placemark>
    <Placemark>
      <name>Blinkit 34146</name>
      <description>Pune · Maharashtra · baseline_coordinate_id_verified_current</description>
      <ExtendedData>
        <Data name="platformId"><value>34146</value></Data>
        <Data name="observedAt"><value>2026-08-26T07:47:07.201Z</value></Data>
        <Data name="locationQuality"><value>baseline_coordinate_id_verified_current</value></Data>
      </ExtendedData>
      <Point><coordinates>73.8218372007213,18.5835738135106,0</coordinates></Point>
    </Placemark>
    <Placemark>
      <name>Blinkit 34180</name>
      <description>Delhi · Delhi · baseline_coordinate_id_verified_current</description>
      <ExtendedData>
        <Data name="platformId"><value>34180</value></Data>
        <Data name="observedAt"><value>2026-08-26T07:52:36.310Z</value></Data>
        <Data name="locationQuality"><value>baseline_coordinate_id_verified_current</value></Data>
      </ExtendedData>
      <Point><coordinates>76.98884142074314,28.61239294430471,0</coordinates></Point>
    </Placemark>
    <Placemark>
      <name>Blinkit 34184</name>
      <description>Hyderabad · Telangana · baseline_coordinate_id_verified_current</description>
      <ExtendedData>
        <Data name="platformId"><value>34184</value></Data>
        <Data name="observedAt"><value>2026-08-26T07:54:34.317Z</value></Data>
        <Data name="locationQuality"><value>baseline_coordinate_id_verified_current</value></Data>
      </ExtendedData>
      <Point><coordinates>78.450127,17.40906228063241,0</coordinates></Point>
    </Placemark>
    <Placemark>
      <name>Blinkit 34218</name>
      <description>HR-NCR · Haryana · baseline_coordinate_id_verified_current</description>
      <ExtendedData>
        <Data name="platformId"><value>34218</value></Data>
        <Data name="observedAt"><value>2026-08-26T07:51:52.893Z</value></Data>
        <Data name="locationQuality"><value>baseline_coordinate_id_verified_current</value></Data>
      </ExtendedData>
      <Point><coordinates>77.06138938819109,28.445946,0</coordinates></Point>
    </Placemark>
    <Placemark>
      <name>Blinkit 34220</name>
      <description>Delhi · Delhi · baseline_coordinate_id_verified_current</description>
      <ExtendedData>
        <Data name="platformId"><value>34220</value></Data>
        <Data name="observedAt"><value>2026-08-26T07:52:32.194Z</value></Data>
        <Data name="locationQuality"><value>baseline_coordinate_id_verified_current</value></Data>
      </ExtendedData>
      <Point><coordinates>77.18089762693675,28.57461765109594,0</coordinates></Point>
    </Placemark>
    <Placemark>
      <name>Blinkit 34262</name>
      <description>Bengaluru · Karnataka · baseline_coordinate_id_verified_current</description>
      <ExtendedData>
        <Data name="platformId"><value>34262</value></Data>
        <Data name="observedAt"><value>2026-08-26T07:44:53.395Z</value></Data>
        <Data name="locationQuality"><value>baseline_coordinate_id_verified_current</value></Data>
      </ExtendedData>
      <Point><coordinates>77.63875430999603,12.903379308300394,0</coordinates></Point>
    </Placemark>
    <Placemark>
      <name>Blinkit 34264</name>
      <description>Delhi · Delhi · baseline_coordinate_id_verified_current</description>
      <ExtendedData>
        <Data name="platformId"><value>34264</value></Data>
        <Data name="observedAt"><value>2026-08-26T07:52:13.559Z</value></Data>
        <Data name="locationQuality"><value>baseline_coordinate_id_verified_current</value></Data>
      </ExtendedData>
      <Point><coordinates>77.20651621676845,28.514872695652176,0</coordinates></Point>
    </Placemark>
    <Placemark>
      <name>Blinkit 34272</name>
      <description>Mumbai · Maharashtra · baseline_coordinate_id_verified_current</description>
      <ExtendedData>
        <Data name="platformId"><value>34272</value></Data>
        <Data name="observedAt"><value>2026-08-26T07:47:26.467Z</value></Data>
        <Data name="locationQuality"><value>baseline_coordinate_id_verified_current</value></Data>
      </ExtendedData>
      <Point><coordinates>72.92478014009167,19.124404518864534,0</coordinates></Point>
    </Placemark>
    <Placemark>
      <name>Blinkit 34274</name>
      <description>Pune · Maharashtra · baseline_coordinate_id_verified_current</description>
      <ExtendedData>
        <Data name="platformId"><value>34274</value></Data>
        <Data name="observedAt"><value>2026-08-26T07:46:41.578Z</value></Data>
        <Data name="locationQuality"><value>baseline_coordinate_id_verified_current</value></Data>
      </ExtendedData>
      <Point><coordinates>73.92328025386634,18.457451274523894,0</coordinates></Point>
    </Placemark>
    <Placemark>
      <name>Blinkit 34276</name>
      <description>Hyderabad · Telangana · baseline_coordinate_id_verified_current</description>
      <ExtendedData>
        <Data name="platformId"><value>34276</value></Data>
        <Data name="observedAt"><value>2026-08-26T07:46:44.372Z</value></Data>
        <Data name="locationQuality"><value>baseline_coordinate_id_verified_current</value></Data>
      </ExtendedData>
      <Point><coordinates>78.50691957657499,17.424834379087315,0</coordinates></Point>
    </Placemark>
    <Placemark>
      <name>Blinkit 34278</name>
      <description>Delhi · Delhi · baseline_coordinate_id_verified_current</description>
      <ExtendedData>
        <Data name="platformId"><value>34278</value></Data>
        <Data name="observedAt"><value>2026-08-26T07:52:24.626Z</value></Data>
        <Data name="locationQuality"><value>baseline_coordinate_id_verified_current</value></Data>
      </ExtendedData>
      <Point><coordinates>77.23816387068646,28.55602130147323,0</coordinates></Point>
    </Placemark>
    <Placemark>
      <name>Blinkit 34280</name>
      <description>Delhi · Delhi · baseline_coordinate_id_verified_current</description>
      <ExtendedData>
        <Data name="platformId"><value>34280</value></Data>
        <Data name="observedAt"><value>2026-08-26T07:52:22.844Z</value></Data>
        <Data name="locationQuality"><value>baseline_coordinate_id_verified_current</value></Data>
      </ExtendedData>
      <Point><coordinates>77.15978674595026,28.572113454545455,0</coordinates></Point>
    </Placemark>
    <Placemark>
      <name>Blinkit 34282</name>
      <description>Mumbai · Maharashtra · baseline_coordinate_id_verified_current</description>
      <ExtendedData>
        <Data name="platformId"><value>34282</value></Data>
        <Data name="observedAt"><value>2026-08-26T07:47:54.012Z</value></Data>
        <Data name="locationQuality"><value>baseline_coordinate_id_verified_current</value></Data>
      </ExtendedData>
      <Point><coordinates>72.82853286413126,19.387535190801295,0</coordinates></Point>
    </Placemark>
    <Placemark>
      <name>Blinkit 34284</name>
      <description>Hyderabad · Telangana · baseline_coordinate_id_verified_current</description>
      <ExtendedData>
        <Data name="platformId"><value>34284</value></Data>
        <Data name="observedAt"><value>2026-08-26T07:46:09.628Z</value></Data>
        <Data name="locationQuality"><value>baseline_coordinate_id_verified_current</value></Data>
      </ExtendedData>
      <Point><coordinates>78.33857891834015,17.384109225296445,0</coordinates></Point>
    </Placemark>
    <Placemark>
      <name>Blinkit 34288</name>
      <description>Bengaluru · Karnataka · baseline_coordinate_id_verified_current</description>
      <ExtendedData>
        <Data name="platformId"><value>34288</value></Data>
        <Data name="observedAt"><value>2026-08-26T07:44:42.565Z</value></Data>
        <Data name="locationQuality"><value>baseline_coordinate_id_verified_current</value></Data>
      </ExtendedData>
      <Point><coordinates>77.77732353317114,12.859960220984549,0</coordinates></Point>
    </Placemark>
    <Placemark>
      <name>Blinkit 34290</name>
      <description>UP-NCR · Uttar Pradesh · baseline_coordinate_id_verified_current</description>
      <ExtendedData>
        <Data name="platformId"><value>34290</value></Data>
        <Data name="observedAt"><value>2026-08-26T07:52:59.978Z</value></Data>
        <Data name="locationQuality"><value>baseline_coordinate_id_verified_current</value></Data>
      </ExtendedData>
      <Point><coordinates>77.400742,28.655592945382676,0</coordinates></Point>
    </Placemark>
    <Placemark>
      <name>Blinkit 34292</name>
      <description>Mumbai · Maharashtra · baseline_coordinate_id_verified_current</description>
      <ExtendedData>
        <Data name="platformId"><value>34292</value></Data>
        <Data name="observedAt"><value>2026-08-26T07:47:30.364Z</value></Data>
        <Data name="locationQuality"><value>baseline_coordinate_id_verified_current</value></Data>
      </ExtendedData>
      <Point><coordinates>72.83586998000487,19.14204192130794,0</coordinates></Point>
    </Placemark>
    <Placemark>
      <name>Blinkit 34294</name>
      <description>Pune · Maharashtra · baseline_coordinate_id_verified_current</description>
      <ExtendedData>
        <Data name="platformId"><value>34294</value></Data>
        <Data name="observedAt"><value>2026-08-26T07:47:02.399Z</value></Data>
        <Data name="locationQuality"><value>baseline_coordinate_id_verified_current</value></Data>
      </ExtendedData>
      <Point><coordinates>73.91178143954559,18.60142905641394,0</coordinates></Point>
    </Placemark>
    <Placemark>
      <name>Blinkit 34300</name>
      <description>Delhi · Delhi · baseline_coordinate_id_verified_current</description>
      <ExtendedData>
        <Data name="platformId"><value>34300</value></Data>
        <Data name="observedAt"><value>2026-08-26T07:53:18.314Z</value></Data>
        <Data name="locationQuality"><value>baseline_coordinate_id_verified_current</value></Data>
      </ExtendedData>
      <Point><coordinates>77.167545,28.720608741645705,0</coordinates></Point>
    </Placemark>
    <Placemark>
      <name>Blinkit 34302</name>
      <description>Hyderabad · Telangana · baseline_coordinate_id_verified_current</description>
      <ExtendedData>
        <Data name="platformId"><value>34302</value></Data>
        <Data name="observedAt"><value>2026-08-26T07:46:27.094Z</value></Data>
        <Data name="locationQuality"><value>baseline_coordinate_id_verified_current</value></Data>
      </ExtendedData>
      <Point><coordinates>78.54606256792808,17.50237603305785,0</coordinates></Point>
    </Placemark>
    <Placemark>
      <name>Blinkit 34304</name>
      <description>Hyderabad · Telangana · baseline_coordinate_id_verified_current</description>
      <ExtendedData>
        <Data name="platformId"><value>34304</value></Data>
        <Data name="observedAt"><value>2026-08-26T07:46:28.688Z</value></Data>
        <Data name="locationQuality"><value>baseline_coordinate_id_verified_current</value></Data>
      </ExtendedData>
      <Point><coordinates>78.45795277248963,17.5110750851599,0</coordinates></Point>
    </Placemark>
    <Placemark>
      <name>Blinkit 34338</name>
      <description>Hyderabad · Telangana · baseline_coordinate_id_verified_current</description>
      <ExtendedData>
        <Data name="platformId"><value>34338</value></Data>
        <Data name="observedAt"><value>2026-08-26T07:46:07.084Z</value></Data>
        <Data name="locationQuality"><value>baseline_coordinate_id_verified_current</value></Data>
      </ExtendedData>
      <Point><coordinates>78.532404564758,17.347021140136544,0</coordinates></Point>
    </Placemark>
    <Placemark>
      <name>Blinkit 34346</name>
      <description>UP-NCR · Uttar Pradesh · baseline_coordinate_id_verified_current</description>
      <ExtendedData>
        <Data name="platformId"><value>34346</value></Data>
        <Data name="observedAt"><value>2026-08-26T07:51:57.832Z</value></Data>
        <Data name="locationQuality"><value>baseline_coordinate_id_verified_current</value></Data>
      </ExtendedData>
      <Point><coordinates>77.48087265016264,28.482067114265185,0</coordinates></Point>
    </Placemark>
    <Placemark>
      <name>Blinkit 34348</name>
      <description>Bengaluru · Karnataka · baseline_coordinate_id_verified_current</description>
      <ExtendedData>
        <Data name="platformId"><value>34348</value></Data>
        <Data name="observedAt"><value>2026-08-26T07:44:43.566Z</value></Data>
        <Data name="locationQuality"><value>baseline_coordinate_id_verified_current</value></Data>
      </ExtendedData>
      <Point><coordinates>77.60061947823364,12.864865,0</coordinates></Point>
    </Placemark>
    <Placemark>
      <name>Blinkit 34350</name>
      <description>Bengaluru · Karnataka · baseline_coordinate_id_verified_current</description>
      <ExtendedData>
        <Data name="platformId"><value>34350</value></Data>
        <Data name="observedAt"><value>2026-08-26T07:54:32.185Z</value></Data>
        <Data name="locationQuality"><value>baseline_coordinate_id_verified_current</value></Data>
      </ExtendedData>
      <Point><coordinates>77.60913462489754,12.927479905497664,0</coordinates></Point>
    </Placemark>
    <Placemark>
      <name>Blinkit 34360</name>
      <description>UP-NCR · Uttar Pradesh · baseline_coordinate_id_verified_current</description>
      <ExtendedData>
        <Data name="platformId"><value>34360</value></Data>
        <Data name="observedAt"><value>2026-08-26T07:52:27.987Z</value></Data>
        <Data name="locationQuality"><value>baseline_coordinate_id_verified_current</value></Data>
      </ExtendedData>
      <Point><coordinates>77.34486735584919,28.578116573122532,0</coordinates></Point>
    </Placemark>
    <Placemark>
      <name>Blinkit 34394</name>
      <description>Mumbai · Maharashtra · baseline_coordinate_id_verified_current</description>
      <ExtendedData>
        <Data name="platformId"><value>34394</value></Data>
        <Data name="observedAt"><value>2026-08-26T07:47:17.628Z</value></Data>
        <Data name="locationQuality"><value>baseline_coordinate_id_verified_current</value></Data>
      </ExtendedData>
      <Point><coordinates>73.02067271536616,19.049501653970534,0</coordinates></Point>
    </Placemark>
    <Placemark>
      <name>Blinkit 34400</name>
      <description>HR-NCR · Haryana · baseline_coordinate_id_verified_current</description>
      <ExtendedData>
        <Data name="platformId"><value>34400</value></Data>
        <Data name="observedAt"><value>2026-08-26T07:54:29.482Z</value></Data>
        <Data name="locationQuality"><value>baseline_coordinate_id_verified_current</value></Data>
      </ExtendedData>
      <Point><coordinates>77.0373841293788,28.517318347826087,0</coordinates></Point>
    </Placemark>
    <Placemark>
      <name>Blinkit 34404</name>
      <description>Delhi · Delhi · baseline_coordinate_id_verified_current</description>
      <ExtendedData>
        <Data name="platformId"><value>34404</value></Data>
        <Data name="observedAt"><value>2026-08-26T07:52:30.585Z</value></Data>
        <Data name="locationQuality"><value>baseline_coordinate_id_verified_current</value></Data>
      </ExtendedData>
      <Point><coordinates>77.04820556933797,28.577103573122532,0</coordinates></Point>
    </Placemark>
    <Placemark>
      <name>Blinkit 34406</name>
      <description>Hyderabad · Telangana · baseline_coordinate_id_verified_current</description>
      <ExtendedData>
        <Data name="platformId"><value>34406</value></Data>
        <Data name="observedAt"><value>2026-08-26T07:46:10.834Z</value></Data>
        <Data name="locationQuality"><value>baseline_coordinate_id_verified_current</value></Data>
      </ExtendedData>
      <Point><coordinates>78.5412285848094,17.40043621631333,0</coordinates></Point>
    </Placemark>
    <Placemark>
      <name>Blinkit 34410</name>
      <description>Mumbai · Maharashtra · baseline_coordinate_id_verified_current</description>
      <ExtendedData>
        <Data name="platformId"><value>34410</value></Data>
        <Data name="observedAt"><value>2026-08-26T07:47:30.644Z</value></Data>
        <Data name="locationQuality"><value>baseline_coordinate_id_verified_current</value></Data>
      </ExtendedData>
      <Point><coordinates>72.93034520507945,19.148649,0</coordinates></Point>
    </Placemark>
    <Placemark>
      <name>Blinkit 34416</name>
      <description>UP-NCR · Uttar Pradesh · baseline_coordinate_id_verified_current</description>
      <ExtendedData>
        <Data name="platformId"><value>34416</value></Data>
        <Data name="observedAt"><value>2026-08-26T07:53:09.277Z</value></Data>
        <Data name="locationQuality"><value>baseline_coordinate_id_verified_current</value></Data>
      </ExtendedData>
      <Point><coordinates>77.47505455688588,28.677796014372976,0</coordinates></Point>
    </Placemark>
    <Placemark>
      <name>Blinkit 34418</name>
      <description>Delhi · Delhi · baseline_coordinate_id_verified_current</description>
      <ExtendedData>
        <Data name="platformId"><value>34418</value></Data>
        <Data name="observedAt"><value>2026-08-26T07:52:17.763Z</value></Data>
        <Data name="locationQuality"><value>baseline_coordinate_id_verified_current</value></Data>
      </ExtendedData>
      <Point><coordinates>77.05043562440221,28.558656753144092,0</coordinates></Point>
    </Placemark>
    <Placemark>
      <name>Blinkit 34420</name>
      <description>Delhi · Delhi · baseline_coordinate_id_verified_current</description>
      <ExtendedData>
        <Data name="platformId"><value>34420</value></Data>
        <Data name="observedAt"><value>2026-08-26T07:52:36.912Z</value></Data>
        <Data name="locationQuality"><value>baseline_coordinate_id_verified_current</value></Data>
      </ExtendedData>
      <Point><coordinates>77.03315905556344,28.60909165073662,0</coordinates></Point>
    </Placemark>
    <Placemark>
      <name>Blinkit 34422</name>
      <description>Delhi · Delhi · baseline_coordinate_id_verified_current</description>
      <ExtendedData>
        <Data name="platformId"><value>34422</value></Data>
        <Data name="observedAt"><value>2026-08-26T07:52:47.883Z</value></Data>
        <Data name="locationQuality"><value>baseline_coordinate_id_verified_current</value></Data>
      </ExtendedData>
      <Point><coordinates>77.12092431322428,28.639989280273088,0</coordinates></Point>
    </Placemark>
    <Placemark>
      <name>Blinkit 34527</name>
      <description>Delhi · Delhi · baseline_coordinate_id_verified_current</description>
      <ExtendedData>
        <Data name="platformId"><value>34527</value></Data>
        <Data name="observedAt"><value>2026-08-26T07:53:21.481Z</value></Data>
        <Data name="locationQuality"><value>baseline_coordinate_id_verified_current</value></Data>
      </ExtendedData>
      <Point><coordinates>77.02951824192365,28.624128288178223,0</coordinates></Point>
    </Placemark>
    <Placemark>
      <name>Blinkit 34529</name>
      <description>Mumbai · Maharashtra · baseline_coordinate_id_verified_current</description>
      <ExtendedData>
        <Data name="platformId"><value>34529</value></Data>
        <Data name="observedAt"><value>2026-08-26T07:47:14.592Z</value></Data>
        <Data name="locationQuality"><value>baseline_coordinate_id_verified_current</value></Data>
      </ExtendedData>
      <Point><coordinates>73.04273172466475,19.015925965504852,0</coordinates></Point>
    </Placemark>
    <Placemark>
      <name>Blinkit 34532</name>
      <description>Mumbai · Maharashtra · baseline_coordinate_id_verified_current</description>
      <ExtendedData>
        <Data name="platformId"><value>34532</value></Data>
        <Data name="observedAt"><value>2026-08-26T07:47:41.657Z</value></Data>
        <Data name="locationQuality"><value>baseline_coordinate_id_verified_current</value></Data>
      </ExtendedData>
      <Point><coordinates>73.09824337298738,19.206934045634206,0</coordinates></Point>
    </Placemark>
    <Placemark>
      <name>Blinkit 34540</name>
      <description>Bengaluru · Karnataka · baseline_coordinate_id_verified_current</description>
      <ExtendedData>
        <Data name="platformId"><value>34540</value></Data>
        <Data name="observedAt"><value>2026-08-26T07:45:26.944Z</value></Data>
        <Data name="locationQuality"><value>baseline_coordinate_id_verified_current</value></Data>
      </ExtendedData>
      <Point><coordinates>77.55198603929477,13.06301805389867,0</coordinates></Point>
    </Placemark>
    <Placemark>
      <name>Blinkit 34544</name>
      <description>Bengaluru · Karnataka · baseline_coordinate_id_verified_current</description>
      <ExtendedData>
        <Data name="platformId"><value>34544</value></Data>
        <Data name="observedAt"><value>2026-08-26T07:44:50.185Z</value></Data>
        <Data name="locationQuality"><value>baseline_coordinate_id_verified_current</value></Data>
      </ExtendedData>
      <Point><coordinates>77.49931445721091,12.91698763097377,0</coordinates></Point>
    </Placemark>
    <Placemark>
      <name>Blinkit 34546</name>
      <description>Bengaluru · Karnataka · baseline_coordinate_id_verified_current</description>
      <ExtendedData>
        <Data name="platformId"><value>34546</value></Data>
        <Data name="observedAt"><value>2026-08-26T07:44:57.900Z</value></Data>
        <Data name="locationQuality"><value>baseline_coordinate_id_verified_current</value></Data>
      </ExtendedData>
      <Point><coordinates>77.54858225923512,12.936663045634209,0</coordinates></Point>
    </Placemark>
    <Placemark>
      <name>Blinkit 34552</name>
      <description>Hyderabad · Telangana · baseline_coordinate_id_verified_current</description>
      <ExtendedData>
        <Data name="platformId"><value>34552</value></Data>
        <Data name="observedAt"><value>2026-08-26T07:46:24.800Z</value></Data>
        <Data name="locationQuality"><value>baseline_coordinate_id_verified_current</value></Data>
      </ExtendedData>
      <Point><coordinates>78.3150121257737,17.498625583902264,0</coordinates></Point>
    </Placemark>
    <Placemark>
      <name>Blinkit 34554</name>
      <description>Delhi · Delhi · baseline_coordinate_id_verified_current</description>
      <ExtendedData>
        <Data name="platformId"><value>34554</value></Data>
        <Data name="observedAt"><value>2026-08-26T07:52:15.409Z</value></Data>
        <Data name="locationQuality"><value>baseline_coordinate_id_verified_current</value></Data>
      </ExtendedData>
      <Point><coordinates>77.13543600051281,28.524235947179303,0</coordinates></Point>
    </Placemark>
    <Placemark>
      <name>Blinkit 34556</name>
      <description>Mumbai · Maharashtra · baseline_coordinate_id_verified_current</description>
      <ExtendedData>
        <Data name="platformId"><value>34556</value></Data>
        <Data name="observedAt"><value>2026-08-26T07:47:19.936Z</value></Data>
        <Data name="locationQuality"><value>baseline_coordinate_id_verified_current</value></Data>
      </ExtendedData>
      <Point><coordinates>72.90325671651901,19.07003161839741,0</coordinates></Point>
    </Placemark>
    <Placemark>
      <name>Blinkit 34558</name>
      <description>Mumbai · Maharashtra · baseline_coordinate_id_verified_current</description>
      <ExtendedData>
        <Data name="platformId"><value>34558</value></Data>
        <Data name="observedAt"><value>2026-08-26T07:47:44.208Z</value></Data>
        <Data name="locationQuality"><value>baseline_coordinate_id_verified_current</value></Data>
      </ExtendedData>
      <Point><coordinates>72.824257,19.208128799496947,0</coordinates></Point>
    </Placemark>
    <Placemark>
      <name>Blinkit 34596</name>
      <description>Delhi · Delhi · baseline_coordinate_id_verified_current</description>
      <ExtendedData>
        <Data name="platformId"><value>34596</value></Data>
        <Data name="observedAt"><value>2026-08-26T07:52:12.898Z</value></Data>
        <Data name="locationQuality"><value>baseline_coordinate_id_verified_current</value></Data>
      </ExtendedData>
      <Point><coordinates>77.23265359006722,28.525028257635647,0</coordinates></Point>
    </Placemark>
    <Placemark>
      <name>Blinkit 34606</name>
      <description>Hyderabad · Telangana · baseline_coordinate_id_verified_current</description>
      <ExtendedData>
        <Data name="platformId"><value>34606</value></Data>
        <Data name="observedAt"><value>2026-08-26T07:46:08.278Z</value></Data>
        <Data name="locationQuality"><value>baseline_coordinate_id_verified_current</value></Data>
      </ExtendedData>
      <Point><coordinates>78.420978,17.365215341358248,0</coordinates></Point>
    </Placemark>
    <Placemark>
      <name>Blinkit 34612</name>
      <description>Bengaluru · Karnataka · baseline_coordinate_id_verified_current</description>
      <ExtendedData>
        <Data name="platformId"><value>34612</value></Data>
        <Data name="observedAt"><value>2026-08-26T07:44:50.475Z</value></Data>
        <Data name="locationQuality"><value>baseline_coordinate_id_verified_current</value></Data>
      </ExtendedData>
      <Point><coordinates>77.51883764536895,12.91557279087316,0</coordinates></Point>
    </Placemark>
    <Placemark>
      <name>Blinkit 34652</name>
      <description>Mumbai · Maharashtra · baseline_coordinate_id_verified_current</description>
      <ExtendedData>
        <Data name="platformId"><value>34652</value></Data>
        <Data name="observedAt"><value>2026-08-26T07:47:29.601Z</value></Data>
        <Data name="locationQuality"><value>baseline_coordinate_id_verified_current</value></Data>
      </ExtendedData>
      <Point><coordinates>72.9915046158197,19.141256616960113,0</coordinates></Point>
    </Placemark>
    <Placemark>
      <name>Blinkit 34654</name>
      <description>Mumbai · Maharashtra · baseline_coordinate_id_verified_current</description>
      <ExtendedData>
        <Data name="platformId"><value>34654</value></Data>
        <Data name="observedAt"><value>2026-08-26T07:47:38.264Z</value></Data>
        <Data name="locationQuality"><value>baseline_coordinate_id_verified_current</value></Data>
      </ExtendedData>
      <Point><coordinates>72.87397379439797,19.17842126051024,0</coordinates></Point>
    </Placemark>
    <Placemark>
      <name>Blinkit 34658</name>
      <description>Bengaluru · Karnataka · baseline_coordinate_id_verified_current</description>
      <ExtendedData>
        <Data name="platformId"><value>34658</value></Data>
        <Data name="observedAt"><value>2026-08-26T07:45:06.799Z</value></Data>
        <Data name="locationQuality"><value>baseline_coordinate_id_verified_current</value></Data>
      </ExtendedData>
      <Point><coordinates>77.55614236873016,12.975649967301472,0</coordinates></Point>
    </Placemark>
    <Placemark>
      <name>Blinkit 34660</name>
      <description>Hyderabad · Telangana · baseline_coordinate_id_verified_current</description>
      <ExtendedData>
        <Data name="platformId"><value>34660</value></Data>
        <Data name="observedAt"><value>2026-08-26T07:46:21.664Z</value></Data>
        <Data name="locationQuality"><value>baseline_coordinate_id_verified_current</value></Data>
      </ExtendedData>
      <Point><coordinates>78.34630994679081,17.463182499820334,0</coordinates></Point>
    </Placemark>
    <Placemark>
      <name>Blinkit 34664</name>
      <description>Hyderabad · Telangana · baseline_coordinate_id_verified_current</description>
      <ExtendedData>
        <Data name="platformId"><value>34664</value></Data>
        <Data name="observedAt"><value>2026-08-26T07:46:28.065Z</value></Data>
        <Data name="locationQuality"><value>baseline_coordinate_id_verified_current</value></Data>
      </ExtendedData>
      <Point><coordinates>78.37566581631086,17.509956687747035,0</coordinates></Point>
    </Placemark>
    <Placemark>
      <name>Blinkit 34672</name>
      <description>Mumbai · Maharashtra · baseline_coordinate_id_verified_current</description>
      <ExtendedData>
        <Data name="platformId"><value>34672</value></Data>
        <Data name="observedAt"><value>2026-08-26T07:47:48.917Z</value></Data>
        <Data name="locationQuality"><value>baseline_coordinate_id_verified_current</value></Data>
      </ExtendedData>
      <Point><coordinates>72.97438500215982,19.24992983507007,0</coordinates></Point>
    </Placemark>
    <Placemark>
      <name>Blinkit 34679</name>
      <description>Mumbai · Maharashtra · baseline_coordinate_id_verified_current</description>
      <ExtendedData>
        <Data name="platformId"><value>34679</value></Data>
        <Data name="observedAt"><value>2026-08-26T07:47:17.941Z</value></Data>
        <Data name="locationQuality"><value>baseline_coordinate_id_verified_current</value></Data>
      </ExtendedData>
      <Point><coordinates>72.82534514104,19.04741997197269,0</coordinates></Point>
    </Placemark>
    <Placemark>
      <name>Blinkit 34686</name>
      <description>Delhi · Delhi · baseline_coordinate_id_verified_current</description>
      <ExtendedData>
        <Data name="platformId"><value>34686</value></Data>
        <Data name="observedAt"><value>2026-08-26T07:52:13.870Z</value></Data>
        <Data name="locationQuality"><value>baseline_coordinate_id_verified_current</value></Data>
      </ExtendedData>
      <Point><coordinates>77.17739956183532,28.51614587926698,0</coordinates></Point>
    </Placemark>
    <Placemark>
      <name>Blinkit 34730</name>
      <description>UP-NCR · Uttar Pradesh · baseline_coordinate_id_verified_current</description>
      <ExtendedData>
        <Data name="platformId"><value>34730</value></Data>
        <Data name="observedAt"><value>2026-08-26T07:52:21.451Z</value></Data>
        <Data name="locationQuality"><value>baseline_coordinate_id_verified_current</value></Data>
      </ExtendedData>
      <Point><coordinates>77.45146173585486,28.55990431261229,0</coordinates></Point>
    </Placemark>
    <Placemark>
      <name>Blinkit 34732</name>
      <description>HR-NCR · Haryana · baseline_coordinate_id_verified_current</description>
      <ExtendedData>
        <Data name="platformId"><value>34732</value></Data>
        <Data name="observedAt"><value>2026-08-26T07:52:08.524Z</value></Data>
        <Data name="locationQuality"><value>baseline_coordinate_id_verified_current</value></Data>
      </ExtendedData>
      <Point><coordinates>76.98730645988428,28.51029355443766,0</coordinates></Point>
    </Placemark>
    <Placemark>
      <name>Blinkit 34734</name>
      <description>Bengaluru · Karnataka · baseline_coordinate_id_verified_current</description>
      <ExtendedData>
        <Data name="platformId"><value>34734</value></Data>
        <Data name="observedAt"><value>2026-08-26T07:45:27.787Z</value></Data>
        <Data name="locationQuality"><value>baseline_coordinate_id_verified_current</value></Data>
      </ExtendedData>
      <Point><coordinates>77.60109121679102,13.052711024793389,0</coordinates></Point>
    </Placemark>
    <Placemark>
      <name>Blinkit 34742</name>
      <description>Bengaluru · Karnataka · baseline_coordinate_id_verified_current</description>
      <ExtendedData>
        <Data name="platformId"><value>34742</value></Data>
        <Data name="observedAt"><value>2026-08-26T07:45:22.039Z</value></Data>
        <Data name="locationQuality"><value>baseline_coordinate_id_verified_current</value></Data>
      </ExtendedData>
      <Point><coordinates>77.53777830393643,13.023310966942148,0</coordinates></Point>
    </Placemark>
    <Placemark>
      <name>Blinkit 34744</name>
      <description>Bengaluru · Karnataka · baseline_coordinate_id_verified_current</description>
      <ExtendedData>
        <Data name="platformId"><value>34744</value></Data>
        <Data name="observedAt"><value>2026-08-26T07:44:48.953Z</value></Data>
        <Data name="locationQuality"><value>baseline_coordinate_id_verified_current</value></Data>
      </ExtendedData>
      <Point><coordinates>77.6327087281061,12.895588550485089,0</coordinates></Point>
    </Placemark>
    <Placemark>
      <name>Blinkit 34746</name>
      <description>Delhi · Delhi · baseline_coordinate_id_verified_current</description>
      <ExtendedData>
        <Data name="platformId"><value>34746</value></Data>
        <Data name="observedAt"><value>2026-08-26T07:54:44.343Z</value></Data>
        <Data name="locationQuality"><value>baseline_coordinate_id_verified_current</value></Data>
      </ExtendedData>
      <Point><coordinates>77.26139847908122,28.522549594682,0</coordinates></Point>
    </Placemark>
    <Placemark>
      <name>Blinkit 34748</name>
      <description>Delhi · Delhi · baseline_coordinate_id_verified_current</description>
      <ExtendedData>
        <Data name="platformId"><value>34748</value></Data>
        <Data name="observedAt"><value>2026-08-26T07:52:38.945Z</value></Data>
        <Data name="locationQuality"><value>baseline_coordinate_id_verified_current</value></Data>
      </ExtendedData>
      <Point><coordinates>77.22072227842008,28.62833238447718,0</coordinates></Point>
    </Placemark>
    <Placemark>
      <name>Blinkit 34750</name>
      <description>Mumbai · Maharashtra · baseline_coordinate_id_verified_current</description>
      <ExtendedData>
        <Data name="platformId"><value>34750</value></Data>
        <Data name="observedAt"><value>2026-08-26T07:47:09.435Z</value></Data>
        <Data name="locationQuality"><value>baseline_coordinate_id_verified_current</value></Data>
      </ExtendedData>
      <Point><coordinates>72.81173370352954,18.962324612648217,0</coordinates></Point>
    </Placemark>
    <Placemark>
      <name>Blinkit 34752</name>
      <description>Bengaluru · Karnataka · baseline_coordinate_id_verified_current</description>
      <ExtendedData>
        <Data name="platformId"><value>34752</value></Data>
        <Data name="observedAt"><value>2026-08-26T07:54:30.838Z</value></Data>
        <Data name="locationQuality"><value>baseline_coordinate_id_verified_current</value></Data>
      </ExtendedData>
      <Point><coordinates>77.663088,12.867960773625583,0</coordinates></Point>
    </Placemark>
    <Placemark>
      <name>Blinkit 34754</name>
      <description>Bengaluru · Karnataka · baseline_coordinate_id_verified_current</description>
      <ExtendedData>
        <Data name="platformId"><value>34754</value></Data>
        <Data name="observedAt"><value>2026-08-26T07:45:13.543Z</value></Data>
        <Data name="locationQuality"><value>baseline_coordinate_id_verified_current</value></Data>
      </ExtendedData>
      <Point><coordinates>77.71722090369373,12.989749730686308,0</coordinates></Point>
    </Placemark>
    <Placemark>
      <name>Blinkit 34756</name>
      <description>Bengaluru · Karnataka · baseline_coordinate_id_verified_current</description>
      <ExtendedData>
        <Data name="platformId"><value>34756</value></Data>
        <Data name="observedAt"><value>2026-08-26T07:45:32.115Z</value></Data>
        <Data name="locationQuality"><value>baseline_coordinate_id_verified_current</value></Data>
      </ExtendedData>
      <Point><coordinates>77.74137135106825,13.064209407833275,0</coordinates></Point>
    </Placemark>
    <Placemark>
      <name>Blinkit 34764</name>
      <description>Mumbai · Maharashtra · baseline_coordinate_id_verified_current</description>
      <ExtendedData>
        <Data name="platformId"><value>34764</value></Data>
        <Data name="observedAt"><value>2026-08-26T07:47:23.850Z</value></Data>
        <Data name="locationQuality"><value>baseline_coordinate_id_verified_current</value></Data>
      </ExtendedData>
      <Point><coordinates>72.838832,19.104424025871364,0</coordinates></Point>
    </Placemark>
    <Placemark>
      <name>Blinkit 34766</name>
      <description>Bengaluru · Karnataka · baseline_coordinate_id_verified_current</description>
      <ExtendedData>
        <Data name="platformId"><value>34766</value></Data>
        <Data name="observedAt"><value>2026-08-26T07:45:20.715Z</value></Data>
        <Data name="locationQuality"><value>baseline_coordinate_id_verified_current</value></Data>
      </ExtendedData>
      <Point><coordinates>77.71792586052331,13.0261756960115,0</coordinates></Point>
    </Placemark>
    <Placemark>
      <name>Blinkit 34768</name>
      <description>Pune · Maharashtra · baseline_coordinate_id_verified_current</description>
      <ExtendedData>
        <Data name="platformId"><value>34768</value></Data>
        <Data name="observedAt"><value>2026-08-26T07:46:42.414Z</value></Data>
        <Data name="locationQuality"><value>baseline_coordinate_id_verified_current</value></Data>
      </ExtendedData>
      <Point><coordinates>73.8803944640615,18.46038426051024,0</coordinates></Point>
    </Placemark>
    <Placemark>
      <name>Blinkit 34776</name>
      <description>Hyderabad · Telangana · baseline_coordinate_id_verified_current</description>
      <ExtendedData>
        <Data name="platformId"><value>34776</value></Data>
        <Data name="observedAt"><value>2026-08-26T07:46:14.536Z</value></Data>
        <Data name="locationQuality"><value>baseline_coordinate_id_verified_current</value></Data>
      </ExtendedData>
      <Point><coordinates>78.36678748923335,17.414544224577792,0</coordinates></Point>
    </Placemark>
    <Placemark>
      <name>Blinkit 34780</name>
      <description>Bengaluru · Karnataka · baseline_coordinate_id_verified_current</description>
      <ExtendedData>
        <Data name="platformId"><value>34780</value></Data>
        <Data name="observedAt"><value>2026-08-26T07:45:19.672Z</value></Data>
        <Data name="locationQuality"><value>baseline_coordinate_id_verified_current</value></Data>
      </ExtendedData>
      <Point><coordinates>77.6701093233456,13.023312483291413,0</coordinates></Point>
    </Placemark>
    <Placemark>
      <name>Blinkit 34784</name>
      <description>Mumbai · Maharashtra · baseline_coordinate_id_verified_current</description>
      <ExtendedData>
        <Data name="platformId"><value>34784</value></Data>
        <Data name="observedAt"><value>2026-08-26T07:47:42.760Z</value></Data>
        <Data name="locationQuality"><value>baseline_coordinate_id_verified_current</value></Data>
      </ExtendedData>
      <Point><coordinates>72.86912745756945,19.21008502623069,0</coordinates></Point>
    </Placemark>
    <Placemark>
      <name>Blinkit 34786</name>
      <description>HR-NCR · Haryana · baseline_coordinate_id_verified_current</description>
      <ExtendedData>
        <Data name="platformId"><value>34786</value></Data>
        <Data name="observedAt"><value>2026-08-26T07:51:35.727Z</value></Data>
        <Data name="locationQuality"><value>baseline_coordinate_id_verified_current</value></Data>
      </ExtendedData>
      <Point><coordinates>76.9468404095389,28.364865,0</coordinates></Point>
    </Placemark>
    <Placemark>
      <name>Blinkit 34828</name>
      <description>Hyderabad · Telangana · baseline_coordinate_id_verified_current</description>
      <ExtendedData>
        <Data name="platformId"><value>34828</value></Data>
        <Data name="observedAt"><value>2026-08-26T07:46:23.843Z</value></Data>
        <Data name="locationQuality"><value>baseline_coordinate_id_verified_current</value></Data>
      </ExtendedData>
      <Point><coordinates>78.4132745667953,17.46805025476105,0</coordinates></Point>
    </Placemark>
    <Placemark>
      <name>Blinkit 34830</name>
      <description>Delhi · Delhi · baseline_coordinate_id_verified_current</description>
      <ExtendedData>
        <Data name="platformId"><value>34830</value></Data>
        <Data name="observedAt"><value>2026-08-26T07:53:07.381Z</value></Data>
        <Data name="locationQuality"><value>baseline_coordinate_id_verified_current</value></Data>
      </ExtendedData>
      <Point><coordinates>77.26364512709341,28.69284050556953,0</coordinates></Point>
    </Placemark>
    <Placemark>
      <name>Blinkit 34835</name>
      <description>Bengaluru · Karnataka · baseline_coordinate_id_verified_current</description>
      <ExtendedData>
        <Data name="platformId"><value>34835</value></Data>
        <Data name="observedAt"><value>2026-08-26T07:45:13.249Z</value></Data>
        <Data name="locationQuality"><value>baseline_coordinate_id_verified_current</value></Data>
      </ExtendedData>
      <Point><coordinates>77.73395004757805,12.98010125332375,0</coordinates></Point>
    </Placemark>
    <Placemark>
      <name>Blinkit 34836</name>
      <description>Faridabad · Haryana · baseline_coordinate_id_verified_current</description>
      <ExtendedData>
        <Data name="platformId"><value>34836</value></Data>
        <Data name="observedAt"><value>2026-08-26T07:51:39.680Z</value></Data>
        <Data name="locationQuality"><value>baseline_coordinate_id_verified_current</value></Data>
      </ExtendedData>
      <Point><coordinates>77.27224983898797,28.40402609234639,0</coordinates></Point>
    </Placemark>
    <Placemark>
      <name>Blinkit 34870</name>
      <description>HR-NCR · Haryana · baseline_coordinate_id_verified_current</description>
      <ExtendedData>
        <Data name="platformId"><value>34870</value></Data>
        <Data name="observedAt"><value>2026-08-26T07:54:37.856Z</value></Data>
        <Data name="locationQuality"><value>baseline_coordinate_id_verified_current</value></Data>
      </ExtendedData>
      <Point><coordinates>77.08772368898951,28.446875752066116,0</coordinates></Point>
    </Placemark>
    <Placemark>
      <name>Blinkit 34878</name>
      <description>Mumbai · Maharashtra · baseline_coordinate_id_verified_current</description>
      <ExtendedData>
        <Data name="platformId"><value>34878</value></Data>
        <Data name="observedAt"><value>2026-08-26T07:47:12.643Z</value></Data>
        <Data name="locationQuality"><value>baseline_coordinate_id_verified_current</value></Data>
      </ExtendedData>
      <Point><coordinates>72.8508930520528,18.997120912684153,0</coordinates></Point>
    </Placemark>
    <Placemark>
      <name>Blinkit 34990</name>
      <description>HR-NCR · Haryana · baseline_coordinate_id_verified_current</description>
      <ExtendedData>
        <Data name="platformId"><value>34990</value></Data>
        <Data name="observedAt"><value>2026-08-26T07:52:07.843Z</value></Data>
        <Data name="locationQuality"><value>baseline_coordinate_id_verified_current</value></Data>
      </ExtendedData>
      <Point><coordinates>77.02040812742766,28.49563196191161,0</coordinates></Point>
    </Placemark>
    <Placemark>
      <name>Blinkit 34992</name>
      <description>HR-NCR · Haryana · baseline_coordinate_id_verified_current</description>
      <ExtendedData>
        <Data name="platformId"><value>34992</value></Data>
        <Data name="observedAt"><value>2026-08-26T07:51:54.750Z</value></Data>
        <Data name="locationQuality"><value>baseline_coordinate_id_verified_current</value></Data>
      </ExtendedData>
      <Point><coordinates>77.00369481932752,28.472973,0</coordinates></Point>
    </Placemark>
    <Placemark>
      <name>Blinkit 34994</name>
      <description>Bengaluru · Karnataka · baseline_coordinate_id_verified_current</description>
      <ExtendedData>
        <Data name="platformId"><value>34994</value></Data>
        <Data name="observedAt"><value>2026-08-26T07:44:52.390Z</value></Data>
        <Data name="locationQuality"><value>baseline_coordinate_id_verified_current</value></Data>
      </ExtendedData>
      <Point><coordinates>77.62505502088707,12.912702686669062,0</coordinates></Point>
    </Placemark>
    <Placemark>
      <name>Blinkit 34996</name>
      <description>HR-NCR · Haryana · baseline_coordinate_id_verified_current</description>
      <ExtendedData>
        <Data name="platformId"><value>34996</value></Data>
        <Data name="observedAt"><value>2026-08-26T07:51:52.255Z</value></Data>
        <Data name="locationQuality"><value>baseline_coordinate_id_verified_current</value></Data>
      </ExtendedData>
      <Point><coordinates>77.02371784146362,28.452663121810996,0</coordinates></Point>
    </Placemark>
    <Placemark>
      <name>Blinkit 35002</name>
      <description>Mumbai · Maharashtra · baseline_coordinate_id_verified_current</description>
      <ExtendedData>
        <Data name="platformId"><value>35002</value></Data>
        <Data name="observedAt"><value>2026-08-26T07:47:18.626Z</value></Data>
        <Data name="locationQuality"><value>baseline_coordinate_id_verified_current</value></Data>
      </ExtendedData>
      <Point><coordinates>72.89190608267192,19.05989189974847,0</coordinates></Point>
    </Placemark>
    <Placemark>
      <name>Blinkit 35008</name>
      <description>Delhi · Delhi · baseline_coordinate_id_verified_current</description>
      <ExtendedData>
        <Data name="platformId"><value>35008</value></Data>
        <Data name="observedAt"><value>2026-08-26T07:53:07.640Z</value></Data>
        <Data name="locationQuality"><value>baseline_coordinate_id_verified_current</value></Data>
      </ExtendedData>
      <Point><coordinates>77.28759963386142,28.675676,0</coordinates></Point>
    </Placemark>
    <Placemark>
      <name>Blinkit 35010</name>
      <description>HR-NCR · Haryana · baseline_coordinate_id_verified_current</description>
      <ExtendedData>
        <Data name="platformId"><value>35010</value></Data>
        <Data name="observedAt"><value>2026-08-26T07:51:36.362Z</value></Data>
        <Data name="locationQuality"><value>baseline_coordinate_id_verified_current</value></Data>
      </ExtendedData>
      <Point><coordinates>76.97061367685001,28.35335763384837,0</coordinates></Point>
    </Placemark>
    <Placemark>
      <name>Blinkit 35012</name>
      <description>UP-NCR · Uttar Pradesh · baseline_coordinate_id_verified_current</description>
      <ExtendedData>
        <Data name="platformId"><value>35012</value></Data>
        <Data name="observedAt"><value>2026-08-26T07:52:30.258Z</value></Data>
        <Data name="locationQuality"><value>baseline_coordinate_id_verified_current</value></Data>
      </ExtendedData>
      <Point><coordinates>77.48581281182209,28.57047852820697,0</coordinates></Point>
    </Placemark>
    <Placemark>
      <name>Blinkit 35026</name>
      <description>Mumbai · Maharashtra · baseline_coordinate_id_verified_current</description>
      <ExtendedData>
        <Data name="platformId"><value>35026</value></Data>
        <Data name="observedAt"><value>2026-08-26T07:47:49.248Z</value></Data>
        <Data name="locationQuality"><value>baseline_coordinate_id_verified_current</value></Data>
      </ExtendedData>
      <Point><coordinates>72.96530422108869,19.26549307617679,0</coordinates></Point>
    </Placemark>
    <Placemark>
      <name>Blinkit 35030</name>
      <description>Mumbai · Maharashtra · baseline_coordinate_id_verified_current</description>
      <ExtendedData>
        <Data name="platformId"><value>35030</value></Data>
        <Data name="observedAt"><value>2026-08-26T07:47:25.781Z</value></Data>
        <Data name="locationQuality"><value>baseline_coordinate_id_verified_current</value></Data>
      </ExtendedData>
      <Point><coordinates>72.88440038455875,19.111911256198347,0</coordinates></Point>
    </Placemark>
    <Placemark>
      <name>Blinkit 35034</name>
      <description>Pune · Maharashtra · baseline_coordinate_id_verified_current</description>
      <ExtendedData>
        <Data name="platformId"><value>35034</value></Data>
        <Data name="observedAt"><value>2026-08-26T07:47:03.949Z</value></Data>
        <Data name="locationQuality"><value>baseline_coordinate_id_verified_current</value></Data>
      </ExtendedData>
      <Point><coordinates>73.80287187776572,18.63247150736615,0</coordinates></Point>
    </Placemark>
    <Placemark>
      <name>Blinkit 35038</name>
      <description>UP-NCR · Uttar Pradesh · baseline_coordinate_id_verified_current</description>
      <ExtendedData>
        <Data name="platformId"><value>35038</value></Data>
        <Data name="observedAt"><value>2026-08-26T07:52:25.577Z</value></Data>
        <Data name="locationQuality"><value>baseline_coordinate_id_verified_current</value></Data>
      </ExtendedData>
      <Point><coordinates>77.400742,28.56590612432627,0</coordinates></Point>
    </Placemark>
    <Placemark>
      <name>Blinkit 35076</name>
      <description>Mumbai · Maharashtra · baseline_coordinate_id_verified_current</description>
      <ExtendedData>
        <Data name="platformId"><value>35076</value></Data>
        <Data name="observedAt"><value>2026-08-26T07:47:39.218Z</value></Data>
        <Data name="locationQuality"><value>baseline_coordinate_id_verified_current</value></Data>
      </ExtendedData>
      <Point><coordinates>72.94324670085363,19.170771220984548,0</coordinates></Point>
    </Placemark>
    <Placemark>
      <name>Blinkit 35088</name>
      <description>Bengaluru · Karnataka · baseline_coordinate_id_verified_current</description>
      <ExtendedData>
        <Data name="platformId"><value>35088</value></Data>
        <Data name="observedAt"><value>2026-08-26T07:45:08.209Z</value></Data>
        <Data name="locationQuality"><value>baseline_coordinate_id_verified_current</value></Data>
      </ExtendedData>
      <Point><coordinates>77.6419779904519,12.979166855551563,0</coordinates></Point>
    </Placemark>
    <Placemark>
      <name>Blinkit 35156</name>
      <description>Delhi · Delhi · baseline_coordinate_id_verified_current</description>
      <ExtendedData>
        <Data name="platformId"><value>35156</value></Data>
        <Data name="observedAt"><value>2026-08-26T07:52:24.046Z</value></Data>
        <Data name="locationQuality"><value>baseline_coordinate_id_verified_current</value></Data>
      </ExtendedData>
      <Point><coordinates>77.21329989604081,28.546128495508444,0</coordinates></Point>
    </Placemark>
    <Placemark>
      <name>Blinkit 35160</name>
      <description>Delhi · Delhi · baseline_coordinate_id_verified_current</description>
      <ExtendedData>
        <Data name="platformId"><value>35160</value></Data>
        <Data name="observedAt"><value>2026-08-26T07:53:20.828Z</value></Data>
        <Data name="locationQuality"><value>baseline_coordinate_id_verified_current</value></Data>
      </ExtendedData>
      <Point><coordinates>77.04055755846322,28.62026555012576,0</coordinates></Point>
    </Placemark>
    <Placemark>
      <name>Blinkit 35262</name>
      <description>Pune · Maharashtra · baseline_coordinate_id_verified_current</description>
      <ExtendedData>
        <Data name="platformId"><value>35262</value></Data>
        <Data name="observedAt"><value>2026-08-26T07:47:04.543Z</value></Data>
        <Data name="locationQuality"><value>baseline_coordinate_id_verified_current</value></Data>
      </ExtendedData>
      <Point><coordinates>73.75435623370248,18.642136243981316,0</coordinates></Point>
    </Placemark>
    <Placemark>
      <name>Blinkit 35264</name>
      <description>Bengaluru · Karnataka · baseline_coordinate_id_verified_current</description>
      <ExtendedData>
        <Data name="platformId"><value>35264</value></Data>
        <Data name="observedAt"><value>2026-08-26T07:45:33.892Z</value></Data>
        <Data name="locationQuality"><value>baseline_coordinate_id_verified_current</value></Data>
      </ExtendedData>
      <Point><coordinates>77.64403650794321,13.08007489148401,0</coordinates></Point>
    </Placemark>
    <Placemark>
      <name>Blinkit 35298</name>
      <description>Delhi · Delhi · baseline_coordinate_id_verified_current</description>
      <ExtendedData>
        <Data name="platformId"><value>35298</value></Data>
        <Data name="observedAt"><value>2026-08-26T07:53:03.052Z</value></Data>
        <Data name="locationQuality"><value>baseline_coordinate_id_verified_current</value></Data>
      </ExtendedData>
      <Point><coordinates>77.20296224338247,28.65896401221703,0</coordinates></Point>
    </Placemark>
    <Placemark>
      <name>Blinkit 35302</name>
      <description>UP-NCR · Uttar Pradesh · baseline_coordinate_id_verified_current</description>
      <ExtendedData>
        <Data name="platformId"><value>35302</value></Data>
        <Data name="observedAt"><value>2026-08-26T07:53:16.255Z</value></Data>
        <Data name="locationQuality"><value>baseline_coordinate_id_verified_current</value></Data>
      </ExtendedData>
      <Point><coordinates>77.4255545791238,28.706952011857705,0</coordinates></Point>
    </Placemark>
    <Placemark>
      <name>Blinkit 35310</name>
      <description>Hyderabad · Telangana · baseline_coordinate_id_verified_current</description>
      <ExtendedData>
        <Data name="platformId"><value>35310</value></Data>
        <Data name="observedAt"><value>2026-08-26T07:46:14.167Z</value></Data>
        <Data name="locationQuality"><value>baseline_coordinate_id_verified_current</value></Data>
      </ExtendedData>
      <Point><coordinates>78.3286869817876,17.42316099065756,0</coordinates></Point>
    </Placemark>
    <Placemark>
      <name>Blinkit 35312</name>
      <description>Pune · Maharashtra · baseline_coordinate_id_verified_current</description>
      <ExtendedData>
        <Data name="platformId"><value>35312</value></Data>
        <Data name="observedAt"><value>2026-08-26T07:47:02.112Z</value></Data>
        <Data name="locationQuality"><value>baseline_coordinate_id_verified_current</value></Data>
      </ExtendedData>
      <Point><coordinates>73.77352484933995,18.613021762127204,0</coordinates></Point>
    </Placemark>
    <Placemark>
      <name>Blinkit 35320</name>
      <description>UP-NCR · Uttar Pradesh · baseline_coordinate_id_verified_current</description>
      <ExtendedData>
        <Data name="platformId"><value>35320</value></Data>
        <Data name="observedAt"><value>2026-08-26T07:52:44.182Z</value></Data>
        <Data name="locationQuality"><value>baseline_coordinate_id_verified_current</value></Data>
      </ExtendedData>
      <Point><coordinates>77.36215368650751,28.592012355371903,0</coordinates></Point>
    </Placemark>
    <Placemark>
      <name>Blinkit 35322</name>
      <description>Bengaluru · Karnataka · baseline_coordinate_id_verified_current</description>
      <ExtendedData>
        <Data name="platformId"><value>35322</value></Data>
        <Data name="observedAt"><value>2026-08-26T07:49:05.333Z</value></Data>
        <Data name="locationQuality"><value>baseline_coordinate_id_verified_current</value></Data>
      </ExtendedData>
      <Point><coordinates>77.68424449694515,12.861994895795904,0</coordinates></Point>
    </Placemark>
    <Placemark>
      <name>Blinkit 35324</name>
      <description>Delhi · Delhi · baseline_coordinate_id_verified_current</description>
      <ExtendedData>
        <Data name="platformId"><value>35324</value></Data>
        <Data name="observedAt"><value>2026-08-26T07:53:13.263Z</value></Data>
        <Data name="locationQuality"><value>baseline_coordinate_id_verified_current</value></Data>
      </ExtendedData>
      <Point><coordinates>77.10027851320875,28.706109999281352,0</coordinates></Point>
    </Placemark>
    <Placemark>
      <name>Blinkit 35328</name>
      <description>Delhi · Delhi · baseline_coordinate_id_verified_current</description>
      <ExtendedData>
        <Data name="platformId"><value>35328</value></Data>
        <Data name="observedAt"><value>2026-08-26T07:53:19.215Z</value></Data>
        <Data name="locationQuality"><value>baseline_coordinate_id_verified_current</value></Data>
      </ExtendedData>
      <Point><coordinates>77.26606079677053,28.718695338842974,0</coordinates></Point>
    </Placemark>
    <Placemark>
      <name>Blinkit 35330</name>
      <description>Delhi · Delhi · baseline_coordinate_id_verified_current</description>
      <ExtendedData>
        <Data name="platformId"><value>35330</value></Data>
        <Data name="observedAt"><value>2026-08-26T07:52:34.646Z</value></Data>
        <Data name="locationQuality"><value>baseline_coordinate_id_verified_current</value></Data>
      </ExtendedData>
      <Point><coordinates>77.02928802059908,28.58971041951132,0</coordinates></Point>
    </Placemark>
    <Placemark>
      <name>Blinkit 35334</name>
      <description>HR-NCR · Haryana · baseline_coordinate_id_verified_current</description>
      <ExtendedData>
        <Data name="platformId"><value>35334</value></Data>
        <Data name="observedAt"><value>2026-08-26T07:51:49.694Z</value></Data>
        <Data name="locationQuality"><value>baseline_coordinate_id_verified_current</value></Data>
      </ExtendedData>
      <Point><coordinates>77.065522,28.42596415954006,0</coordinates></Point>
    </Placemark>
    <Placemark>
      <name>Blinkit 35372</name>
      <description>Hyderabad · Telangana · baseline_coordinate_id_verified_current</description>
      <ExtendedData>
        <Data name="platformId"><value>35372</value></Data>
        <Data name="observedAt"><value>2026-08-26T07:46:22.207Z</value></Data>
        <Data name="locationQuality"><value>baseline_coordinate_id_verified_current</value></Data>
      </ExtendedData>
      <Point><coordinates>78.3677393876797,17.462277297161332,0</coordinates></Point>
    </Placemark>
    <Placemark>
      <name>Blinkit 35374</name>
      <description>Delhi · Delhi · baseline_coordinate_id_verified_current</description>
      <ExtendedData>
        <Data name="platformId"><value>35374</value></Data>
        <Data name="observedAt"><value>2026-08-26T07:52:09.122Z</value></Data>
        <Data name="locationQuality"><value>baseline_coordinate_id_verified_current</value></Data>
      </ExtendedData>
      <Point><coordinates>77.24597458781808,28.50165738411786,0</coordinates></Point>
    </Placemark>
    <Placemark>
      <name>Blinkit 35376</name>
      <description>Mumbai · Maharashtra · baseline_coordinate_id_verified_current</description>
      <ExtendedData>
        <Data name="platformId"><value>35376</value></Data>
        <Data name="observedAt"><value>2026-08-26T07:47:50.762Z</value></Data>
        <Data name="locationQuality"><value>baseline_coordinate_id_verified_current</value></Data>
      </ExtendedData>
      <Point><coordinates>72.95543,19.279490072583542,0</coordinates></Point>
    </Placemark>
    <Placemark>
      <name>Blinkit 35382</name>
      <description>Pune · Maharashtra · baseline_coordinate_id_verified_current</description>
      <ExtendedData>
        <Data name="platformId"><value>35382</value></Data>
        <Data name="observedAt"><value>2026-08-26T07:47:05.710Z</value></Data>
        <Data name="locationQuality"><value>baseline_coordinate_id_verified_current</value></Data>
      </ExtendedData>
      <Point><coordinates>73.78010873927151,18.655159664390943,0</coordinates></Point>
    </Placemark>
    <Placemark>
      <name>Blinkit 35386</name>
      <description>Pune · Maharashtra · baseline_coordinate_id_verified_current</description>
      <ExtendedData>
        <Data name="platformId"><value>35386</value></Data>
        <Data name="observedAt"><value>2026-08-26T07:47:06.911Z</value></Data>
        <Data name="locationQuality"><value>baseline_coordinate_id_verified_current</value></Data>
      </ExtendedData>
      <Point><coordinates>73.8334828796196,18.67945358983112,0</coordinates></Point>
    </Placemark>
    <Placemark>
      <name>Blinkit 35388</name>
      <description>Bengaluru · Karnataka · baseline_coordinate_id_verified_current</description>
      <ExtendedData>
        <Data name="platformId"><value>35388</value></Data>
        <Data name="observedAt"><value>2026-08-26T07:45:31.169Z</value></Data>
        <Data name="locationQuality"><value>baseline_coordinate_id_verified_current</value></Data>
      </ExtendedData>
      <Point><coordinates>77.58062905961508,13.067568,0</coordinates></Point>
    </Placemark>
    <Placemark>
      <name>Blinkit 35390</name>
      <description>Delhi · Delhi · baseline_coordinate_id_verified_current</description>
      <ExtendedData>
        <Data name="platformId"><value>35390</value></Data>
        <Data name="observedAt"><value>2026-08-26T07:52:48.568Z</value></Data>
        <Data name="locationQuality"><value>baseline_coordinate_id_verified_current</value></Data>
      </ExtendedData>
      <Point><coordinates>77.1048756767468,28.63459152173913,0</coordinates></Point>
    </Placemark>
    <Placemark>
      <name>Blinkit 35426</name>
      <description>HR-NCR · Haryana · baseline_coordinate_id_verified_current</description>
      <ExtendedData>
        <Data name="platformId"><value>35426</value></Data>
        <Data name="observedAt"><value>2026-08-26T07:51:39.409Z</value></Data>
        <Data name="locationQuality"><value>baseline_coordinate_id_verified_current</value></Data>
      </ExtendedData>
      <Point><coordinates>77.05709935729578,28.391370979518506,0</coordinates></Point>
    </Placemark>
    <Placemark>
      <name>Blinkit 35460</name>
      <description>Delhi · Delhi · baseline_coordinate_id_verified_current</description>
      <ExtendedData>
        <Data name="platformId"><value>35460</value></Data>
        <Data name="observedAt"><value>2026-08-26T07:52:15.126Z</value></Data>
        <Data name="locationQuality"><value>baseline_coordinate_id_verified_current</value></Data>
      </ExtendedData>
      <Point><coordinates>77.08657830893549,28.53097956916996,0</coordinates></Point>
    </Placemark>
    <Placemark>
      <name>Blinkit 35494</name>
      <description>Bengaluru · Karnataka · baseline_coordinate_id_verified_current</description>
      <ExtendedData>
        <Data name="platformId"><value>35494</value></Data>
        <Data name="observedAt"><value>2026-08-26T07:45:08.528Z</value></Data>
        <Data name="locationQuality"><value>baseline_coordinate_id_verified_current</value></Data>
      </ExtendedData>
      <Point><coordinates>77.67445418606691,12.969359543298598,0</coordinates></Point>
    </Placemark>
    <Placemark>
      <name>Blinkit 35530</name>
      <description>Pune · Maharashtra · baseline_coordinate_id_verified_current</description>
      <ExtendedData>
        <Data name="platformId"><value>35530</value></Data>
        <Data name="observedAt"><value>2026-08-26T07:47:05.969Z</value></Data>
        <Data name="locationQuality"><value>baseline_coordinate_id_verified_current</value></Data>
      </ExtendedData>
      <Point><coordinates>73.73103888389194,18.662162,0</coordinates></Point>
    </Placemark>
    <Placemark>
      <name>Blinkit 35532</name>
      <description>Pune · Maharashtra · baseline_coordinate_id_verified_current</description>
      <ExtendedData>
        <Data name="platformId"><value>35532</value></Data>
        <Data name="observedAt"><value>2026-08-26T07:46:40.314Z</value></Data>
        <Data name="locationQuality"><value>baseline_coordinate_id_verified_current</value></Data>
      </ExtendedData>
      <Point><coordinates>73.82221794128306,18.444978069708945,0</coordinates></Point>
    </Placemark>
    <Placemark>
      <name>Blinkit 35538</name>
      <description>Hyderabad · Telangana · baseline_coordinate_id_verified_current</description>
      <ExtendedData>
        <Data name="platformId"><value>35538</value></Data>
        <Data name="observedAt"><value>2026-08-26T07:46:15.228Z</value></Data>
        <Data name="locationQuality"><value>baseline_coordinate_id_verified_current</value></Data>
      </ExtendedData>
      <Point><coordinates>78.43282626444268,17.42708255695293,0</coordinates></Point>
    </Placemark>
    <Placemark>
      <name>Blinkit 35540</name>
      <description>Delhi · Delhi · baseline_coordinate_id_verified_current</description>
      <ExtendedData>
        <Data name="platformId"><value>35540</value></Data>
        <Data name="observedAt"><value>2026-08-26T07:52:51.032Z</value></Data>
        <Data name="locationQuality"><value>baseline_coordinate_id_verified_current</value></Data>
      </ExtendedData>
      <Point><coordinates>77.23122316271798,28.642688705353933,0</coordinates></Point>
    </Placemark>
    <Placemark>
      <name>Blinkit 35554</name>
      <description>Delhi · Delhi · baseline_coordinate_id_verified_current</description>
      <ExtendedData>
        <Data name="platformId"><value>35554</value></Data>
        <Data name="observedAt"><value>2026-08-26T07:52:27.707Z</value></Data>
        <Data name="locationQuality"><value>baseline_coordinate_id_verified_current</value></Data>
      </ExtendedData>
      <Point><coordinates>77.24088443572202,28.56569951275602,0</coordinates></Point>
    </Placemark>
    <Placemark>
      <name>Blinkit 35558</name>
      <description>Bengaluru · Karnataka · baseline_coordinate_id_verified_current</description>
      <ExtendedData>
        <Data name="platformId"><value>35558</value></Data>
        <Data name="observedAt"><value>2026-08-26T07:45:05.292Z</value></Data>
        <Data name="locationQuality"><value>baseline_coordinate_id_verified_current</value></Data>
      </ExtendedData>
      <Point><coordinates>77.70869345180299,12.958156448796263,0</coordinates></Point>
    </Placemark>
    <Placemark>
      <name>Blinkit 35560</name>
      <description>Hyderabad · Telangana · baseline_coordinate_id_verified_current</description>
      <ExtendedData>
        <Data name="platformId"><value>35560</value></Data>
        <Data name="observedAt"><value>2026-08-26T07:46:18.900Z</value></Data>
        <Data name="locationQuality"><value>baseline_coordinate_id_verified_current</value></Data>
      </ExtendedData>
      <Point><coordinates>78.30954457596319,17.468890175709667,0</coordinates></Point>
    </Placemark>
    <Placemark>
      <name>Blinkit 35564</name>
      <description>HR-NCR · Haryana · baseline_coordinate_id_verified_current</description>
      <ExtendedData>
        <Data name="platformId"><value>35564</value></Data>
        <Data name="observedAt"><value>2026-08-26T07:51:36.059Z</value></Data>
        <Data name="locationQuality"><value>baseline_coordinate_id_verified_current</value></Data>
      </ExtendedData>
      <Point><coordinates>77.07118787110738,28.361707436219906,0</coordinates></Point>
    </Placemark>
    <Placemark>
      <name>Blinkit 35566</name>
      <description>Mumbai · Maharashtra · baseline_coordinate_id_verified_current</description>
      <ExtendedData>
        <Data name="platformId"><value>35566</value></Data>
        <Data name="observedAt"><value>2026-08-26T07:48:29.695Z</value></Data>
        <Data name="locationQuality"><value>baseline_coordinate_id_verified_current</value></Data>
      </ExtendedData>
      <Point><coordinates>72.90169193927336,19.107151298598637,0</coordinates></Point>
    </Placemark>
    <Placemark>
      <name>Blinkit 35568</name>
      <description>Bengaluru · Karnataka · baseline_coordinate_id_verified_current</description>
      <ExtendedData>
        <Data name="platformId"><value>35568</value></Data>
        <Data name="observedAt"><value>2026-08-26T07:54:41.918Z</value></Data>
        <Data name="locationQuality"><value>baseline_coordinate_id_verified_current</value></Data>
      </ExtendedData>
      <Point><coordinates>77.7150037288416,12.951256327344591,0</coordinates></Point>
    </Placemark>
    <Placemark>
      <name>Blinkit 35570</name>
      <description>Bengaluru · Karnataka · baseline_coordinate_id_verified_current</description>
      <ExtendedData>
        <Data name="platformId"><value>35570</value></Data>
        <Data name="observedAt"><value>2026-08-26T07:45:05.044Z</value></Data>
        <Data name="locationQuality"><value>baseline_coordinate_id_verified_current</value></Data>
      </ExtendedData>
      <Point><coordinates>77.72943871071409,12.956830348185411,0</coordinates></Point>
    </Placemark>
    <Placemark>
      <name>Blinkit 35572</name>
      <description>Bengaluru · Karnataka · baseline_coordinate_id_verified_current</description>
      <ExtendedData>
        <Data name="platformId"><value>35572</value></Data>
        <Data name="observedAt"><value>2026-08-26T07:45:08.887Z</value></Data>
        <Data name="locationQuality"><value>baseline_coordinate_id_verified_current</value></Data>
      </ExtendedData>
      <Point><coordinates>77.69695141631868,12.974545198706432,0</coordinates></Point>
    </Placemark>
    <Placemark>
      <name>Blinkit 35574</name>
      <description>Delhi · Delhi · baseline_coordinate_id_verified_current</description>
      <ExtendedData>
        <Data name="platformId"><value>35574</value></Data>
        <Data name="observedAt"><value>2026-08-26T07:54:48.180Z</value></Data>
        <Data name="locationQuality"><value>baseline_coordinate_id_verified_current</value></Data>
      </ExtendedData>
      <Point><coordinates>77.24272998762191,28.540366920948614,0</coordinates></Point>
    </Placemark>
    <Placemark>
      <name>Blinkit 35576</name>
      <description>UP-NCR · Uttar Pradesh · baseline_coordinate_id_verified_current</description>
      <ExtendedData>
        <Data name="platformId"><value>35576</value></Data>
        <Data name="observedAt"><value>2026-08-26T07:53:19.560Z</value></Data>
        <Data name="locationQuality"><value>baseline_coordinate_id_verified_current</value></Data>
      </ExtendedData>
      <Point><coordinates>77.45344396054573,28.721444171038446,0</coordinates></Point>
    </Placemark>
    <Placemark>
      <name>Blinkit 35582</name>
      <description>UP-NCR · Uttar Pradesh · baseline_coordinate_id_verified_current</description>
      <ExtendedData>
        <Data name="platformId"><value>35582</value></Data>
        <Data name="observedAt"><value>2026-08-26T07:52:14.468Z</value></Data>
        <Data name="locationQuality"><value>baseline_coordinate_id_verified_current</value></Data>
      </ExtendedData>
      <Point><coordinates>77.3868315545148,28.52160569205893,0</coordinates></Point>
    </Placemark>
    <Placemark>
      <name>Blinkit 35584</name>
      <description>Delhi · Delhi · baseline_coordinate_id_verified_current</description>
      <ExtendedData>
        <Data name="platformId"><value>35584</value></Data>
        <Data name="observedAt"><value>2026-08-26T07:53:02.787Z</value></Data>
        <Data name="locationQuality"><value>baseline_coordinate_id_verified_current</value></Data>
      </ExtendedData>
      <Point><coordinates>77.14924865488923,28.66058629033417,0</coordinates></Point>
    </Placemark>
    <Placemark>
      <name>Blinkit 35588</name>
      <description>HR-NCR · Haryana · baseline_coordinate_id_verified_current</description>
      <ExtendedData>
        <Data name="platformId"><value>35588</value></Data>
        <Data name="observedAt"><value>2026-08-26T07:51:42.436Z</value></Data>
        <Data name="locationQuality"><value>baseline_coordinate_id_verified_current</value></Data>
      </ExtendedData>
      <Point><coordinates>76.91614026376988,28.414644665648577,0</coordinates></Point>
    </Placemark>
    <Placemark>
      <name>Blinkit 35592</name>
      <description>HR-NCR · Haryana · baseline_coordinate_id_verified_current</description>
      <ExtendedData>
        <Data name="platformId"><value>35592</value></Data>
        <Data name="observedAt"><value>2026-08-26T07:52:07.530Z</value></Data>
        <Data name="locationQuality"><value>baseline_coordinate_id_verified_current</value></Data>
      </ExtendedData>
      <Point><coordinates>77.050947,28.501482213438734,0</coordinates></Point>
    </Placemark>
    <Placemark>
      <name>Blinkit 35630</name>
      <description>Hyderabad · Telangana · baseline_coordinate_id_verified_current</description>
      <ExtendedData>
        <Data name="platformId"><value>35630</value></Data>
        <Data name="observedAt"><value>2026-08-26T07:46:18.242Z</value></Data>
        <Data name="locationQuality"><value>baseline_coordinate_id_verified_current</value></Data>
      </ExtendedData>
      <Point><coordinates>78.39508854022549,17.438339453108156,0</coordinates></Point>
    </Placemark>
    <Placemark>
      <name>Blinkit 35632</name>
      <description>HR-NCR · Haryana · baseline_coordinate_id_verified_current</description>
      <ExtendedData>
        <Data name="platformId"><value>35632</value></Data>
        <Data name="observedAt"><value>2026-08-26T07:51:38.819Z</value></Data>
        <Data name="locationQuality"><value>baseline_coordinate_id_verified_current</value></Data>
      </ExtendedData>
      <Point><coordinates>76.97944082042103,28.384747026230688,0</coordinates></Point>
    </Placemark>
    <Placemark>
      <name>Blinkit 35634</name>
      <description>Delhi · Delhi · baseline_coordinate_id_verified_current</description>
      <ExtendedData>
        <Data name="platformId"><value>35634</value></Data>
        <Data name="observedAt"><value>2026-08-26T07:51:56.970Z</value></Data>
        <Data name="locationQuality"><value>baseline_coordinate_id_verified_current</value></Data>
      </ExtendedData>
      <Point><coordinates>77.1359511491191,28.472373459935323,0</coordinates></Point>
    </Placemark>
    <Placemark>
      <name>Blinkit 35636</name>
      <description>Delhi · Delhi · baseline_coordinate_id_verified_current</description>
      <ExtendedData>
        <Data name="platformId"><value>35636</value></Data>
        <Data name="observedAt"><value>2026-08-26T07:53:16.965Z</value></Data>
        <Data name="locationQuality"><value>baseline_coordinate_id_verified_current</value></Data>
      </ExtendedData>
      <Point><coordinates>77.08925720933138,28.725549453108155,0</coordinates></Point>
    </Placemark>
    <Placemark>
      <name>Blinkit 35638</name>
      <description>Faridabad · Haryana · baseline_coordinate_id_verified_current</description>
      <ExtendedData>
        <Data name="platformId"><value>35638</value></Data>
        <Data name="observedAt"><value>2026-08-26T07:51:51.287Z</value></Data>
        <Data name="locationQuality"><value>baseline_coordinate_id_verified_current</value></Data>
      </ExtendedData>
      <Point><coordinates>77.2976964272429,28.43722898167445,0</coordinates></Point>
    </Placemark>
    <Placemark>
      <name>Blinkit 35640</name>
      <description>Mumbai · Maharashtra · baseline_coordinate_id_verified_current</description>
      <ExtendedData>
        <Data name="platformId"><value>35640</value></Data>
        <Data name="observedAt"><value>2026-08-26T07:54:36.066Z</value></Data>
        <Data name="locationQuality"><value>baseline_coordinate_id_verified_current</value></Data>
      </ExtendedData>
      <Point><coordinates>72.8601038110284,19.22616819619116,0</coordinates></Point>
    </Placemark>
    <Placemark>
      <name>Blinkit 35644</name>
      <description>Delhi · Delhi · baseline_coordinate_id_verified_current</description>
      <ExtendedData>
        <Data name="platformId"><value>35644</value></Data>
        <Data name="observedAt"><value>2026-08-26T07:54:40.951Z</value></Data>
        <Data name="locationQuality"><value>baseline_coordinate_id_verified_current</value></Data>
      </ExtendedData>
      <Point><coordinates>77.28877261295436,28.610814547610495,0</coordinates></Point>
    </Placemark>
    <Placemark>
      <name>Blinkit 35646</name>
      <description>Hyderabad · Telangana · baseline_coordinate_id_verified_current</description>
      <ExtendedData>
        <Data name="platformId"><value>35646</value></Data>
        <Data name="observedAt"><value>2026-08-26T07:46:08.628Z</value></Data>
        <Data name="locationQuality"><value>baseline_coordinate_id_verified_current</value></Data>
      </ExtendedData>
      <Point><coordinates>78.4430344572198,17.382433874955087,0</coordinates></Point>
    </Placemark>
    <Placemark>
      <name>Blinkit 35647</name>
      <description>Pune · Maharashtra · baseline_coordinate_id_verified_current</description>
      <ExtendedData>
        <Data name="platformId"><value>35647</value></Data>
        <Data name="observedAt"><value>2026-08-26T07:46:40.067Z</value></Data>
        <Data name="locationQuality"><value>baseline_coordinate_id_verified_current</value></Data>
      </ExtendedData>
      <Point><coordinates>73.79246726719298,18.454212862738054,0</coordinates></Point>
    </Placemark>
    <Placemark>
      <name>Blinkit 35654</name>
      <description>Mumbai · Maharashtra · baseline_coordinate_id_verified_current</description>
      <ExtendedData>
        <Data name="platformId"><value>35654</value></Data>
        <Data name="observedAt"><value>2026-08-26T07:47:23.594Z</value></Data>
        <Data name="locationQuality"><value>baseline_coordinate_id_verified_current</value></Data>
      </ExtendedData>
      <Point><coordinates>72.91374987679134,19.10082388968739,0</coordinates></Point>
    </Placemark>
    <Placemark>
      <name>Blinkit 35656</name>
      <description>UP-NCR · Uttar Pradesh · baseline_coordinate_id_verified_current</description>
      <ExtendedData>
        <Data name="platformId"><value>35656</value></Data>
        <Data name="observedAt"><value>2026-08-26T07:53:26.900Z</value></Data>
        <Data name="locationQuality"><value>baseline_coordinate_id_verified_current</value></Data>
      </ExtendedData>
      <Point><coordinates>77.4424196622595,28.601325596478624,0</coordinates></Point>
    </Placemark>
    <Placemark>
      <name>Blinkit 35658</name>
      <description>Delhi · Delhi · baseline_coordinate_id_verified_current</description>
      <ExtendedData>
        <Data name="platformId"><value>35658</value></Data>
        <Data name="observedAt"><value>2026-08-26T07:53:18.610Z</value></Data>
        <Data name="locationQuality"><value>baseline_coordinate_id_verified_current</value></Data>
      </ExtendedData>
      <Point><coordinates>77.22042993639977,28.729406607977005,0</coordinates></Point>
    </Placemark>
    <Placemark>
      <name>Blinkit 35660</name>
      <description>Delhi · Delhi · baseline_coordinate_id_verified_current</description>
      <ExtendedData>
        <Data name="platformId"><value>35660</value></Data>
        <Data name="observedAt"><value>2026-08-26T07:53:12.934Z</value></Data>
        <Data name="locationQuality"><value>baseline_coordinate_id_verified_current</value></Data>
      </ExtendedData>
      <Point><coordinates>77.05475783866414,28.7273449838304,0</coordinates></Point>
    </Placemark>
    <Placemark>
      <name>Blinkit 35662</name>
      <description>Hyderabad · Telangana · baseline_coordinate_id_verified_current</description>
      <ExtendedData>
        <Data name="platformId"><value>35662</value></Data>
        <Data name="observedAt"><value>2026-08-26T07:46:26.062Z</value></Data>
        <Data name="locationQuality"><value>baseline_coordinate_id_verified_current</value></Data>
      </ExtendedData>
      <Point><coordinates>78.41740372251017,17.484806158102767,0</coordinates></Point>
    </Placemark>
    <Placemark>
      <name>Blinkit 35664</name>
      <description>Mumbai · Maharashtra · baseline_coordinate_id_verified_current</description>
      <ExtendedData>
        <Data name="platformId"><value>35664</value></Data>
        <Data name="observedAt"><value>2026-08-26T07:47:48.634Z</value></Data>
        <Data name="locationQuality"><value>baseline_coordinate_id_verified_current</value></Data>
      </ExtendedData>
      <Point><coordinates>72.85432659952365,19.25316933848365,0</coordinates></Point>
    </Placemark>
    <Placemark>
      <name>Blinkit 35676</name>
      <description>Pune · Maharashtra · baseline_coordinate_id_verified_current</description>
      <ExtendedData>
        <Data name="platformId"><value>35676</value></Data>
        <Data name="observedAt"><value>2026-08-26T07:47:03.032Z</value></Data>
        <Data name="locationQuality"><value>baseline_coordinate_id_verified_current</value></Data>
      </ExtendedData>
      <Point><coordinates>73.72450466402503,18.62246641250449,0</coordinates></Point>
    </Placemark>
    <Placemark>
      <name>Blinkit 35680</name>
      <description>Bengaluru · Karnataka · baseline_coordinate_id_verified_current</description>
      <ExtendedData>
        <Data name="platformId"><value>35680</value></Data>
        <Data name="observedAt"><value>2026-08-26T07:54:42.191Z</value></Data>
        <Data name="locationQuality"><value>baseline_coordinate_id_verified_current</value></Data>
      </ExtendedData>
      <Point><coordinates>77.75955682949248,13.008873439453827,0</coordinates></Point>
    </Placemark>
    <Placemark>
      <name>Blinkit 35682</name>
      <description>Mumbai · Maharashtra · baseline_coordinate_id_verified_current</description>
      <ExtendedData>
        <Data name="platformId"><value>35682</value></Data>
        <Data name="observedAt"><value>2026-08-26T07:47:38.599Z</value></Data>
        <Data name="locationQuality"><value>baseline_coordinate_id_verified_current</value></Data>
      </ExtendedData>
      <Point><coordinates>72.83522740281681,19.175676,0</coordinates></Point>
    </Placemark>
    <Placemark>
      <name>Blinkit 35690</name>
      <description>Delhi · Delhi · baseline_coordinate_id_verified_current</description>
      <ExtendedData>
        <Data name="platformId"><value>35690</value></Data>
        <Data name="observedAt"><value>2026-08-26T07:53:20.522Z</value></Data>
        <Data name="locationQuality"><value>baseline_coordinate_id_verified_current</value></Data>
      </ExtendedData>
      <Point><coordinates>77.1981703873379,28.745434879266977,0</coordinates></Point>
    </Placemark>
    <Placemark>
      <name>Blinkit 35702</name>
      <description>UP-NCR · Uttar Pradesh · baseline_coordinate_id_verified_current</description>
      <ExtendedData>
        <Data name="platformId"><value>35702</value></Data>
        <Data name="observedAt"><value>2026-08-26T07:52:29.560Z</value></Data>
        <Data name="locationQuality"><value>baseline_coordinate_id_verified_current</value></Data>
      </ExtendedData>
      <Point><coordinates>77.38323656972103,28.567913849802373,0</coordinates></Point>
    </Placemark>
    <Placemark>
      <name>Blinkit 35704</name>
      <description>Bengaluru · Karnataka · baseline_coordinate_id_verified_current</description>
      <ExtendedData>
        <Data name="platformId"><value>35704</value></Data>
        <Data name="observedAt"><value>2026-08-26T07:45:39.986Z</value></Data>
        <Data name="locationQuality"><value>baseline_coordinate_id_verified_current</value></Data>
      </ExtendedData>
      <Point><coordinates>77.5660555968032,13.143384896514553,0</coordinates></Point>
    </Placemark>
    <Placemark>
      <name>Blinkit 35792</name>
      <description>HR-NCR · Haryana · baseline_coordinate_id_verified_current</description>
      <ExtendedData>
        <Data name="platformId"><value>35792</value></Data>
        <Data name="observedAt"><value>2026-08-26T07:51:55.959Z</value></Data>
        <Data name="locationQuality"><value>baseline_coordinate_id_verified_current</value></Data>
      </ExtendedData>
      <Point><coordinates>77.0603465564682,28.464750052820694,0</coordinates></Point>
    </Placemark>
    <Placemark>
      <name>Blinkit 35798</name>
      <description>Delhi · Delhi · baseline_coordinate_id_verified_current</description>
      <ExtendedData>
        <Data name="platformId"><value>35798</value></Data>
        <Data name="observedAt"><value>2026-08-26T07:52:38.638Z</value></Data>
        <Data name="locationQuality"><value>baseline_coordinate_id_verified_current</value></Data>
      </ExtendedData>
      <Point><coordinates>77.30389448753435,28.613470917714697,0</coordinates></Point>
    </Placemark>
    <Placemark>
      <name>Blinkit 35838</name>
      <description>Delhi · Delhi · baseline_coordinate_id_verified_current</description>
      <ExtendedData>
        <Data name="platformId"><value>35838</value></Data>
        <Data name="observedAt"><value>2026-08-26T07:53:00.958Z</value></Data>
        <Data name="locationQuality"><value>baseline_coordinate_id_verified_current</value></Data>
      </ExtendedData>
      <Point><coordinates>77.10222106691612,28.668477127560188,0</coordinates></Point>
    </Placemark>
    <Placemark>
      <name>Blinkit 35840</name>
      <description>Delhi · Delhi · baseline_coordinate_id_verified_current</description>
      <ExtendedData>
        <Data name="platformId"><value>35840</value></Data>
        <Data name="observedAt"><value>2026-08-26T07:52:49.170Z</value></Data>
        <Data name="locationQuality"><value>baseline_coordinate_id_verified_current</value></Data>
      </ExtendedData>
      <Point><coordinates>77.09146234103396,28.635135,0</coordinates></Point>
    </Placemark>
    <Placemark>
      <name>Blinkit 35842</name>
      <description>Hyderabad · Telangana · baseline_coordinate_id_verified_current</description>
      <ExtendedData>
        <Data name="platformId"><value>35842</value></Data>
        <Data name="observedAt"><value>2026-08-26T07:46:19.536Z</value></Data>
        <Data name="locationQuality"><value>baseline_coordinate_id_verified_current</value></Data>
      </ExtendedData>
      <Point><coordinates>78.39097110692539,17.449296700682716,0</coordinates></Point>
    </Placemark>
    <Placemark>
      <name>Blinkit 35888</name>
      <description>Pune · Maharashtra · baseline_coordinate_id_verified_current</description>
      <ExtendedData>
        <Data name="platformId"><value>35888</value></Data>
        <Data name="observedAt"><value>2026-08-26T07:47:03.682Z</value></Data>
        <Data name="locationQuality"><value>baseline_coordinate_id_verified_current</value></Data>
      </ExtendedData>
      <Point><coordinates>73.78972434840394,18.635135,0</coordinates></Point>
    </Placemark>
    <Placemark>
      <name>Blinkit 35892</name>
      <description>Pune · Maharashtra · baseline_coordinate_id_verified_current</description>
      <ExtendedData>
        <Data name="platformId"><value>35892</value></Data>
        <Data name="observedAt"><value>2026-08-26T07:46:42.146Z</value></Data>
        <Data name="locationQuality"><value>baseline_coordinate_id_verified_current</value></Data>
      </ExtendedData>
      <Point><coordinates>73.83543449956612,18.458291195472512,0</coordinates></Point>
    </Placemark>
    <Placemark>
      <name>Blinkit 35894</name>
      <description>Bengaluru · Karnataka · baseline_coordinate_id_verified_current</description>
      <ExtendedData>
        <Data name="platformId"><value>35894</value></Data>
        <Data name="observedAt"><value>2026-08-26T07:45:33.262Z</value></Data>
        <Data name="locationQuality"><value>baseline_coordinate_id_verified_current</value></Data>
      </ExtendedData>
      <Point><coordinates>77.60158869810611,13.090943365073663,0</coordinates></Point>
    </Placemark>
    <Placemark>
      <name>Blinkit 35898</name>
      <description>Hyderabad · Telangana · baseline_coordinate_id_verified_current</description>
      <ExtendedData>
        <Data name="platformId"><value>35898</value></Data>
        <Data name="observedAt"><value>2026-08-26T07:46:05.338Z</value></Data>
        <Data name="locationQuality"><value>baseline_coordinate_id_verified_current</value></Data>
      </ExtendedData>
      <Point><coordinates>78.4260876320234,17.324898919151995,0</coordinates></Point>
    </Placemark>
    <Placemark>
      <name>Blinkit 35902</name>
      <description>Pune · Maharashtra · baseline_coordinate_id_verified_current</description>
      <ExtendedData>
        <Data name="platformId"><value>35902</value></Data>
        <Data name="observedAt"><value>2026-08-26T07:46:57.282Z</value></Data>
        <Data name="locationQuality"><value>baseline_coordinate_id_verified_current</value></Data>
      </ExtendedData>
      <Point><coordinates>73.97903402017049,18.574517745238953,0</coordinates></Point>
    </Placemark>
    <Placemark>
      <name>Blinkit 35904</name>
      <description>HR-NCR · Haryana · baseline_coordinate_id_verified_current</description>
      <ExtendedData>
        <Data name="platformId"><value>35904</value></Data>
        <Data name="observedAt"><value>2026-08-26T07:51:43.842Z</value></Data>
        <Data name="locationQuality"><value>baseline_coordinate_id_verified_current</value></Data>
      </ExtendedData>
      <Point><coordinates>77.10639155574121,28.405405,0</coordinates></Point>
    </Placemark>
    <Placemark>
      <name>Blinkit 35910</name>
      <description>Pune · Maharashtra · baseline_coordinate_id_verified_current</description>
      <ExtendedData>
        <Data name="platformId"><value>35910</value></Data>
        <Data name="observedAt"><value>2026-08-26T07:46:47.724Z</value></Data>
        <Data name="locationQuality"><value>baseline_coordinate_id_verified_current</value></Data>
      </ExtendedData>
      <Point><coordinates>73.92726940078866,18.50575120804887,0</coordinates></Point>
    </Placemark>
    <Placemark>
      <name>Blinkit 35918</name>
      <description>Delhi · Delhi · baseline_coordinate_id_verified_current</description>
      <ExtendedData>
        <Data name="platformId"><value>35918</value></Data>
        <Data name="observedAt"><value>2026-08-26T07:52:10.033Z</value></Data>
        <Data name="locationQuality"><value>baseline_coordinate_id_verified_current</value></Data>
      </ExtendedData>
      <Point><coordinates>77.3230790765776,28.5,0</coordinates></Point>
    </Placemark>
    <Placemark>
      <name>Blinkit 35998</name>
      <description>UP-NCR · Uttar Pradesh · baseline_coordinate_id_verified_current</description>
      <ExtendedData>
        <Data name="platformId"><value>35998</value></Data>
        <Data name="observedAt"><value>2026-08-26T07:53:15.600Z</value></Data>
        <Data name="locationQuality"><value>baseline_coordinate_id_verified_current</value></Data>
      </ExtendedData>
      <Point><coordinates>77.33140217018436,28.71526884315487,0</coordinates></Point>
    </Placemark>
    <Placemark>
      <name>Blinkit 36000</name>
      <description>Pune · Maharashtra · baseline_coordinate_id_verified_current</description>
      <ExtendedData>
        <Data name="platformId"><value>36000</value></Data>
        <Data name="observedAt"><value>2026-08-26T07:46:48.942Z</value></Data>
        <Data name="locationQuality"><value>baseline_coordinate_id_verified_current</value></Data>
      </ExtendedData>
      <Point><coordinates>73.93669208266903,18.520489386273805,0</coordinates></Point>
    </Placemark>
    <Placemark>
      <name>Blinkit 36010</name>
      <description>Bengaluru · Karnataka · baseline_coordinate_id_verified_current</description>
      <ExtendedData>
        <Data name="platformId"><value>36010</value></Data>
        <Data name="observedAt"><value>2026-08-26T07:45:24.720Z</value></Data>
        <Data name="locationQuality"><value>baseline_coordinate_id_verified_current</value></Data>
      </ExtendedData>
      <Point><coordinates>77.55015043724345,13.039255545454544,0</coordinates></Point>
    </Placemark>
    <Placemark>
      <name>Blinkit 36034</name>
      <description>Delhi · Delhi · baseline_coordinate_id_verified_current</description>
      <ExtendedData>
        <Data name="platformId"><value>36034</value></Data>
        <Data name="observedAt"><value>2026-08-26T07:52:58.210Z</value></Data>
        <Data name="locationQuality"><value>baseline_coordinate_id_verified_current</value></Data>
      </ExtendedData>
      <Point><coordinates>77.30227510569837,28.648083063959756,0</coordinates></Point>
    </Placemark>
    <Placemark>
      <name>Blinkit 36044</name>
      <description>Mumbai · Maharashtra · baseline_coordinate_id_verified_current</description>
      <ExtendedData>
        <Data name="platformId"><value>36044</value></Data>
        <Data name="observedAt"><value>2026-08-26T07:47:21.802Z</value></Data>
        <Data name="locationQuality"><value>baseline_coordinate_id_verified_current</value></Data>
      </ExtendedData>
      <Point><coordinates>73.0060316666373,19.09003157923105,0</coordinates></Point>
    </Placemark>
    <Placemark>
      <name>Blinkit 36048</name>
      <description>HR-NCR · Haryana · baseline_coordinate_id_verified_current</description>
      <ExtendedData>
        <Data name="platformId"><value>36048</value></Data>
        <Data name="observedAt"><value>2026-08-26T07:51:43.144Z</value></Data>
        <Data name="locationQuality"><value>baseline_coordinate_id_verified_current</value></Data>
      </ExtendedData>
      <Point><coordinates>77.03294542783259,28.40978426697808,0</coordinates></Point>
    </Placemark>
    <Placemark>
      <name>Blinkit 36060</name>
      <description>Delhi · Delhi · baseline_coordinate_id_verified_current</description>
      <ExtendedData>
        <Data name="platformId"><value>36060</value></Data>
        <Data name="observedAt"><value>2026-08-26T07:52:26.126Z</value></Data>
        <Data name="locationQuality"><value>baseline_coordinate_id_verified_current</value></Data>
      </ExtendedData>
      <Point><coordinates>77.07160209711061,28.572702971254046,0</coordinates></Point>
    </Placemark>
    <Placemark>
      <name>Blinkit 36068</name>
      <description>UP-NCR · Uttar Pradesh · baseline_coordinate_id_verified_current</description>
      <ExtendedData>
        <Data name="platformId"><value>36068</value></Data>
        <Data name="observedAt"><value>2026-08-26T07:52:40.509Z</value></Data>
        <Data name="locationQuality"><value>baseline_coordinate_id_verified_current</value></Data>
      </ExtendedData>
      <Point><coordinates>77.44645290202247,28.61156829464607,0</coordinates></Point>
    </Placemark>
    <Placemark>
      <name>Blinkit 36070</name>
      <description>Delhi · Delhi · baseline_coordinate_id_verified_current</description>
      <ExtendedData>
        <Data name="platformId"><value>36070</value></Data>
        <Data name="observedAt"><value>2026-08-26T07:52:37.214Z</value></Data>
        <Data name="locationQuality"><value>baseline_coordinate_id_verified_current</value></Data>
      </ExtendedData>
      <Point><coordinates>77.05209300515772,28.606441632770395,0</coordinates></Point>
    </Placemark>
    <Placemark>
      <name>Blinkit 36074</name>
      <description>Pune · Maharashtra · baseline_coordinate_id_verified_current</description>
      <ExtendedData>
        <Data name="platformId"><value>36074</value></Data>
        <Data name="observedAt"><value>2026-08-26T07:46:54.779Z</value></Data>
        <Data name="locationQuality"><value>baseline_coordinate_id_verified_current</value></Data>
      </ExtendedData>
      <Point><coordinates>73.88272054286362,18.573894510600073,0</coordinates></Point>
    </Placemark>
    <Placemark>
      <name>Blinkit 36154</name>
      <description>Bengaluru · Karnataka · baseline_coordinate_id_verified_current</description>
      <ExtendedData>
        <Data name="platformId"><value>36154</value></Data>
        <Data name="observedAt"><value>2026-08-26T07:45:10.127Z</value></Data>
        <Data name="locationQuality"><value>baseline_coordinate_id_verified_current</value></Data>
      </ExtendedData>
      <Point><coordinates>77.75040804825147,12.980190930291052,0</coordinates></Point>
    </Placemark>
    <Placemark>
      <name>Blinkit 36222</name>
      <description>Bengaluru · Karnataka · baseline_coordinate_id_verified_current</description>
      <ExtendedData>
        <Data name="platformId"><value>36222</value></Data>
        <Data name="observedAt"><value>2026-08-26T07:44:57.282Z</value></Data>
        <Data name="locationQuality"><value>baseline_coordinate_id_verified_current</value></Data>
      </ExtendedData>
      <Point><coordinates>77.69517339960302,12.923239876751708,0</coordinates></Point>
    </Placemark>
    <Placemark>
      <name>Blinkit 36230</name>
      <description>Faridabad · Haryana · baseline_coordinate_id_verified_current</description>
      <ExtendedData>
        <Data name="platformId"><value>36230</value></Data>
        <Data name="observedAt"><value>2026-08-26T07:51:37.298Z</value></Data>
        <Data name="locationQuality"><value>baseline_coordinate_id_verified_current</value></Data>
      </ExtendedData>
      <Point><coordinates>77.32476438997399,28.370596225296445,0</coordinates></Point>
    </Placemark>
    <Placemark>
      <name>Blinkit 36257</name>
      <description>Mumbai · Maharashtra · baseline_coordinate_id_verified_current</description>
      <ExtendedData>
        <Data name="platformId"><value>36257</value></Data>
        <Data name="observedAt"><value>2026-08-26T07:47:56.564Z</value></Data>
        <Data name="locationQuality"><value>baseline_coordinate_id_verified_current</value></Data>
      </ExtendedData>
      <Point><coordinates>72.86940395331732,19.302008642112828,0</coordinates></Point>
    </Placemark>
    <Placemark>
      <name>Blinkit 36263</name>
      <description>Mumbai · Maharashtra · baseline_coordinate_id_verified_current</description>
      <ExtendedData>
        <Data name="platformId"><value>36263</value></Data>
        <Data name="observedAt"><value>2026-08-26T07:47:46.732Z</value></Data>
        <Data name="locationQuality"><value>baseline_coordinate_id_verified_current</value></Data>
      </ExtendedData>
      <Point><coordinates>72.97047596324065,19.23977102730866,0</coordinates></Point>
    </Placemark>
    <Placemark>
      <name>Blinkit 36267</name>
      <description>Delhi · Delhi · baseline_coordinate_id_verified_current</description>
      <ExtendedData>
        <Data name="platformId"><value>36267</value></Data>
        <Data name="observedAt"><value>2026-08-26T07:52:20.387Z</value></Data>
        <Data name="locationQuality"><value>baseline_coordinate_id_verified_current</value></Data>
      </ExtendedData>
      <Point><coordinates>77.2262530143711,28.536487370822854,0</coordinates></Point>
    </Placemark>
    <Placemark>
      <name>Blinkit 36269</name>
      <description>Mumbai · Maharashtra · baseline_coordinate_id_verified_current</description>
      <ExtendedData>
        <Data name="platformId"><value>36269</value></Data>
        <Data name="observedAt"><value>2026-08-26T07:54:34.978Z</value></Data>
        <Data name="locationQuality"><value>baseline_coordinate_id_verified_current</value></Data>
      </ExtendedData>
      <Point><coordinates>72.84391488434628,19.15416013905857,0</coordinates></Point>
    </Placemark>
    <Placemark>
      <name>Blinkit 36288</name>
      <description>Pune · Maharashtra · baseline_coordinate_id_verified_current</description>
      <ExtendedData>
        <Data name="platformId"><value>36288</value></Data>
        <Data name="observedAt"><value>2026-08-26T07:46:42.748Z</value></Data>
        <Data name="locationQuality"><value>baseline_coordinate_id_verified_current</value></Data>
      </ExtendedData>
      <Point><coordinates>73.85802996499953,18.463775385195834,0</coordinates></Point>
    </Placemark>
    <Placemark>
      <name>Blinkit 36302</name>
      <description>Delhi · Delhi · baseline_coordinate_id_verified_current</description>
      <ExtendedData>
        <Data name="platformId"><value>36302</value></Data>
        <Data name="observedAt"><value>2026-08-26T07:52:31.608Z</value></Data>
        <Data name="locationQuality"><value>baseline_coordinate_id_verified_current</value></Data>
      </ExtendedData>
      <Point><coordinates>77.16859867500212,28.583183048149483,0</coordinates></Point>
    </Placemark>
    <Placemark>
      <name>Blinkit 36319</name>
      <description>Delhi · Delhi · baseline_coordinate_id_verified_current</description>
      <ExtendedData>
        <Data name="platformId"><value>36319</value></Data>
        <Data name="observedAt"><value>2026-08-26T07:52:48.172Z</value></Data>
        <Data name="locationQuality"><value>baseline_coordinate_id_verified_current</value></Data>
      </ExtendedData>
      <Point><coordinates>77.03294825877023,28.63967596298958,0</coordinates></Point>
    </Placemark>
    <Placemark>
      <name>Blinkit 36329</name>
      <description>Mumbai · Maharashtra · baseline_coordinate_id_verified_current</description>
      <ExtendedData>
        <Data name="platformId"><value>36329</value></Data>
        <Data name="observedAt"><value>2026-08-26T07:47:23.065Z</value></Data>
        <Data name="locationQuality"><value>baseline_coordinate_id_verified_current</value></Data>
      </ExtendedData>
      <Point><coordinates>72.853406,19.100973009342436,0</coordinates></Point>
    </Placemark>
    <Placemark>
      <name>Blinkit 36341</name>
      <description>HR-NCR · Haryana · baseline_coordinate_id_verified_current</description>
      <ExtendedData>
        <Data name="platformId"><value>36341</value></Data>
        <Data name="observedAt"><value>2026-08-26T07:54:37.577Z</value></Data>
        <Data name="locationQuality"><value>baseline_coordinate_id_verified_current</value></Data>
      </ExtendedData>
      <Point><coordinates>77.05283697208631,28.43984646712181,0</coordinates></Point>
    </Placemark>
    <Placemark>
      <name>Blinkit 36357</name>
      <description>UP-NCR · Uttar Pradesh · baseline_coordinate_id_verified_current</description>
      <ExtendedData>
        <Data name="platformId"><value>36357</value></Data>
        <Data name="observedAt"><value>2026-08-26T07:52:28.654Z</value></Data>
        <Data name="locationQuality"><value>baseline_coordinate_id_verified_current</value></Data>
      </ExtendedData>
      <Point><coordinates>77.3285328445659,28.57198319942508,0</coordinates></Point>
    </Placemark>
    <Placemark>
      <name>Blinkit 36375</name>
      <description>Bengaluru · Karnataka · baseline_coordinate_id_verified_current</description>
      <ExtendedData>
        <Data name="platformId"><value>36375</value></Data>
        <Data name="observedAt"><value>2026-08-26T07:45:31.791Z</value></Data>
        <Data name="locationQuality"><value>baseline_coordinate_id_verified_current</value></Data>
      </ExtendedData>
      <Point><coordinates>77.63437241968933,13.06151338268056,0</coordinates></Point>
    </Placemark>
    <Placemark>
      <name>Blinkit 36383</name>
      <description>Delhi · Delhi · baseline_coordinate_id_verified_current</description>
      <ExtendedData>
        <Data name="platformId"><value>36383</value></Data>
        <Data name="observedAt"><value>2026-08-26T07:53:04.065Z</value></Data>
        <Data name="locationQuality"><value>baseline_coordinate_id_verified_current</value></Data>
      </ExtendedData>
      <Point><coordinates>77.18458716230438,28.657418916996047,0</coordinates></Point>
    </Placemark>
    <Placemark>
      <name>Blinkit 36385</name>
      <description>Bengaluru · Karnataka · baseline_coordinate_id_verified_current</description>
      <ExtendedData>
        <Data name="platformId"><value>36385</value></Data>
        <Data name="observedAt"><value>2026-08-26T07:44:56.063Z</value></Data>
        <Data name="locationQuality"><value>baseline_coordinate_id_verified_current</value></Data>
      </ExtendedData>
      <Point><coordinates>77.61484335450456,12.919246883578872,0</coordinates></Point>
    </Placemark>
    <Placemark>
      <name>Blinkit 36387</name>
      <description>Delhi · Delhi · baseline_coordinate_id_verified_current</description>
      <ExtendedData>
        <Data name="platformId"><value>36387</value></Data>
        <Data name="observedAt"><value>2026-08-26T07:53:05.930Z</value></Data>
        <Data name="locationQuality"><value>baseline_coordinate_id_verified_current</value></Data>
      </ExtendedData>
      <Point><coordinates>77.15775088125393,28.686437767876395,0</coordinates></Point>
    </Placemark>
    <Placemark>
      <name>Blinkit 36424</name>
      <description>Delhi · Delhi · baseline_coordinate_id_verified_current</description>
      <ExtendedData>
        <Data name="platformId"><value>36424</value></Data>
        <Data name="observedAt"><value>2026-08-26T07:52:50.755Z</value></Data>
        <Data name="locationQuality"><value>baseline_coordinate_id_verified_current</value></Data>
      </ExtendedData>
      <Point><coordinates>77.13705015651706,28.63034250988142,0</coordinates></Point>
    </Placemark>
    <Placemark>
      <name>Blinkit 36426</name>
      <description>Delhi · Delhi · baseline_coordinate_id_verified_current</description>
      <ExtendedData>
        <Data name="platformId"><value>36426</value></Data>
        <Data name="observedAt"><value>2026-08-26T07:52:55.982Z</value></Data>
        <Data name="locationQuality"><value>baseline_coordinate_id_verified_current</value></Data>
      </ExtendedData>
      <Point><coordinates>77.07937795963214,28.641197508803447,0</coordinates></Point>
    </Placemark>
    <Placemark>
      <name>Blinkit 36428</name>
      <description>HR-NCR · Haryana · baseline_coordinate_id_verified_current</description>
      <ExtendedData>
        <Data name="platformId"><value>36428</value></Data>
        <Data name="observedAt"><value>2026-08-26T07:54:37.290Z</value></Data>
        <Data name="locationQuality"><value>baseline_coordinate_id_verified_current</value></Data>
      </ExtendedData>
      <Point><coordinates>77.09961273956408,28.429018669062163,0</coordinates></Point>
    </Placemark>
    <Placemark>
      <name>Blinkit 36432</name>
      <description>UP-NCR · Uttar Pradesh · baseline_coordinate_id_verified_current</description>
      <ExtendedData>
        <Data name="platformId"><value>36432</value></Data>
        <Data name="observedAt"><value>2026-08-26T07:52:42.951Z</value></Data>
        <Data name="locationQuality"><value>baseline_coordinate_id_verified_current</value></Data>
      </ExtendedData>
      <Point><coordinates>77.33546971314115,28.597891802012217,0</coordinates></Point>
    </Placemark>
    <Placemark>
      <name>Blinkit 36451</name>
      <description>Delhi · Delhi · baseline_coordinate_id_verified_current</description>
      <ExtendedData>
        <Data name="platformId"><value>36451</value></Data>
        <Data name="observedAt"><value>2026-08-26T07:53:21.181Z</value></Data>
        <Data name="locationQuality"><value>baseline_coordinate_id_verified_current</value></Data>
      </ExtendedData>
      <Point><coordinates>77.11580823285884,28.739914757096656,0</coordinates></Point>
    </Placemark>
    <Placemark>
      <name>Blinkit 36455</name>
      <description>Delhi · Delhi · baseline_coordinate_id_verified_current</description>
      <ExtendedData>
        <Data name="platformId"><value>36455</value></Data>
        <Data name="observedAt"><value>2026-08-26T07:52:12.217Z</value></Data>
        <Data name="locationQuality"><value>baseline_coordinate_id_verified_current</value></Data>
      </ExtendedData>
      <Point><coordinates>77.11508340785879,28.51487943298599,0</coordinates></Point>
    </Placemark>
    <Placemark>
      <name>Blinkit 36457</name>
      <description>Mumbai · Maharashtra · baseline_coordinate_id_verified_current</description>
      <ExtendedData>
        <Data name="platformId"><value>36457</value></Data>
        <Data name="observedAt"><value>2026-08-26T07:48:27.221Z</value></Data>
        <Data name="locationQuality"><value>baseline_coordinate_id_verified_current</value></Data>
      </ExtendedData>
      <Point><coordinates>72.98288331863384,19.211517832554797,0</coordinates></Point>
    </Placemark>
    <Placemark>
      <name>Blinkit 36461</name>
      <description>Pune · Maharashtra · baseline_coordinate_id_verified_current</description>
      <ExtendedData>
        <Data name="platformId"><value>36461</value></Data>
        <Data name="observedAt"><value>2026-08-26T07:47:01.316Z</value></Data>
        <Data name="locationQuality"><value>baseline_coordinate_id_verified_current</value></Data>
      </ExtendedData>
      <Point><coordinates>73.84195776147403,18.51965844843694,0</coordinates></Point>
    </Placemark>
    <Placemark>
      <name>Blinkit 36465</name>
      <description>Mumbai · Maharashtra · baseline_coordinate_id_verified_current</description>
      <ExtendedData>
        <Data name="platformId"><value>36465</value></Data>
        <Data name="observedAt"><value>2026-08-26T07:47:16.480Z</value></Data>
        <Data name="locationQuality"><value>baseline_coordinate_id_verified_current</value></Data>
      </ExtendedData>
      <Point><coordinates>73.06382691827392,19.03717682464966,0</coordinates></Point>
    </Placemark>
    <Placemark>
      <name>Blinkit 36475</name>
      <description>Bengaluru · Karnataka · baseline_coordinate_id_verified_current</description>
      <ExtendedData>
        <Data name="platformId"><value>36475</value></Data>
        <Data name="observedAt"><value>2026-08-26T07:44:56.355Z</value></Data>
        <Data name="locationQuality"><value>baseline_coordinate_id_verified_current</value></Data>
      </ExtendedData>
      <Point><coordinates>77.648514,12.91955230937837,0</coordinates></Point>
    </Placemark>
    <Placemark>
      <name>Blinkit 36481</name>
      <description>Delhi · Delhi · baseline_coordinate_id_verified_current</description>
      <ExtendedData>
        <Data name="platformId"><value>36481</value></Data>
        <Data name="observedAt"><value>2026-08-26T07:52:01.509Z</value></Data>
        <Data name="locationQuality"><value>baseline_coordinate_id_verified_current</value></Data>
      </ExtendedData>
      <Point><coordinates>77.1969709755889,28.496469637082285,0</coordinates></Point>
    </Placemark>
    <Placemark>
      <name>Blinkit 36517</name>
      <description>Mumbai · Maharashtra · baseline_coordinate_id_verified_current</description>
      <ExtendedData>
        <Data name="platformId"><value>36517</value></Data>
        <Data name="observedAt"><value>2026-08-26T07:47:27.353Z</value></Data>
        <Data name="locationQuality"><value>baseline_coordinate_id_verified_current</value></Data>
      </ExtendedData>
      <Point><coordinates>72.84370469389869,19.119380713618394,0</coordinates></Point>
    </Placemark>
    <Placemark>
      <name>Blinkit 36519</name>
      <description>Mumbai · Maharashtra · baseline_coordinate_id_verified_current</description>
      <ExtendedData>
        <Data name="platformId"><value>36519</value></Data>
        <Data name="observedAt"><value>2026-08-26T07:47:36.247Z</value></Data>
        <Data name="locationQuality"><value>baseline_coordinate_id_verified_current</value></Data>
      </ExtendedData>
      <Point><coordinates>72.87463375156935,19.172986649658643,0</coordinates></Point>
    </Placemark>
    <Placemark>
      <name>Blinkit 36521</name>
      <description>HR-NCR · Haryana · baseline_coordinate_id_verified_current</description>
      <ExtendedData>
        <Data name="platformId"><value>36521</value></Data>
        <Data name="observedAt"><value>2026-08-26T07:51:38.103Z</value></Data>
        <Data name="locationQuality"><value>baseline_coordinate_id_verified_current</value></Data>
      </ExtendedData>
      <Point><coordinates>77.021797,28.386422376572046,0</coordinates></Point>
    </Placemark>
    <Placemark>
      <name>Blinkit 36523</name>
      <description>HR-NCR · Haryana · baseline_coordinate_id_verified_current</description>
      <ExtendedData>
        <Data name="platformId"><value>36523</value></Data>
        <Data name="observedAt"><value>2026-08-26T07:51:45.876Z</value></Data>
        <Data name="locationQuality"><value>baseline_coordinate_id_verified_current</value></Data>
      </ExtendedData>
      <Point><coordinates>77.04269358109427,28.412955305425793,0</coordinates></Point>
    </Placemark>
    <Placemark>
      <name>Blinkit 36527</name>
      <description>Bengaluru · Karnataka · baseline_coordinate_id_verified_current</description>
      <ExtendedData>
        <Data name="platformId"><value>36527</value></Data>
        <Data name="observedAt"><value>2026-08-26T07:44:56.664Z</value></Data>
        <Data name="locationQuality"><value>baseline_coordinate_id_verified_current</value></Data>
      </ExtendedData>
      <Point><coordinates>77.63836757555632,12.923821533237513,0</coordinates></Point>
    </Placemark>
    <Placemark>
      <name>Blinkit 36552</name>
      <description>Hyderabad · Telangana · baseline_coordinate_id_verified_current</description>
      <ExtendedData>
        <Data name="platformId"><value>36552</value></Data>
        <Data name="observedAt"><value>2026-08-26T07:46:17.319Z</value></Data>
        <Data name="locationQuality"><value>baseline_coordinate_id_verified_current</value></Data>
      </ExtendedData>
      <Point><coordinates>78.33264389240361,17.43910086884657,0</coordinates></Point>
    </Placemark>
    <Placemark>
      <name>Blinkit 36690</name>
      <description>Delhi · Delhi · baseline_coordinate_id_verified_current</description>
      <ExtendedData>
        <Data name="platformId"><value>36690</value></Data>
        <Data name="observedAt"><value>2026-08-26T07:52:57.272Z</value></Data>
        <Data name="locationQuality"><value>baseline_coordinate_id_verified_current</value></Data>
      </ExtendedData>
      <Point><coordinates>77.27423711219136,28.654908137261945,0</coordinates></Point>
    </Placemark>
    <Placemark>
      <name>Blinkit 36730</name>
      <description>Bengaluru · Karnataka · baseline_coordinate_id_verified_current</description>
      <ExtendedData>
        <Data name="platformId"><value>36730</value></Data>
        <Data name="observedAt"><value>2026-08-26T07:54:32.501Z</value></Data>
        <Data name="locationQuality"><value>baseline_coordinate_id_verified_current</value></Data>
      </ExtendedData>
      <Point><coordinates>77.69683905896203,12.905570095939634,0</coordinates></Point>
    </Placemark>
    <Placemark>
      <name>Blinkit 36778</name>
      <description>Delhi · Delhi · baseline_coordinate_id_verified_current</description>
      <ExtendedData>
        <Data name="platformId"><value>36778</value></Data>
        <Data name="observedAt"><value>2026-08-26T07:52:36.048Z</value></Data>
        <Data name="locationQuality"><value>baseline_coordinate_id_verified_current</value></Data>
      </ExtendedData>
      <Point><coordinates>77.18647867224918,28.60210038986705,0</coordinates></Point>
    </Placemark>
    <Placemark>
      <name>Blinkit 36782</name>
      <description>Delhi · Delhi · baseline_coordinate_id_verified_current</description>
      <ExtendedData>
        <Data name="platformId"><value>36782</value></Data>
        <Data name="observedAt"><value>2026-08-26T07:52:44.499Z</value></Data>
        <Data name="locationQuality"><value>baseline_coordinate_id_verified_current</value></Data>
      </ExtendedData>
      <Point><coordinates>77.27876622014907,28.622569718289615,0</coordinates></Point>
    </Placemark>
    <Placemark>
      <name>Blinkit 36818</name>
      <description>Bengaluru · Karnataka · baseline_coordinate_id_verified_current</description>
      <ExtendedData>
        <Data name="platformId"><value>36818</value></Data>
        <Data name="observedAt"><value>2026-08-26T07:54:43.750Z</value></Data>
        <Data name="locationQuality"><value>baseline_coordinate_id_verified_current</value></Data>
      </ExtendedData>
      <Point><coordinates>77.65126910372695,12.864218531800216,0</coordinates></Point>
    </Placemark>
    <Placemark>
      <name>Blinkit 36856</name>
      <description>Pune · Maharashtra · baseline_coordinate_id_verified_current</description>
      <ExtendedData>
        <Data name="platformId"><value>36856</value></Data>
        <Data name="observedAt"><value>2026-08-26T07:46:45.273Z</value></Data>
        <Data name="locationQuality"><value>baseline_coordinate_id_verified_current</value></Data>
      </ExtendedData>
      <Point><coordinates>73.91405231255355,18.471662557312253,0</coordinates></Point>
    </Placemark>
    <Placemark>
      <name>Blinkit 36858</name>
      <description>Mumbai · Maharashtra · baseline_coordinate_id_verified_current</description>
      <ExtendedData>
        <Data name="platformId"><value>36858</value></Data>
        <Data name="observedAt"><value>2026-08-26T07:47:43.915Z</value></Data>
        <Data name="locationQuality"><value>baseline_coordinate_id_verified_current</value></Data>
      </ExtendedData>
      <Point><coordinates>72.8430605217249,19.21329648868128,0</coordinates></Point>
    </Placemark>
    <Placemark>
      <name>Blinkit 36860</name>
      <description>Hyderabad · Telangana · baseline_coordinate_id_verified_current</description>
      <ExtendedData>
        <Data name="platformId"><value>36860</value></Data>
        <Data name="observedAt"><value>2026-08-26T07:46:07.685Z</value></Data>
        <Data name="locationQuality"><value>baseline_coordinate_id_verified_current</value></Data>
      </ExtendedData>
      <Point><coordinates>78.47735699760405,17.35933698634567,0</coordinates></Point>
    </Placemark>
    <Placemark>
      <name>Blinkit 36870</name>
      <description>Hyderabad · Telangana · baseline_coordinate_id_verified_current</description>
      <ExtendedData>
        <Data name="platformId"><value>36870</value></Data>
        <Data name="observedAt"><value>2026-08-26T07:46:25.784Z</value></Data>
        <Data name="locationQuality"><value>baseline_coordinate_id_verified_current</value></Data>
      </ExtendedData>
      <Point><coordinates>78.37797744118882,17.47733740495868,0</coordinates></Point>
    </Placemark>
    <Placemark>
      <name>Blinkit 36872</name>
      <description>Hyderabad · Telangana · baseline_coordinate_id_verified_current</description>
      <ExtendedData>
        <Data name="platformId"><value>36872</value></Data>
        <Data name="observedAt"><value>2026-08-26T07:46:17.975Z</value></Data>
        <Data name="locationQuality"><value>baseline_coordinate_id_verified_current</value></Data>
      </ExtendedData>
      <Point><coordinates>78.35918320255402,17.445555234638878,0</coordinates></Point>
    </Placemark>
    <Placemark>
      <name>Blinkit 36906</name>
      <description>Pune · Maharashtra · baseline_coordinate_id_verified_current</description>
      <ExtendedData>
        <Data name="platformId"><value>36906</value></Data>
        <Data name="observedAt"><value>2026-08-26T07:46:54.514Z</value></Data>
        <Data name="locationQuality"><value>baseline_coordinate_id_verified_current</value></Data>
      </ExtendedData>
      <Point><coordinates>73.7793442045789,18.5604656960115,0</coordinates></Point>
    </Placemark>
    <Placemark>
      <name>Blinkit 36908</name>
      <description>Delhi · Delhi · baseline_coordinate_id_verified_current</description>
      <ExtendedData>
        <Data name="platformId"><value>36908</value></Data>
        <Data name="observedAt"><value>2026-08-26T07:52:23.778Z</value></Data>
        <Data name="locationQuality"><value>baseline_coordinate_id_verified_current</value></Data>
      </ExtendedData>
      <Point><coordinates>77.28643525725553,28.562582372978802,0</coordinates></Point>
    </Placemark>
    <Placemark>
      <name>Blinkit 36912</name>
      <description>Mumbai · Maharashtra · baseline_coordinate_id_verified_current</description>
      <ExtendedData>
        <Data name="platformId"><value>36912</value></Data>
        <Data name="observedAt"><value>2026-08-26T07:47:26.755Z</value></Data>
        <Data name="locationQuality"><value>baseline_coordinate_id_verified_current</value></Data>
      </ExtendedData>
      <Point><coordinates>72.99110816374517,19.120142203018325,0</coordinates></Point>
    </Placemark>
    <Placemark>
      <name>Blinkit 36946</name>
      <description>Faridabad · Haryana · baseline_coordinate_id_verified_current</description>
      <ExtendedData>
        <Data name="platformId"><value>36946</value></Data>
        <Data name="observedAt"><value>2026-08-26T07:51:51.617Z</value></Data>
        <Data name="locationQuality"><value>baseline_coordinate_id_verified_current</value></Data>
      </ExtendedData>
      <Point><coordinates>77.32186656314737,28.433757008983108,0</coordinates></Point>
    </Placemark>
    <Placemark>
      <name>Blinkit 37014</name>
      <description>Delhi · Delhi · baseline_coordinate_id_verified_current</description>
      <ExtendedData>
        <Data name="platformId"><value>37014</value></Data>
        <Data name="observedAt"><value>2026-08-26T07:53:09.902Z</value></Data>
        <Data name="locationQuality"><value>baseline_coordinate_id_verified_current</value></Data>
      </ExtendedData>
      <Point><coordinates>77.109246,28.695070692418252,0</coordinates></Point>
    </Placemark>
    <Placemark>
      <name>Blinkit 37026</name>
      <description>Delhi · Delhi · baseline_coordinate_id_verified_current</description>
      <ExtendedData>
        <Data name="platformId"><value>37026</value></Data>
        <Data name="observedAt"><value>2026-08-26T07:53:22.733Z</value></Data>
        <Data name="locationQuality"><value>baseline_coordinate_id_verified_current</value></Data>
      </ExtendedData>
      <Point><coordinates>77.23870563511086,28.574059606539706,0</coordinates></Point>
    </Placemark>
    <Placemark>
      <name>Blinkit 37032</name>
      <description>Mumbai · Maharashtra · baseline_coordinate_id_verified_current</description>
      <ExtendedData>
        <Data name="platformId"><value>37032</value></Data>
        <Data name="observedAt"><value>2026-08-26T07:54:36.695Z</value></Data>
        <Data name="locationQuality"><value>baseline_coordinate_id_verified_current</value></Data>
      </ExtendedData>
      <Point><coordinates>72.86449311533713,19.275739623427956,0</coordinates></Point>
    </Placemark>
    <Placemark>
      <name>Blinkit 37066</name>
      <description>Faridabad · Haryana · baseline_coordinate_id_verified_current</description>
      <ExtendedData>
        <Data name="platformId"><value>37066</value></Data>
        <Data name="observedAt"><value>2026-08-26T07:52:02.140Z</value></Data>
        <Data name="locationQuality"><value>baseline_coordinate_id_verified_current</value></Data>
      </ExtendedData>
      <Point><coordinates>77.29212073126723,28.492118411067192,0</coordinates></Point>
    </Placemark>
    <Placemark>
      <name>Blinkit 37070</name>
      <description>Mumbai · Maharashtra · baseline_coordinate_id_verified_current</description>
      <ExtendedData>
        <Data name="platformId"><value>37070</value></Data>
        <Data name="observedAt"><value>2026-08-26T07:47:11.163Z</value></Data>
        <Data name="locationQuality"><value>baseline_coordinate_id_verified_current</value></Data>
      </ExtendedData>
      <Point><coordinates>72.82382002710213,18.976674042040962,0</coordinates></Point>
    </Placemark>
    <Placemark>
      <name>Blinkit 37078</name>
      <description>Pune · Maharashtra · baseline_coordinate_id_verified_current</description>
      <ExtendedData>
        <Data name="platformId"><value>37078</value></Data>
        <Data name="observedAt"><value>2026-08-26T07:46:56.597Z</value></Data>
        <Data name="locationQuality"><value>baseline_coordinate_id_verified_current</value></Data>
      </ExtendedData>
      <Point><coordinates>73.83060977911178,18.568973856988862,0</coordinates></Point>
    </Placemark>
    <Placemark>
      <name>Blinkit 37088</name>
      <description>Hyderabad · Telangana · baseline_coordinate_id_verified_current</description>
      <ExtendedData>
        <Data name="platformId"><value>37088</value></Data>
        <Data name="observedAt"><value>2026-08-26T07:46:09.255Z</value></Data>
        <Data name="locationQuality"><value>baseline_coordinate_id_verified_current</value></Data>
      </ExtendedData>
      <Point><coordinates>78.53970317556895,17.368759178943588,0</coordinates></Point>
    </Placemark>
    <Placemark>
      <name>Blinkit 37122</name>
      <description>Mumbai · Maharashtra · baseline_coordinate_id_verified_current</description>
      <ExtendedData>
        <Data name="platformId"><value>37122</value></Data>
        <Data name="observedAt"><value>2026-08-26T07:47:10.899Z</value></Data>
        <Data name="locationQuality"><value>baseline_coordinate_id_verified_current</value></Data>
      </ExtendedData>
      <Point><coordinates>72.81838088326022,18.96981319044197,0</coordinates></Point>
    </Placemark>
    <Placemark>
      <name>Blinkit 37168</name>
      <description>Pune · Maharashtra · baseline_coordinate_id_verified_current</description>
      <ExtendedData>
        <Data name="platformId"><value>37168</value></Data>
        <Data name="observedAt"><value>2026-08-26T07:46:56.345Z</value></Data>
        <Data name="locationQuality"><value>baseline_coordinate_id_verified_current</value></Data>
      </ExtendedData>
      <Point><coordinates>73.76732961476918,18.57938498850162,0</coordinates></Point>
    </Placemark>
    <Placemark>
      <name>Blinkit 37170</name>
      <description>Bengaluru · Karnataka · baseline_coordinate_id_verified_current</description>
      <ExtendedData>
        <Data name="platformId"><value>37170</value></Data>
        <Data name="observedAt"><value>2026-08-26T07:45:00.883Z</value></Data>
        <Data name="locationQuality"><value>baseline_coordinate_id_verified_current</value></Data>
      </ExtendedData>
      <Point><coordinates>77.50167367226832,12.960932230326986,0</coordinates></Point>
    </Placemark>
    <Placemark>
      <name>Blinkit 37208</name>
      <description>Bengaluru · Karnataka · baseline_coordinate_id_verified_current</description>
      <ExtendedData>
        <Data name="platformId"><value>37208</value></Data>
        <Data name="observedAt"><value>2026-08-26T07:54:42.826Z</value></Data>
        <Data name="locationQuality"><value>baseline_coordinate_id_verified_current</value></Data>
      </ExtendedData>
      <Point><coordinates>77.65414154505727,12.970659848724397,0</coordinates></Point>
    </Placemark>
    <Placemark>
      <name>Blinkit 37210</name>
      <description>Pune · Maharashtra · baseline_coordinate_id_verified_current</description>
      <ExtendedData>
        <Data name="platformId"><value>37210</value></Data>
        <Data name="observedAt"><value>2026-08-26T07:46:58.876Z</value></Data>
        <Data name="locationQuality"><value>baseline_coordinate_id_verified_current</value></Data>
      </ExtendedData>
      <Point><coordinates>73.97224381936604,18.586811133668704,0</coordinates></Point>
    </Placemark>
    <Placemark>
      <name>Blinkit 37246</name>
      <description>Mumbai · Maharashtra · baseline_coordinate_id_verified_current</description>
      <ExtendedData>
        <Data name="platformId"><value>37246</value></Data>
        <Data name="observedAt"><value>2026-08-26T07:47:38.888Z</value></Data>
        <Data name="locationQuality"><value>baseline_coordinate_id_verified_current</value></Data>
      </ExtendedData>
      <Point><coordinates>72.8567978827732,19.175291564678407,0</coordinates></Point>
    </Placemark>
    <Placemark>
      <name>Blinkit 37280</name>
      <description>UP-NCR · Uttar Pradesh · baseline_coordinate_id_verified_current</description>
      <ExtendedData>
        <Data name="platformId"><value>37280</value></Data>
        <Data name="observedAt"><value>2026-08-26T07:52:40.895Z</value></Data>
        <Data name="locationQuality"><value>baseline_coordinate_id_verified_current</value></Data>
      </ExtendedData>
      <Point><coordinates>77.3974322797689,28.59269956342077,0</coordinates></Point>
    </Placemark>
    <Placemark>
      <name>Blinkit 37284</name>
      <description>Pune · Maharashtra · baseline_coordinate_id_verified_current</description>
      <ExtendedData>
        <Data name="platformId"><value>37284</value></Data>
        <Data name="observedAt"><value>2026-08-26T07:47:00.745Z</value></Data>
        <Data name="locationQuality"><value>baseline_coordinate_id_verified_current</value></Data>
      </ExtendedData>
      <Point><coordinates>73.87551409994683,18.615069911606184,0</coordinates></Point>
    </Placemark>
    <Placemark>
      <name>Blinkit 37288</name>
      <description>UP-NCR · Uttar Pradesh · baseline_coordinate_id_verified_current</description>
      <ExtendedData>
        <Data name="platformId"><value>37288</value></Data>
        <Data name="observedAt"><value>2026-08-26T07:52:46.999Z</value></Data>
        <Data name="locationQuality"><value>baseline_coordinate_id_verified_current</value></Data>
      </ExtendedData>
      <Point><coordinates>77.42504635494706,28.62348150413223,0</coordinates></Point>
    </Placemark>
    <Placemark>
      <name>Blinkit 37330</name>
      <description>Bengaluru · Karnataka · baseline_coordinate_id_verified_current</description>
      <ExtendedData>
        <Data name="platformId"><value>37330</value></Data>
        <Data name="observedAt"><value>2026-08-26T07:44:48.410Z</value></Data>
        <Data name="locationQuality"><value>baseline_coordinate_id_verified_current</value></Data>
      </ExtendedData>
      <Point><coordinates>77.57423465049968,12.892300731584621,0</coordinates></Point>
    </Placemark>
    <Placemark>
      <name>Blinkit 37332</name>
      <description>Bengaluru · Karnataka · baseline_coordinate_id_verified_current</description>
      <ExtendedData>
        <Data name="platformId"><value>37332</value></Data>
        <Data name="observedAt"><value>2026-08-26T07:54:43.478Z</value></Data>
        <Data name="locationQuality"><value>baseline_coordinate_id_verified_current</value></Data>
      </ExtendedData>
      <Point><coordinates>77.61553822607141,12.862629859504132,0</coordinates></Point>
    </Placemark>
    <Placemark>
      <name>Blinkit 37414</name>
      <description>Bengaluru · Karnataka · baseline_coordinate_id_verified_current</description>
      <ExtendedData>
        <Data name="platformId"><value>37414</value></Data>
        <Data name="observedAt"><value>2026-08-26T07:45:30.845Z</value></Data>
        <Data name="locationQuality"><value>baseline_coordinate_id_verified_current</value></Data>
      </ExtendedData>
      <Point><coordinates>77.52800936962383,13.075992067193674,0</coordinates></Point>
    </Placemark>
    <Placemark>
      <name>Blinkit 37424</name>
      <description>Bengaluru · Karnataka · baseline_coordinate_id_verified_current</description>
      <ExtendedData>
        <Data name="platformId"><value>37424</value></Data>
        <Data name="observedAt"><value>2026-08-26T07:45:33.012Z</value></Data>
        <Data name="locationQuality"><value>baseline_coordinate_id_verified_current</value></Data>
      </ExtendedData>
      <Point><coordinates>77.488191,13.088639196909808,0</coordinates></Point>
    </Placemark>
    <Placemark>
      <name>Blinkit 37426</name>
      <description>Hyderabad · Telangana · baseline_coordinate_id_verified_current</description>
      <ExtendedData>
        <Data name="platformId"><value>37426</value></Data>
        <Data name="observedAt"><value>2026-08-26T07:46:29.077Z</value></Data>
        <Data name="locationQuality"><value>baseline_coordinate_id_verified_current</value></Data>
      </ExtendedData>
      <Point><coordinates>78.29284237601429,17.53040219942508,0</coordinates></Point>
    </Placemark>
    <Placemark>
      <name>Blinkit 37430</name>
      <description>Bengaluru · Karnataka · baseline_coordinate_id_verified_current</description>
      <ExtendedData>
        <Data name="platformId"><value>37430</value></Data>
        <Data name="observedAt"><value>2026-08-26T07:45:36.081Z</value></Data>
        <Data name="locationQuality"><value>baseline_coordinate_id_verified_current</value></Data>
      </ExtendedData>
      <Point><coordinates>77.63350089667018,13.102484572044556,0</coordinates></Point>
    </Placemark>
    <Placemark>
      <name>Blinkit 37472</name>
      <description>Mumbai · Maharashtra · baseline_coordinate_id_verified_current</description>
      <ExtendedData>
        <Data name="platformId"><value>37472</value></Data>
        <Data name="observedAt"><value>2026-08-26T07:47:13.903Z</value></Data>
        <Data name="locationQuality"><value>baseline_coordinate_id_verified_current</value></Data>
      </ExtendedData>
      <Point><coordinates>72.85056980760557,19.012310263025512,0</coordinates></Point>
    </Placemark>
    <Placemark>
      <name>Blinkit 37474</name>
      <description>Hyderabad · Telangana · baseline_coordinate_id_verified_current</description>
      <ExtendedData>
        <Data name="platformId"><value>37474</value></Data>
        <Data name="observedAt"><value>2026-08-26T07:46:08.952Z</value></Data>
        <Data name="locationQuality"><value>baseline_coordinate_id_verified_current</value></Data>
      </ExtendedData>
      <Point><coordinates>78.50607291762138,17.371835894717933,0</coordinates></Point>
    </Placemark>
    <Placemark>
      <name>Blinkit 37476</name>
      <description>Pune · Maharashtra · baseline_coordinate_id_verified_current</description>
      <ExtendedData>
        <Data name="platformId"><value>37476</value></Data>
        <Data name="observedAt"><value>2026-08-26T07:46:41.165Z</value></Data>
        <Data name="locationQuality"><value>baseline_coordinate_id_verified_current</value></Data>
      </ExtendedData>
      <Point><coordinates>73.91251242053532,18.458093567014014,0</coordinates></Point>
    </Placemark>
    <Placemark>
      <name>Blinkit 37478</name>
      <description>Mumbai · Maharashtra · baseline_coordinate_id_verified_current</description>
      <ExtendedData>
        <Data name="platformId"><value>37478</value></Data>
        <Data name="observedAt"><value>2026-08-26T07:47:27.060Z</value></Data>
        <Data name="locationQuality"><value>baseline_coordinate_id_verified_current</value></Data>
      </ExtendedData>
      <Point><coordinates>72.88808955747236,19.115666196909807,0</coordinates></Point>
    </Placemark>
    <Placemark>
      <name>Blinkit 37480</name>
      <description>Mumbai · Maharashtra · baseline_coordinate_id_verified_current</description>
      <ExtendedData>
        <Data name="platformId"><value>37480</value></Data>
        <Data name="observedAt"><value>2026-08-26T07:47:24.154Z</value></Data>
        <Data name="locationQuality"><value>baseline_coordinate_id_verified_current</value></Data>
      </ExtendedData>
      <Point><coordinates>72.85814531800342,19.11404474523895,0</coordinates></Point>
    </Placemark>
    <Placemark>
      <name>Blinkit 37516</name>
      <description>Bengaluru · Karnataka · baseline_coordinate_id_verified_current</description>
      <ExtendedData>
        <Data name="platformId"><value>37516</value></Data>
        <Data name="observedAt"><value>2026-08-26T07:44:38.910Z</value></Data>
        <Data name="locationQuality"><value>baseline_coordinate_id_verified_current</value></Data>
      </ExtendedData>
      <Point><coordinates>77.66351737897496,12.820301962630255,0</coordinates></Point>
    </Placemark>
    <Placemark>
      <name>Blinkit 37586</name>
      <description>Delhi · Delhi · baseline_coordinate_id_verified_current</description>
      <ExtendedData>
        <Data name="platformId"><value>37586</value></Data>
        <Data name="observedAt"><value>2026-08-26T07:53:11.036Z</value></Data>
        <Data name="locationQuality"><value>baseline_coordinate_id_verified_current</value></Data>
      </ExtendedData>
      <Point><coordinates>77.29146580103526,28.692629531800215,0</coordinates></Point>
    </Placemark>
    <Placemark>
      <name>Blinkit 37588</name>
      <description>UP-NCR · Uttar Pradesh · baseline_coordinate_id_verified_current</description>
      <ExtendedData>
        <Data name="platformId"><value>37588</value></Data>
        <Data name="observedAt"><value>2026-08-26T07:52:54.390Z</value></Data>
        <Data name="locationQuality"><value>baseline_coordinate_id_verified_current</value></Data>
      </ExtendedData>
      <Point><coordinates>77.36135192569208,28.636073735177863,0</coordinates></Point>
    </Placemark>
    <Placemark>
      <name>Blinkit 37626</name>
      <description>Hyderabad · Telangana · baseline_coordinate_id_verified_current</description>
      <ExtendedData>
        <Data name="platformId"><value>37626</value></Data>
        <Data name="observedAt"><value>2026-08-26T07:46:25.124Z</value></Data>
        <Data name="locationQuality"><value>baseline_coordinate_id_verified_current</value></Data>
      </ExtendedData>
      <Point><coordinates>78.33061867966359,17.492549600431186,0</coordinates></Point>
    </Placemark>
    <Placemark>
      <name>Blinkit 37630</name>
      <description>Bengaluru · Karnataka · baseline_coordinate_id_verified_current</description>
      <ExtendedData>
        <Data name="platformId"><value>37630</value></Data>
        <Data name="observedAt"><value>2026-08-26T07:45:04.085Z</value></Data>
        <Data name="locationQuality"><value>baseline_coordinate_id_verified_current</value></Data>
      </ExtendedData>
      <Point><coordinates>77.60184387932668,12.960404023356093,0</coordinates></Point>
    </Placemark>
    <Placemark>
      <name>Blinkit 37682</name>
      <description>Mumbai · Maharashtra · baseline_coordinate_id_verified_current</description>
      <ExtendedData>
        <Data name="platformId"><value>37682</value></Data>
        <Data name="observedAt"><value>2026-08-26T07:47:53.716Z</value></Data>
        <Data name="locationQuality"><value>baseline_coordinate_id_verified_current</value></Data>
      </ExtendedData>
      <Point><coordinates>72.85173498170366,19.35980301652893,0</coordinates></Point>
    </Placemark>
    <Placemark>
      <name>Blinkit 37684</name>
      <description>Hyderabad · Telangana · baseline_coordinate_id_verified_current</description>
      <ExtendedData>
        <Data name="platformId"><value>37684</value></Data>
        <Data name="observedAt"><value>2026-08-26T07:46:12.885Z</value></Data>
        <Data name="locationQuality"><value>baseline_coordinate_id_verified_current</value></Data>
      </ExtendedData>
      <Point><coordinates>78.3819293803456,17.400367565936037,0</coordinates></Point>
    </Placemark>
    <Placemark>
      <name>Blinkit 37688</name>
      <description>Bengaluru · Karnataka · baseline_coordinate_id_verified_current</description>
      <ExtendedData>
        <Data name="platformId"><value>37688</value></Data>
        <Data name="observedAt"><value>2026-08-26T07:54:33.459Z</value></Data>
        <Data name="locationQuality"><value>baseline_coordinate_id_verified_current</value></Data>
      </ExtendedData>
      <Point><coordinates>77.75709581581809,12.964376162055336,0</coordinates></Point>
    </Placemark>
    <Placemark>
      <name>Blinkit 37690</name>
      <description>Bengaluru · Karnataka · baseline_coordinate_id_verified_current</description>
      <ExtendedData>
        <Data name="platformId"><value>37690</value></Data>
        <Data name="observedAt"><value>2026-08-26T07:45:04.418Z</value></Data>
        <Data name="locationQuality"><value>baseline_coordinate_id_verified_current</value></Data>
      </ExtendedData>
      <Point><coordinates>77.57792601274856,12.955865755300037,0</coordinates></Point>
    </Placemark>
    <Placemark>
      <name>Blinkit 37698</name>
      <description>Pune · Maharashtra · baseline_coordinate_id_verified_current</description>
      <ExtendedData>
        <Data name="platformId"><value>37698</value></Data>
        <Data name="observedAt"><value>2026-08-26T07:46:46.568Z</value></Data>
        <Data name="locationQuality"><value>baseline_coordinate_id_verified_current</value></Data>
      </ExtendedData>
      <Point><coordinates>73.96199560515193,18.499191519942507,0</coordinates></Point>
    </Placemark>
    <Placemark>
      <name>Blinkit 37740</name>
      <description>Delhi · Delhi · baseline_coordinate_id_verified_current</description>
      <ExtendedData>
        <Data name="platformId"><value>37740</value></Data>
        <Data name="observedAt"><value>2026-08-26T07:53:11.898Z</value></Data>
        <Data name="locationQuality"><value>baseline_coordinate_id_verified_current</value></Data>
      </ExtendedData>
      <Point><coordinates>77.32543594386966,28.687010595400647,0</coordinates></Point>
    </Placemark>
    <Placemark>
      <name>Blinkit 37808</name>
      <description>Bengaluru · Karnataka · baseline_coordinate_id_verified_current</description>
      <ExtendedData>
        <Data name="platformId"><value>37808</value></Data>
        <Data name="observedAt"><value>2026-08-26T07:44:36.206Z</value></Data>
        <Data name="locationQuality"><value>baseline_coordinate_id_verified_current</value></Data>
      </ExtendedData>
      <Point><coordinates>77.6554872809615,12.791646622709306,0</coordinates></Point>
    </Placemark>
    <Placemark>
      <name>Blinkit 37812</name>
      <description>UP-NCR · Uttar Pradesh · baseline_coordinate_id_verified_current</description>
      <ExtendedData>
        <Data name="platformId"><value>37812</value></Data>
        <Data name="observedAt"><value>2026-08-26T07:52:39.285Z</value></Data>
        <Data name="locationQuality"><value>baseline_coordinate_id_verified_current</value></Data>
      </ExtendedData>
      <Point><coordinates>77.36270206610723,28.610881535752785,0</coordinates></Point>
    </Placemark>
    <Placemark>
      <name>Blinkit 37814</name>
      <description>Mumbai · Maharashtra · baseline_coordinate_id_verified_current</description>
      <ExtendedData>
        <Data name="platformId"><value>37814</value></Data>
        <Data name="observedAt"><value>2026-08-26T07:47:29.025Z</value></Data>
        <Data name="locationQuality"><value>baseline_coordinate_id_verified_current</value></Data>
      </ExtendedData>
      <Point><coordinates>72.82599766517082,19.134531649299316,0</coordinates></Point>
    </Placemark>
    <Placemark>
      <name>Blinkit 37870</name>
      <description>HR-NCR · Haryana · baseline_coordinate_id_verified_current</description>
      <ExtendedData>
        <Data name="platformId"><value>37870</value></Data>
        <Data name="observedAt"><value>2026-08-26T07:54:39.128Z</value></Data>
        <Data name="locationQuality"><value>baseline_coordinate_id_verified_current</value></Data>
      </ExtendedData>
      <Point><coordinates>77.06110482020868,28.475443355731226,0</coordinates></Point>
    </Placemark>
    <Placemark>
      <name>Blinkit 37918</name>
      <description>Mumbai · Maharashtra · baseline_coordinate_id_verified_current</description>
      <ExtendedData>
        <Data name="platformId"><value>37918</value></Data>
        <Data name="observedAt"><value>2026-08-26T07:47:10.587Z</value></Data>
        <Data name="locationQuality"><value>baseline_coordinate_id_verified_current</value></Data>
      </ExtendedData>
      <Point><coordinates>73.02753936185348,18.984938504850877,0</coordinates></Point>
    </Placemark>
    <Placemark>
      <name>Blinkit 37986</name>
      <description>Mumbai · Maharashtra · baseline_coordinate_id_verified_current</description>
      <ExtendedData>
        <Data name="platformId"><value>37986</value></Data>
        <Data name="observedAt"><value>2026-08-26T07:47:47.117Z</value></Data>
        <Data name="locationQuality"><value>baseline_coordinate_id_verified_current</value></Data>
      </ExtendedData>
      <Point><coordinates>73.08377742100188,19.22624006108516,0</coordinates></Point>
    </Placemark>
    <Placemark>
      <name>Blinkit 38026</name>
      <description>Mumbai · Maharashtra · baseline_coordinate_id_verified_current</description>
      <ExtendedData>
        <Data name="platformId"><value>38026</value></Data>
        <Data name="observedAt"><value>2026-08-26T07:47:20.510Z</value></Data>
        <Data name="locationQuality"><value>baseline_coordinate_id_verified_current</value></Data>
      </ExtendedData>
      <Point><coordinates>73.07646192542673,19.069319706791234,0</coordinates></Point>
    </Placemark>
    <Placemark>
      <name>Blinkit 38032</name>
      <description>Pune · Maharashtra · baseline_coordinate_id_verified_current</description>
      <ExtendedData>
        <Data name="platformId"><value>38032</value></Data>
        <Data name="observedAt"><value>2026-08-26T07:46:39.779Z</value></Data>
        <Data name="locationQuality"><value>baseline_coordinate_id_verified_current</value></Data>
      </ExtendedData>
      <Point><coordinates>73.88882776505255,18.439057044915558,0</coordinates></Point>
    </Placemark>
    <Placemark>
      <name>Blinkit 38042</name>
      <description>UP-NCR · Uttar Pradesh · baseline_coordinate_id_verified_current</description>
      <ExtendedData>
        <Data name="platformId"><value>38042</value></Data>
        <Data name="observedAt"><value>2026-08-26T07:52:44.925Z</value></Data>
        <Data name="locationQuality"><value>baseline_coordinate_id_verified_current</value></Data>
      </ExtendedData>
      <Point><coordinates>77.386167,28.597258492633852,0</coordinates></Point>
    </Placemark>
    <Placemark>
      <name>Blinkit 38078</name>
      <description>HR-NCR · Haryana · baseline_coordinate_id_verified_current</description>
      <ExtendedData>
        <Data name="platformId"><value>38078</value></Data>
        <Data name="observedAt"><value>2026-08-26T07:51:58.851Z</value></Data>
        <Data name="locationQuality"><value>baseline_coordinate_id_verified_current</value></Data>
      </ExtendedData>
      <Point><coordinates>77.07625636095644,28.422633516708586,0</coordinates></Point>
    </Placemark>
    <Placemark>
      <name>Blinkit 38080</name>
      <description>Pune · Maharashtra · baseline_coordinate_id_verified_current</description>
      <ExtendedData>
        <Data name="platformId"><value>38080</value></Data>
        <Data name="observedAt"><value>2026-08-26T07:46:50.837Z</value></Data>
        <Data name="locationQuality"><value>baseline_coordinate_id_verified_current</value></Data>
      </ExtendedData>
      <Point><coordinates>73.90558616526567,18.518596726913405,0</coordinates></Point>
    </Placemark>
    <Placemark>
      <name>Blinkit 38084</name>
      <description>Bengaluru · Karnataka · baseline_coordinate_id_verified_current</description>
      <ExtendedData>
        <Data name="platformId"><value>38084</value></Data>
        <Data name="observedAt"><value>2026-08-26T07:44:58.309Z</value></Data>
        <Data name="locationQuality"><value>baseline_coordinate_id_verified_current</value></Data>
      </ExtendedData>
      <Point><coordinates>77.62622061289399,12.938650559108876,0</coordinates></Point>
    </Placemark>
    <Placemark>
      <name>Blinkit 38090</name>
      <description>Hyderabad · Telangana · baseline_coordinate_id_verified_current</description>
      <ExtendedData>
        <Data name="platformId"><value>38090</value></Data>
        <Data name="observedAt"><value>2026-08-26T07:46:13.893Z</value></Data>
        <Data name="locationQuality"><value>baseline_coordinate_id_verified_current</value></Data>
      </ExtendedData>
      <Point><coordinates>78.65841263378793,17.43499460150916,0</coordinates></Point>
    </Placemark>
    <Placemark>
      <name>Blinkit 38092</name>
      <description>UP-NCR · Uttar Pradesh · baseline_coordinate_id_verified_current</description>
      <ExtendedData>
        <Data name="platformId"><value>38092</value></Data>
        <Data name="observedAt"><value>2026-08-26T07:52:21.102Z</value></Data>
        <Data name="locationQuality"><value>baseline_coordinate_id_verified_current</value></Data>
      </ExtendedData>
      <Point><coordinates>77.34015243139332,28.539665146604385,0</coordinates></Point>
    </Placemark>
    <Placemark>
      <name>Blinkit 38150</name>
      <description>Bengaluru · Karnataka · baseline_coordinate_id_verified_current</description>
      <ExtendedData>
        <Data name="platformId"><value>38150</value></Data>
        <Data name="observedAt"><value>2026-08-26T07:45:21.710Z</value></Data>
        <Data name="locationQuality"><value>baseline_coordinate_id_verified_current</value></Data>
      </ExtendedData>
      <Point><coordinates>77.48743947651609,13.050233777578152,0</coordinates></Point>
    </Placemark>
    <Placemark>
      <name>Blinkit 38152</name>
      <description>UP-NCR · Uttar Pradesh · baseline_coordinate_id_verified_current</description>
      <ExtendedData>
        <Data name="platformId"><value>38152</value></Data>
        <Data name="observedAt"><value>2026-08-26T07:52:41.560Z</value></Data>
        <Data name="locationQuality"><value>baseline_coordinate_id_verified_current</value></Data>
      </ExtendedData>
      <Point><coordinates>77.47595468763555,28.633365326985267,0</coordinates></Point>
    </Placemark>
    <Placemark>
      <name>Blinkit 38194</name>
      <description>Pune · Maharashtra · baseline_coordinate_id_verified_current</description>
      <ExtendedData>
        <Data name="platformId"><value>38194</value></Data>
        <Data name="observedAt"><value>2026-08-26T07:46:55.330Z</value></Data>
        <Data name="locationQuality"><value>baseline_coordinate_id_verified_current</value></Data>
      </ExtendedData>
      <Point><coordinates>73.94419927853454,18.549980158821416,0</coordinates></Point>
    </Placemark>
    <Placemark>
      <name>Blinkit 38202</name>
      <description>Mumbai · Maharashtra · baseline_coordinate_id_verified_current</description>
      <ExtendedData>
        <Data name="platformId"><value>38202</value></Data>
        <Data name="observedAt"><value>2026-08-26T07:47:25.461Z</value></Data>
        <Data name="locationQuality"><value>baseline_coordinate_id_verified_current</value></Data>
      </ExtendedData>
      <Point><coordinates>72.93868728108798,19.11890460869565,0</coordinates></Point>
    </Placemark>
    <Placemark>
      <name>Blinkit 38204</name>
      <description>Pune · Maharashtra · baseline_coordinate_id_verified_current</description>
      <ExtendedData>
        <Data name="platformId"><value>38204</value></Data>
        <Data name="observedAt"><value>2026-08-26T07:46:43.150Z</value></Data>
        <Data name="locationQuality"><value>baseline_coordinate_id_verified_current</value></Data>
      </ExtendedData>
      <Point><coordinates>73.93125905460214,18.479279144448434,0</coordinates></Point>
    </Placemark>
    <Placemark>
      <name>Blinkit 38208</name>
      <description>Bengaluru · Karnataka · baseline_coordinate_id_verified_current</description>
      <ExtendedData>
        <Data name="platformId"><value>38208</value></Data>
        <Data name="observedAt"><value>2026-08-26T07:45:18.628Z</value></Data>
        <Data name="locationQuality"><value>baseline_coordinate_id_verified_current</value></Data>
      </ExtendedData>
      <Point><coordinates>77.61400233373458,13.026362249730505,0</coordinates></Point>
    </Placemark>
    <Placemark>
      <name>Blinkit 38210</name>
      <description>Bengaluru · Karnataka · baseline_coordinate_id_verified_current</description>
      <ExtendedData>
        <Data name="platformId"><value>38210</value></Data>
        <Data name="observedAt"><value>2026-08-26T07:45:09.209Z</value></Data>
        <Data name="locationQuality"><value>baseline_coordinate_id_verified_current</value></Data>
      </ExtendedData>
      <Point><coordinates>77.70843998347907,12.963124109593965,0</coordinates></Point>
    </Placemark>
    <Placemark>
      <name>Blinkit 38212</name>
      <description>Bengaluru · Karnataka · baseline_coordinate_id_verified_current</description>
      <ExtendedData>
        <Data name="platformId"><value>38212</value></Data>
        <Data name="observedAt"><value>2026-08-26T07:44:48.677Z</value></Data>
        <Data name="locationQuality"><value>baseline_coordinate_id_verified_current</value></Data>
      </ExtendedData>
      <Point><coordinates>77.6627516350109,12.893589808120733,0</coordinates></Point>
    </Placemark>
    <Placemark>
      <name>Blinkit 38218</name>
      <description>Bengaluru · Karnataka · baseline_coordinate_id_verified_current</description>
      <ExtendedData>
        <Data name="platformId"><value>38218</value></Data>
        <Data name="observedAt"><value>2026-08-26T07:44:55.445Z</value></Data>
        <Data name="locationQuality"><value>baseline_coordinate_id_verified_current</value></Data>
      </ExtendedData>
      <Point><coordinates>77.56259498797164,12.929283419331657,0</coordinates></Point>
    </Placemark>
    <Placemark>
      <name>Blinkit 38254</name>
      <description>UP-NCR · Uttar Pradesh · baseline_coordinate_id_verified_current</description>
      <ExtendedData>
        <Data name="platformId"><value>38254</value></Data>
        <Data name="observedAt"><value>2026-08-26T07:52:46.603Z</value></Data>
        <Data name="locationQuality"><value>baseline_coordinate_id_verified_current</value></Data>
      </ExtendedData>
      <Point><coordinates>77.48945939045393,28.642310652892558,0</coordinates></Point>
    </Placemark>
    <Placemark>
      <name>Blinkit 38264</name>
      <description>Pune · Maharashtra · baseline_coordinate_id_verified_current</description>
      <ExtendedData>
        <Data name="platformId"><value>38264</value></Data>
        <Data name="observedAt"><value>2026-08-26T07:46:52.083Z</value></Data>
        <Data name="locationQuality"><value>baseline_coordinate_id_verified_current</value></Data>
      </ExtendedData>
      <Point><coordinates>73.79138809223498,18.541367004311894,0</coordinates></Point>
    </Placemark>
    <Placemark>
      <name>Blinkit 38268</name>
      <description>HR-NCR · Haryana · baseline_coordinate_id_verified_current</description>
      <ExtendedData>
        <Data name="platformId"><value>38268</value></Data>
        <Data name="observedAt"><value>2026-08-26T07:52:05.177Z</value></Data>
        <Data name="locationQuality"><value>baseline_coordinate_id_verified_current</value></Data>
      </ExtendedData>
      <Point><coordinates>77.024663741547,28.479272561264818,0</coordinates></Point>
    </Placemark>
    <Placemark>
      <name>Blinkit 38270</name>
      <description>Pune · Maharashtra · baseline_coordinate_id_verified_current</description>
      <ExtendedData>
        <Data name="platformId"><value>38270</value></Data>
        <Data name="observedAt"><value>2026-08-26T07:47:02.733Z</value></Data>
        <Data name="locationQuality"><value>baseline_coordinate_id_verified_current</value></Data>
      </ExtendedData>
      <Point><coordinates>73.90965452738614,18.616393828961552,0</coordinates></Point>
    </Placemark>
    <Placemark>
      <name>Blinkit 38272</name>
      <description>Hyderabad · Telangana · baseline_coordinate_id_verified_current</description>
      <ExtendedData>
        <Data name="platformId"><value>38272</value></Data>
        <Data name="observedAt"><value>2026-08-26T07:46:17.663Z</value></Data>
        <Data name="locationQuality"><value>baseline_coordinate_id_verified_current</value></Data>
      </ExtendedData>
      <Point><coordinates>78.36624179313954,17.433492007186487,0</coordinates></Point>
    </Placemark>
    <Placemark>
      <name>Blinkit 38274</name>
      <description>Mumbai · Maharashtra · baseline_coordinate_id_verified_current</description>
      <ExtendedData>
        <Data name="platformId"><value>38274</value></Data>
        <Data name="observedAt"><value>2026-08-26T07:47:40.198Z</value></Data>
        <Data name="locationQuality"><value>baseline_coordinate_id_verified_current</value></Data>
      </ExtendedData>
      <Point><coordinates>73.08601806880681,19.180279844771828,0</coordinates></Point>
    </Placemark>
    <Placemark>
      <name>Blinkit 38280</name>
      <description>Bengaluru · Karnataka · baseline_coordinate_id_verified_current</description>
      <ExtendedData>
        <Data name="platformId"><value>38280</value></Data>
        <Data name="observedAt"><value>2026-08-26T07:44:56.962Z</value></Data>
        <Data name="locationQuality"><value>baseline_coordinate_id_verified_current</value></Data>
      </ExtendedData>
      <Point><coordinates>77.66704636752499,12.914828284225655,0</coordinates></Point>
    </Placemark>
    <Placemark>
      <name>Blinkit 38364</name>
      <description>Delhi · Delhi · baseline_coordinate_id_verified_current</description>
      <ExtendedData>
        <Data name="platformId"><value>38364</value></Data>
        <Data name="observedAt"><value>2026-08-26T07:52:27.063Z</value></Data>
        <Data name="locationQuality"><value>baseline_coordinate_id_verified_current</value></Data>
      </ExtendedData>
      <Point><coordinates>77.19995783740755,28.565775869205897,0</coordinates></Point>
    </Placemark>
    <Placemark>
      <name>Blinkit 38409</name>
      <description>Mumbai · Maharashtra · baseline_coordinate_id_verified_current</description>
      <ExtendedData>
        <Data name="platformId"><value>38409</value></Data>
        <Data name="observedAt"><value>2026-08-26T07:47:19.304Z</value></Data>
        <Data name="locationQuality"><value>baseline_coordinate_id_verified_current</value></Data>
      </ExtendedData>
      <Point><coordinates>73.09597423653094,19.07217184477183,0</coordinates></Point>
    </Placemark>
    <Placemark>
      <name>Blinkit 38450</name>
      <description>UP-NCR · Uttar Pradesh · baseline_coordinate_id_verified_current</description>
      <ExtendedData>
        <Data name="platformId"><value>38450</value></Data>
        <Data name="observedAt"><value>2026-08-26T07:52:06.156Z</value></Data>
        <Data name="locationQuality"><value>baseline_coordinate_id_verified_current</value></Data>
      </ExtendedData>
      <Point><coordinates>77.4140557084712,28.493200876033058,0</coordinates></Point>
    </Placemark>
    <Placemark>
      <name>Blinkit 38474</name>
      <description>Hyderabad · Telangana · baseline_coordinate_id_verified_current</description>
      <ExtendedData>
        <Data name="platformId"><value>38474</value></Data>
        <Data name="observedAt"><value>2026-08-26T07:46:28.419Z</value></Data>
        <Data name="locationQuality"><value>baseline_coordinate_id_verified_current</value></Data>
      </ExtendedData>
      <Point><coordinates>78.39582638855212,17.500592885375493,0</coordinates></Point>
    </Placemark>
    <Placemark>
      <name>Blinkit 38524</name>
      <description>Mumbai · Maharashtra · baseline_coordinate_id_verified_current</description>
      <ExtendedData>
        <Data name="platformId"><value>38524</value></Data>
        <Data name="observedAt"><value>2026-08-26T07:54:35.277Z</value></Data>
        <Data name="locationQuality"><value>baseline_coordinate_id_verified_current</value></Data>
      </ExtendedData>
      <Point><coordinates>72.88770543676146,19.154319743442326,0</coordinates></Point>
    </Placemark>
    <Placemark>
      <name>Blinkit 38600</name>
      <description>Bengaluru · Karnataka · baseline_coordinate_id_verified_current</description>
      <ExtendedData>
        <Data name="platformId"><value>38600</value></Data>
        <Data name="observedAt"><value>2026-08-26T07:45:13.886Z</value></Data>
        <Data name="locationQuality"><value>baseline_coordinate_id_verified_current</value></Data>
      </ExtendedData>
      <Point><coordinates>77.76693804644043,12.982250462809917,0</coordinates></Point>
    </Placemark>
    <Placemark>
      <name>Blinkit 38602</name>
      <description>Pune · Maharashtra · baseline_coordinate_id_verified_current</description>
      <ExtendedData>
        <Data name="platformId"><value>38602</value></Data>
        <Data name="observedAt"><value>2026-08-26T07:47:06.267Z</value></Data>
        <Data name="locationQuality"><value>baseline_coordinate_id_verified_current</value></Data>
      </ExtendedData>
      <Point><coordinates>73.88965350957945,18.667623731943944,0</coordinates></Point>
    </Placemark>
    <Placemark>
      <name>Blinkit 38608</name>
      <description>Faridabad · Haryana · baseline_coordinate_id_verified_current</description>
      <ExtendedData>
        <Data name="platformId"><value>38608</value></Data>
        <Data name="observedAt"><value>2026-08-26T07:51:34.744Z</value></Data>
        <Data name="locationQuality"><value>baseline_coordinate_id_verified_current</value></Data>
      </ExtendedData>
      <Point><coordinates>77.3318943476511,28.33970199568811,0</coordinates></Point>
    </Placemark>
    <Placemark>
      <name>Blinkit 38610</name>
      <description>UP-NCR · Uttar Pradesh · baseline_coordinate_id_verified_current</description>
      <ExtendedData>
        <Data name="platformId"><value>38610</value></Data>
        <Data name="observedAt"><value>2026-08-26T07:53:15.289Z</value></Data>
        <Data name="locationQuality"><value>baseline_coordinate_id_verified_current</value></Data>
      </ExtendedData>
      <Point><coordinates>77.28979804806985,28.711216898311175,0</coordinates></Point>
    </Placemark>
    <Placemark>
      <name>Blinkit 38646</name>
      <description>Hyderabad · Telangana · baseline_coordinate_id_verified_current</description>
      <ExtendedData>
        <Data name="platformId"><value>38646</value></Data>
        <Data name="observedAt"><value>2026-08-26T07:46:48.693Z</value></Data>
        <Data name="locationQuality"><value>baseline_coordinate_id_verified_current</value></Data>
      </ExtendedData>
      <Point><coordinates>78.50374919779054,17.509390751706793,0</coordinates></Point>
    </Placemark>
    <Placemark>
      <name>Blinkit 38722</name>
      <description>Hyderabad · Telangana · baseline_coordinate_id_verified_current</description>
      <ExtendedData>
        <Data name="platformId"><value>38722</value></Data>
        <Data name="observedAt"><value>2026-08-26T07:46:04.753Z</value></Data>
        <Data name="locationQuality"><value>baseline_coordinate_id_verified_current</value></Data>
      </ExtendedData>
      <Point><coordinates>78.55402829308423,17.323560435501257,0</coordinates></Point>
    </Placemark>
    <Placemark>
      <name>Blinkit 38724</name>
      <description>Pune · Maharashtra · baseline_coordinate_id_verified_current</description>
      <ExtendedData>
        <Data name="platformId"><value>38724</value></Data>
        <Data name="observedAt"><value>2026-08-26T07:46:53.829Z</value></Data>
        <Data name="locationQuality"><value>baseline_coordinate_id_verified_current</value></Data>
      </ExtendedData>
      <Point><coordinates>73.76318420018592,18.55161059360403,0</coordinates></Point>
    </Placemark>
    <Placemark>
      <name>Blinkit 38832</name>
      <description>Delhi · Delhi · baseline_coordinate_id_verified_current</description>
      <ExtendedData>
        <Data name="platformId"><value>38832</value></Data>
        <Data name="observedAt"><value>2026-08-26T07:52:30.946Z</value></Data>
        <Data name="locationQuality"><value>baseline_coordinate_id_verified_current</value></Data>
      </ExtendedData>
      <Point><coordinates>77.1347716385371,28.5975908677686,0</coordinates></Point>
    </Placemark>
    <Placemark>
      <name>Blinkit 38838</name>
      <description>Bengaluru · Karnataka · baseline_coordinate_id_verified_current</description>
      <ExtendedData>
        <Data name="platformId"><value>38838</value></Data>
        <Data name="observedAt"><value>2026-08-26T07:45:35.815Z</value></Data>
        <Data name="locationQuality"><value>baseline_coordinate_id_verified_current</value></Data>
      </ExtendedData>
      <Point><coordinates>77.57005521982,13.104645010420409,0</coordinates></Point>
    </Placemark>
    <Placemark>
      <name>Blinkit 38840</name>
      <description>Mumbai · Maharashtra · baseline_coordinate_id_verified_current</description>
      <ExtendedData>
        <Data name="platformId"><value>38840</value></Data>
        <Data name="observedAt"><value>2026-08-26T07:47:08.839Z</value></Data>
        <Data name="locationQuality"><value>baseline_coordinate_id_verified_current</value></Data>
      </ExtendedData>
      <Point><coordinates>72.82600956243566,18.914562159540065,0</coordinates></Point>
    </Placemark>
    <Placemark>
      <name>Blinkit 38964</name>
      <description>Mumbai · Maharashtra · baseline_coordinate_id_verified_current</description>
      <ExtendedData>
        <Data name="platformId"><value>38964</value></Data>
        <Data name="observedAt"><value>2026-08-26T07:47:39.867Z</value></Data>
        <Data name="locationQuality"><value>baseline_coordinate_id_verified_current</value></Data>
      </ExtendedData>
      <Point><coordinates>72.96695171025858,19.192912499820338,0</coordinates></Point>
    </Placemark>
    <Placemark>
      <name>Blinkit 39058</name>
      <description>Bengaluru · Karnataka · baseline_coordinate_id_verified_current</description>
      <ExtendedData>
        <Data name="platformId"><value>39058</value></Data>
        <Data name="observedAt"><value>2026-08-26T07:44:51.737Z</value></Data>
        <Data name="locationQuality"><value>baseline_coordinate_id_verified_current</value></Data>
      </ExtendedData>
      <Point><coordinates>77.58719118339005,12.905405,0</coordinates></Point>
    </Placemark>
    <Placemark>
      <name>Blinkit 39094</name>
      <description>Mumbai · Maharashtra · baseline_coordinate_id_verified_current</description>
      <ExtendedData>
        <Data name="platformId"><value>39094</value></Data>
        <Data name="observedAt"><value>2026-08-26T07:47:21.460Z</value></Data>
        <Data name="locationQuality"><value>baseline_coordinate_id_verified_current</value></Data>
      </ExtendedData>
      <Point><coordinates>72.85577283439031,19.081736767157743,0</coordinates></Point>
    </Placemark>
    <Placemark>
      <name>Blinkit 39114</name>
      <description>Bengaluru · Karnataka · baseline_coordinate_id_verified_current</description>
      <ExtendedData>
        <Data name="platformId"><value>39114</value></Data>
        <Data name="observedAt"><value>2026-08-26T07:45:25.417Z</value></Data>
        <Data name="locationQuality"><value>baseline_coordinate_id_verified_current</value></Data>
      </ExtendedData>
      <Point><coordinates>77.63769178596895,13.033081617319441,0</coordinates></Point>
    </Placemark>
    <Placemark>
      <name>Blinkit 39118</name>
      <description>UP-NCR · Uttar Pradesh · baseline_coordinate_id_verified_current</description>
      <ExtendedData>
        <Data name="platformId"><value>39118</value></Data>
        <Data name="observedAt"><value>2026-08-26T07:52:20.792Z</value></Data>
        <Data name="locationQuality"><value>baseline_coordinate_id_verified_current</value></Data>
      </ExtendedData>
      <Point><coordinates>77.35580097928627,28.551201862019404,0</coordinates></Point>
    </Placemark>
    <Placemark>
      <name>Blinkit 39166</name>
      <description>Pune · Maharashtra · baseline_coordinate_id_verified_current</description>
      <ExtendedData>
        <Data name="platformId"><value>39166</value></Data>
        <Data name="observedAt"><value>2026-08-26T07:46:45.939Z</value></Data>
        <Data name="locationQuality"><value>baseline_coordinate_id_verified_current</value></Data>
      </ExtendedData>
      <Point><coordinates>73.82547554559928,18.488349995688104,0</coordinates></Point>
    </Placemark>
    <Placemark>
      <name>Blinkit 39290</name>
      <description>Bengaluru · Karnataka · baseline_coordinate_id_verified_current</description>
      <ExtendedData>
        <Data name="platformId"><value>39290</value></Data>
        <Data name="observedAt"><value>2026-08-26T07:45:03.666Z</value></Data>
        <Data name="locationQuality"><value>baseline_coordinate_id_verified_current</value></Data>
      </ExtendedData>
      <Point><coordinates>77.52458639489397,12.970255608695652,0</coordinates></Point>
    </Placemark>
    <Placemark>
      <name>Blinkit 39340</name>
      <description>Bengaluru · Karnataka · baseline_coordinate_id_verified_current</description>
      <ExtendedData>
        <Data name="platformId"><value>39340</value></Data>
        <Data name="observedAt"><value>2026-08-26T07:45:12.995Z</value></Data>
        <Data name="locationQuality"><value>baseline_coordinate_id_verified_current</value></Data>
      </ExtendedData>
      <Point><coordinates>77.6796634701888,12.980390958677686,0</coordinates></Point>
    </Placemark>
    <Placemark>
      <name>Blinkit 39342</name>
      <description>Pune · Maharashtra · baseline_coordinate_id_verified_current</description>
      <ExtendedData>
        <Data name="platformId"><value>39342</value></Data>
        <Data name="observedAt"><value>2026-08-26T07:54:25.053Z</value></Data>
        <Data name="locationQuality"><value>baseline_coordinate_id_verified_current</value></Data>
      </ExtendedData>
      <Point><coordinates>73.8023357413116,18.5024389148401,0</coordinates></Point>
    </Placemark>
    <Placemark>
      <name>Blinkit 39346</name>
      <description>Mumbai · Maharashtra · baseline_coordinate_id_verified_current</description>
      <ExtendedData>
        <Data name="platformId"><value>39346</value></Data>
        <Data name="observedAt"><value>2026-08-26T07:47:27.702Z</value></Data>
        <Data name="locationQuality"><value>baseline_coordinate_id_verified_current</value></Data>
      </ExtendedData>
      <Point><coordinates>73.04764430380897,19.143099682716493,0</coordinates></Point>
    </Placemark>
    <Placemark>
      <name>Blinkit 39370</name>
      <description>Bengaluru · Karnataka · baseline_coordinate_id_verified_current</description>
      <ExtendedData>
        <Data name="platformId"><value>39370</value></Data>
        <Data name="observedAt"><value>2026-08-26T07:44:36.812Z</value></Data>
        <Data name="locationQuality"><value>baseline_coordinate_id_verified_current</value></Data>
      </ExtendedData>
      <Point><coordinates>77.70383300524479,12.789611947897953,0</coordinates></Point>
    </Placemark>
    <Placemark>
      <name>Blinkit 39454</name>
      <description>Pune · Maharashtra · baseline_coordinate_id_verified_current</description>
      <ExtendedData>
        <Data name="platformId"><value>39454</value></Data>
        <Data name="observedAt"><value>2026-08-26T07:46:49.945Z</value></Data>
        <Data name="locationQuality"><value>baseline_coordinate_id_verified_current</value></Data>
      </ExtendedData>
      <Point><coordinates>73.83364605941955,18.530728042040963,0</coordinates></Point>
    </Placemark>
    <Placemark>
      <name>Blinkit 39456</name>
      <description>Hyderabad · Telangana · baseline_coordinate_id_verified_current</description>
      <ExtendedData>
        <Data name="platformId"><value>39456</value></Data>
        <Data name="observedAt"><value>2026-08-26T07:46:11.475Z</value></Data>
        <Data name="locationQuality"><value>baseline_coordinate_id_verified_current</value></Data>
      </ExtendedData>
      <Point><coordinates>78.362678,17.395354989579587,0</coordinates></Point>
    </Placemark>
    <Placemark>
      <name>Blinkit 39457</name>
      <description>Hyderabad · Telangana · baseline_coordinate_id_verified_current</description>
      <ExtendedData>
        <Data name="platformId"><value>39457</value></Data>
        <Data name="observedAt"><value>2026-08-26T07:46:49.589Z</value></Data>
        <Data name="locationQuality"><value>baseline_coordinate_id_verified_current</value></Data>
      </ExtendedData>
      <Point><coordinates>78.43367232799937,17.412358323751345,0</coordinates></Point>
    </Placemark>
    <Placemark>
      <name>Blinkit 39463</name>
      <description>HR-NCR · Haryana · baseline_coordinate_id_verified_current</description>
      <ExtendedData>
        <Data name="platformId"><value>39463</value></Data>
        <Data name="observedAt"><value>2026-08-26T07:51:55.366Z</value></Data>
        <Data name="locationQuality"><value>baseline_coordinate_id_verified_current</value></Data>
      </ExtendedData>
      <Point><coordinates>77.080097,28.462791734459213,0</coordinates></Point>
    </Placemark>
    <Placemark>
      <name>Blinkit 39526</name>
      <description>Bengaluru · Karnataka · baseline_coordinate_id_verified_current</description>
      <ExtendedData>
        <Data name="platformId"><value>39526</value></Data>
        <Data name="observedAt"><value>2026-08-26T07:45:01.231Z</value></Data>
        <Data name="locationQuality"><value>baseline_coordinate_id_verified_current</value></Data>
      </ExtendedData>
      <Point><coordinates>77.54738870745722,12.950154587854833,0</coordinates></Point>
    </Placemark>
    <Placemark>
      <name>Blinkit 39566</name>
      <description>Mumbai · Maharashtra · baseline_coordinate_id_verified_current</description>
      <ExtendedData>
        <Data name="platformId"><value>39566</value></Data>
        <Data name="observedAt"><value>2026-08-26T07:47:50.076Z</value></Data>
        <Data name="locationQuality"><value>baseline_coordinate_id_verified_current</value></Data>
      </ExtendedData>
      <Point><coordinates>72.8808145173724,19.270391272008624,0</coordinates></Point>
    </Placemark>
    <Placemark>
      <name>Blinkit 39567</name>
      <description>Mumbai · Maharashtra · baseline_coordinate_id_verified_current</description>
      <ExtendedData>
        <Data name="platformId"><value>39567</value></Data>
        <Data name="observedAt"><value>2026-08-26T07:47:29.927Z</value></Data>
        <Data name="locationQuality"><value>baseline_coordinate_id_verified_current</value></Data>
      </ExtendedData>
      <Point><coordinates>72.79658087363597,19.14213175242544,0</coordinates></Point>
    </Placemark>
    <Placemark>
      <name>Blinkit 39611</name>
      <description>UP-NCR · Uttar Pradesh · baseline_coordinate_id_verified_current</description>
      <ExtendedData>
        <Data name="platformId"><value>39611</value></Data>
        <Data name="observedAt"><value>2026-08-26T07:52:46.288Z</value></Data>
        <Data name="locationQuality"><value>baseline_coordinate_id_verified_current</value></Data>
      </ExtendedData>
      <Point><coordinates>77.37807501048033,28.621622,0</coordinates></Point>
    </Placemark>
    <Placemark>
      <name>Blinkit 39832</name>
      <description>Pune · Maharashtra · baseline_coordinate_id_verified_current</description>
      <ExtendedData>
        <Data name="platformId"><value>39832</value></Data>
        <Data name="observedAt"><value>2026-08-26T07:46:58.521Z</value></Data>
        <Data name="locationQuality"><value>baseline_coordinate_id_verified_current</value></Data>
      </ExtendedData>
      <Point><coordinates>73.78819499667664,18.57727216061804,0</coordinates></Point>
    </Placemark>
    <Placemark>
      <name>Blinkit 39886</name>
      <description>Delhi · Delhi · baseline_coordinate_id_verified_current</description>
      <ExtendedData>
        <Data name="platformId"><value>39886</value></Data>
        <Data name="observedAt"><value>2026-08-26T07:53:26.558Z</value></Data>
        <Data name="locationQuality"><value>baseline_coordinate_id_verified_current</value></Data>
      </ExtendedData>
      <Point><coordinates>77.08788743780056,28.858379193316566,0</coordinates></Point>
    </Placemark>
    <Placemark>
      <name>Blinkit 39924</name>
      <description>UP-NCR · Uttar Pradesh · baseline_coordinate_id_verified_current</description>
      <ExtendedData>
        <Data name="platformId"><value>39924</value></Data>
        <Data name="observedAt"><value>2026-08-26T07:52:29.265Z</value></Data>
        <Data name="locationQuality"><value>baseline_coordinate_id_verified_current</value></Data>
      </ExtendedData>
      <Point><coordinates>77.36261803692054,28.562968646784046,0</coordinates></Point>
    </Placemark>
    <Placemark>
      <name>Blinkit 39934</name>
      <description>Bengaluru · Karnataka · baseline_coordinate_id_verified_current</description>
      <ExtendedData>
        <Data name="platformId"><value>39934</value></Data>
        <Data name="observedAt"><value>2026-08-26T07:45:24.441Z</value></Data>
        <Data name="locationQuality"><value>baseline_coordinate_id_verified_current</value></Data>
      </ExtendedData>
      <Point><coordinates>77.50682781221711,13.042059145885734,0</coordinates></Point>
    </Placemark>
    <Placemark>
      <name>Blinkit 39972</name>
      <description>Mumbai · Maharashtra · baseline_coordinate_id_verified_current</description>
      <ExtendedData>
        <Data name="platformId"><value>39972</value></Data>
        <Data name="observedAt"><value>2026-08-26T07:47:16.210Z</value></Data>
        <Data name="locationQuality"><value>baseline_coordinate_id_verified_current</value></Data>
      </ExtendedData>
      <Point><coordinates>72.86133481489914,19.033472218109953,0</coordinates></Point>
    </Placemark>
    <Placemark>
      <name>Blinkit 39974</name>
      <description>Mumbai · Maharashtra · baseline_coordinate_id_verified_current</description>
      <ExtendedData>
        <Data name="platformId"><value>39974</value></Data>
        <Data name="observedAt"><value>2026-08-26T07:47:51.076Z</value></Data>
        <Data name="locationQuality"><value>baseline_coordinate_id_verified_current</value></Data>
      </ExtendedData>
      <Point><coordinates>73.042879,19.274029432267337,0</coordinates></Point>
    </Placemark>
    <Placemark>
      <name>Blinkit 39978</name>
      <description>Mumbai · Maharashtra · baseline_coordinate_id_verified_current</description>
      <ExtendedData>
        <Data name="platformId"><value>39978</value></Data>
        <Data name="observedAt"><value>2026-08-26T07:47:36.603Z</value></Data>
        <Data name="locationQuality"><value>baseline_coordinate_id_verified_current</value></Data>
      </ExtendedData>
      <Point><coordinates>73.0344382118196,19.16586304204096,0</coordinates></Point>
    </Placemark>
    <Placemark>
      <name>Blinkit 39988</name>
      <description>UP-NCR · Uttar Pradesh · baseline_coordinate_id_verified_current</description>
      <ExtendedData>
        <Data name="platformId"><value>39988</value></Data>
        <Data name="observedAt"><value>2026-08-26T07:52:17.478Z</value></Data>
        <Data name="locationQuality"><value>baseline_coordinate_id_verified_current</value></Data>
      </ExtendedData>
      <Point><coordinates>77.38479217586415,28.52721982069709,0</coordinates></Point>
    </Placemark>
    <Placemark>
      <name>Blinkit 40076</name>
      <description>Bengaluru · Karnataka · baseline_coordinate_id_verified_current</description>
      <ExtendedData>
        <Data name="platformId"><value>40076</value></Data>
        <Data name="observedAt"><value>2026-08-26T07:44:58.884Z</value></Data>
        <Data name="locationQuality"><value>baseline_coordinate_id_verified_current</value></Data>
      </ExtendedData>
      <Point><coordinates>77.63804966348344,12.927311626302552,0</coordinates></Point>
    </Placemark>
    <Placemark>
      <name>Blinkit 40102</name>
      <description>Bengaluru · Karnataka · baseline_coordinate_id_verified_current</description>
      <ExtendedData>
        <Data name="platformId"><value>40102</value></Data>
        <Data name="observedAt"><value>2026-08-26T07:44:55.097Z</value></Data>
        <Data name="locationQuality"><value>baseline_coordinate_id_verified_current</value></Data>
      </ExtendedData>
      <Point><coordinates>77.60870143744702,12.92612345562343,0</coordinates></Point>
    </Placemark>
    <Placemark>
      <name>Blinkit 40104</name>
      <description>Pune · Maharashtra · baseline_coordinate_id_verified_current</description>
      <ExtendedData>
        <Data name="platformId"><value>40104</value></Data>
        <Data name="observedAt"><value>2026-08-26T07:46:55.757Z</value></Data>
        <Data name="locationQuality"><value>baseline_coordinate_id_verified_current</value></Data>
      </ExtendedData>
      <Point><coordinates>73.74127024079031,18.56691223284226,0</coordinates></Point>
    </Placemark>
    <Placemark>
      <name>Blinkit 40106</name>
      <description>Pune · Maharashtra · baseline_coordinate_id_verified_current</description>
      <ExtendedData>
        <Data name="platformId"><value>40106</value></Data>
        <Data name="observedAt"><value>2026-08-26T07:46:59.522Z</value></Data>
        <Data name="locationQuality"><value>baseline_coordinate_id_verified_current</value></Data>
      </ExtendedData>
      <Point><coordinates>73.74150699610614,18.597860361121093,0</coordinates></Point>
    </Placemark>
    <Placemark>
      <name>Blinkit 40108</name>
      <description>Pune · Maharashtra · baseline_coordinate_id_verified_current</description>
      <ExtendedData>
        <Data name="platformId"><value>40108</value></Data>
        <Data name="observedAt"><value>2026-08-26T07:47:00.126Z</value></Data>
        <Data name="locationQuality"><value>baseline_coordinate_id_verified_current</value></Data>
      </ExtendedData>
      <Point><coordinates>73.76585501795918,18.60167593783687,0</coordinates></Point>
    </Placemark>
    <Placemark>
      <name>Blinkit 40144</name>
      <description>Bengaluru · Karnataka · baseline_coordinate_id_verified_current</description>
      <ExtendedData>
        <Data name="platformId"><value>40144</value></Data>
        <Data name="observedAt"><value>2026-08-26T07:45:15.745Z</value></Data>
        <Data name="locationQuality"><value>baseline_coordinate_id_verified_current</value></Data>
      </ExtendedData>
      <Point><coordinates>77.56515854789895,13.00500250161696,0</coordinates></Point>
    </Placemark>
    <Placemark>
      <name>Blinkit 40146</name>
      <description>Mumbai · Maharashtra · baseline_coordinate_id_verified_current</description>
      <ExtendedData>
        <Data name="platformId"><value>40146</value></Data>
        <Data name="observedAt"><value>2026-08-26T07:47:09.998Z</value></Data>
        <Data name="locationQuality"><value>baseline_coordinate_id_verified_current</value></Data>
      </ExtendedData>
      <Point><coordinates>72.81490493175784,18.957004645436577,0</coordinates></Point>
    </Placemark>
    <Placemark>
      <name>Blinkit 40150</name>
      <description>Bengaluru · Karnataka · baseline_coordinate_id_verified_current</description>
      <ExtendedData>
        <Data name="platformId"><value>40150</value></Data>
        <Data name="observedAt"><value>2026-08-26T07:44:44.754Z</value></Data>
        <Data name="locationQuality"><value>baseline_coordinate_id_verified_current</value></Data>
      </ExtendedData>
      <Point><coordinates>77.4512653195247,12.88624344511319,0</coordinates></Point>
    </Placemark>
    <Placemark>
      <name>Blinkit 40208</name>
      <description>Hyderabad · Telangana · baseline_coordinate_id_verified_current</description>
      <ExtendedData>
        <Data name="platformId"><value>40208</value></Data>
        <Data name="observedAt"><value>2026-08-26T07:46:06.490Z</value></Data>
        <Data name="locationQuality"><value>baseline_coordinate_id_verified_current</value></Data>
      </ExtendedData>
      <Point><coordinates>78.39214327003691,17.344696605821056,0</coordinates></Point>
    </Placemark>
    <Placemark>
      <name>Blinkit 40246</name>
      <description>Hyderabad · Telangana · baseline_coordinate_id_verified_current</description>
      <ExtendedData>
        <Data name="platformId"><value>40246</value></Data>
        <Data name="observedAt"><value>2026-08-26T07:46:27.442Z</value></Data>
        <Data name="locationQuality"><value>baseline_coordinate_id_verified_current</value></Data>
      </ExtendedData>
      <Point><coordinates>78.55074776945452,17.473839870283864,0</coordinates></Point>
    </Placemark>
    <Placemark>
      <name>Blinkit 40248</name>
      <description>Hyderabad · Telangana · baseline_coordinate_id_verified_current</description>
      <ExtendedData>
        <Data name="platformId"><value>40248</value></Data>
        <Data name="observedAt"><value>2026-08-26T07:46:17.000Z</value></Data>
        <Data name="locationQuality"><value>baseline_coordinate_id_verified_current</value></Data>
      </ExtendedData>
      <Point><coordinates>78.58479762613268,17.4212141850521,0</coordinates></Point>
    </Placemark>
    <Placemark>
      <name>Blinkit 40250</name>
      <description>Hyderabad · Telangana · baseline_coordinate_id_verified_current</description>
      <ExtendedData>
        <Data name="platformId"><value>40250</value></Data>
        <Data name="observedAt"><value>2026-08-26T07:46:23.436Z</value></Data>
        <Data name="locationQuality"><value>baseline_coordinate_id_verified_current</value></Data>
      </ExtendedData>
      <Point><coordinates>78.34671960476386,17.472973,0</coordinates></Point>
    </Placemark>
    <Placemark>
      <name>Blinkit 40324</name>
      <description>Hyderabad · Telangana · baseline_coordinate_id_verified_current</description>
      <ExtendedData>
        <Data name="platformId"><value>40324</value></Data>
        <Data name="observedAt"><value>2026-08-26T07:46:18.562Z</value></Data>
        <Data name="locationQuality"><value>baseline_coordinate_id_verified_current</value></Data>
      </ExtendedData>
      <Point><coordinates>78.50260674633182,17.447473128997483,0</coordinates></Point>
    </Placemark>
    <Placemark>
      <name>Blinkit 40327</name>
      <description>Hyderabad · Telangana · baseline_coordinate_id_verified_current</description>
      <ExtendedData>
        <Data name="platformId"><value>40327</value></Data>
        <Data name="observedAt"><value>2026-08-26T07:46:11.168Z</value></Data>
        <Data name="locationQuality"><value>baseline_coordinate_id_verified_current</value></Data>
      </ExtendedData>
      <Point><coordinates>78.33721264876294,17.396657540783327,0</coordinates></Point>
    </Placemark>
    <Placemark>
      <name>Blinkit 40362</name>
      <description>Hyderabad · Telangana · baseline_coordinate_id_verified_current</description>
      <ExtendedData>
        <Data name="platformId"><value>40362</value></Data>
        <Data name="observedAt"><value>2026-08-26T07:46:04.399Z</value></Data>
        <Data name="locationQuality"><value>baseline_coordinate_id_verified_current</value></Data>
      </ExtendedData>
      <Point><coordinates>78.48949530406165,17.318642181818184,0</coordinates></Point>
    </Placemark>
    <Placemark>
      <name>Blinkit 40443</name>
      <description>Hyderabad · Telangana · baseline_coordinate_id_verified_current</description>
      <ExtendedData>
        <Data name="platformId"><value>40443</value></Data>
        <Data name="observedAt"><value>2026-08-26T07:46:20.913Z</value></Data>
        <Data name="locationQuality"><value>baseline_coordinate_id_verified_current</value></Data>
      </ExtendedData>
      <Point><coordinates>78.28010762140671,17.445946,0</coordinates></Point>
    </Placemark>
    <Placemark>
      <name>Blinkit 40520</name>
      <description>Pune · Maharashtra · baseline_coordinate_id_verified_current</description>
      <ExtendedData>
        <Data name="platformId"><value>40520</value></Data>
        <Data name="observedAt"><value>2026-08-26T07:46:51.729Z</value></Data>
        <Data name="locationQuality"><value>baseline_coordinate_id_verified_current</value></Data>
      </ExtendedData>
      <Point><coordinates>73.95653394894562,18.52599394214876,0</coordinates></Point>
    </Placemark>
    <Placemark>
      <name>Blinkit 40523</name>
      <description>Bengaluru · Karnataka · baseline_coordinate_id_verified_current</description>
      <ExtendedData>
        <Data name="platformId"><value>40523</value></Data>
        <Data name="observedAt"><value>2026-08-26T07:54:42.477Z</value></Data>
        <Data name="locationQuality"><value>baseline_coordinate_id_verified_current</value></Data>
      </ExtendedData>
      <Point><coordinates>77.71923982521622,12.89933132482932,0</coordinates></Point>
    </Placemark>
    <Placemark>
      <name>Blinkit 40528</name>
      <description>Bengaluru · Karnataka · baseline_coordinate_id_verified_current</description>
      <ExtendedData>
        <Data name="platformId"><value>40528</value></Data>
        <Data name="observedAt"><value>2026-08-26T07:44:45.659Z</value></Data>
        <Data name="locationQuality"><value>baseline_coordinate_id_verified_current</value></Data>
      </ExtendedData>
      <Point><coordinates>77.54083187255476,12.889570957240387,0</coordinates></Point>
    </Placemark>
    <Placemark>
      <name>Blinkit 40529</name>
      <description>Delhi · Delhi · baseline_coordinate_id_verified_current</description>
      <ExtendedData>
        <Data name="platformId"><value>40529</value></Data>
        <Data name="observedAt"><value>2026-08-26T07:54:41.553Z</value></Data>
        <Data name="locationQuality"><value>baseline_coordinate_id_verified_current</value></Data>
      </ExtendedData>
      <Point><coordinates>77.25364910110004,28.557175631333095,0</coordinates></Point>
    </Placemark>
    <Placemark>
      <name>Blinkit 40530</name>
      <description>Bahadurgarh · Haryana · baseline_coordinate_id_verified_current</description>
      <ExtendedData>
        <Data name="platformId"><value>40530</value></Data>
        <Data name="observedAt"><value>2026-08-26T07:53:09.583Z</value></Data>
        <Data name="locationQuality"><value>baseline_coordinate_id_verified_current</value></Data>
      </ExtendedData>
      <Point><coordinates>76.88910816617569,28.70844320840819,0</coordinates></Point>
    </Placemark>
    <Placemark>
      <name>Blinkit 40532</name>
      <description>Bengaluru · Karnataka · baseline_coordinate_id_verified_current</description>
      <ExtendedData>
        <Data name="platformId"><value>40532</value></Data>
        <Data name="observedAt"><value>2026-08-26T07:44:43.885Z</value></Data>
        <Data name="locationQuality"><value>baseline_coordinate_id_verified_current</value></Data>
      </ExtendedData>
      <Point><coordinates>77.7541624606185,12.883054694214877,0</coordinates></Point>
    </Placemark>
    <Placemark>
      <name>Blinkit 40583</name>
      <description>Hyderabad · Telangana · baseline_coordinate_id_verified_current</description>
      <ExtendedData>
        <Data name="platformId"><value>40583</value></Data>
        <Data name="observedAt"><value>2026-08-26T07:46:03.837Z</value></Data>
        <Data name="locationQuality"><value>baseline_coordinate_id_verified_current</value></Data>
      </ExtendedData>
      <Point><coordinates>78.38175863771035,17.26391654006468,0</coordinates></Point>
    </Placemark>
    <Placemark>
      <name>Blinkit 40584</name>
      <description>Hyderabad · Telangana · baseline_coordinate_id_verified_current</description>
      <ExtendedData>
        <Data name="platformId"><value>40584</value></Data>
        <Data name="observedAt"><value>2026-08-26T07:46:31.082Z</value></Data>
        <Data name="locationQuality"><value>baseline_coordinate_id_verified_current</value></Data>
      </ExtendedData>
      <Point><coordinates>78.43753530176505,17.554054,0</coordinates></Point>
    </Placemark>
    <Placemark>
      <name>Blinkit 40585</name>
      <description>Delhi · Delhi · baseline_coordinate_id_verified_current</description>
      <ExtendedData>
        <Data name="platformId"><value>40585</value></Data>
        <Data name="observedAt"><value>2026-08-26T07:52:22.497Z</value></Data>
        <Data name="locationQuality"><value>baseline_coordinate_id_verified_current</value></Data>
      </ExtendedData>
      <Point><coordinates>77.1726483053458,28.554054,0</coordinates></Point>
    </Placemark>
    <Placemark>
      <name>Blinkit 40589</name>
      <description>Bengaluru · Karnataka · baseline_coordinate_id_verified_current</description>
      <ExtendedData>
        <Data name="platformId"><value>40589</value></Data>
        <Data name="observedAt"><value>2026-08-26T07:44:52.075Z</value></Data>
        <Data name="locationQuality"><value>baseline_coordinate_id_verified_current</value></Data>
      </ExtendedData>
      <Point><coordinates>77.65066594566325,12.908670361121093,0</coordinates></Point>
    </Placemark>
    <Placemark>
      <name>Blinkit 40670</name>
      <description>Mumbai · Maharashtra · baseline_coordinate_id_verified_current</description>
      <ExtendedData>
        <Data name="platformId"><value>40670</value></Data>
        <Data name="observedAt"><value>2026-08-26T07:47:13.310Z</value></Data>
        <Data name="locationQuality"><value>baseline_coordinate_id_verified_current</value></Data>
      </ExtendedData>
      <Point><coordinates>72.89599185860877,19.035292616960117,0</coordinates></Point>
    </Placemark>
    <Placemark>
      <name>Blinkit 40674</name>
      <description>Bengaluru · Karnataka · baseline_coordinate_id_verified_current</description>
      <ExtendedData>
        <Data name="platformId"><value>40674</value></Data>
        <Data name="observedAt"><value>2026-08-26T07:45:25.106Z</value></Data>
        <Data name="locationQuality"><value>baseline_coordinate_id_verified_current</value></Data>
      </ExtendedData>
      <Point><coordinates>77.57540025443558,13.042422961911605,0</coordinates></Point>
    </Placemark>
    <Placemark>
      <name>Blinkit 40680</name>
      <description>Bengaluru · Karnataka · baseline_coordinate_id_verified_current</description>
      <ExtendedData>
        <Data name="platformId"><value>40680</value></Data>
        <Data name="observedAt"><value>2026-08-26T07:45:40.300Z</value></Data>
        <Data name="locationQuality"><value>baseline_coordinate_id_verified_current</value></Data>
      </ExtendedData>
      <Point><coordinates>77.6292377791616,13.141586028386635,0</coordinates></Point>
    </Placemark>
    <Placemark>
      <name>Blinkit 40725</name>
      <description>Pune · Maharashtra · baseline_coordinate_id_verified_current</description>
      <ExtendedData>
        <Data name="platformId"><value>40725</value></Data>
        <Data name="observedAt"><value>2026-08-26T07:47:01.047Z</value></Data>
        <Data name="locationQuality"><value>baseline_coordinate_id_verified_current</value></Data>
      </ExtendedData>
      <Point><coordinates>73.9002983249097,18.594895934243624,0</coordinates></Point>
    </Placemark>
    <Placemark>
      <name>Blinkit 40777</name>
      <description>Bengaluru · Karnataka · baseline_coordinate_id_verified_current</description>
      <ExtendedData>
        <Data name="platformId"><value>40777</value></Data>
        <Data name="observedAt"><value>2026-08-26T07:44:57.597Z</value></Data>
        <Data name="locationQuality"><value>baseline_coordinate_id_verified_current</value></Data>
      </ExtendedData>
      <Point><coordinates>77.7390210939227,12.926262693855552,0</coordinates></Point>
    </Placemark>
    <Placemark>
      <name>Blinkit 40817</name>
      <description>Hyderabad · Telangana · baseline_coordinate_id_verified_current</description>
      <ExtendedData>
        <Data name="platformId"><value>40817</value></Data>
        <Data name="observedAt"><value>2026-08-26T07:46:14.898Z</value></Data>
        <Data name="locationQuality"><value>baseline_coordinate_id_verified_current</value></Data>
      </ExtendedData>
      <Point><coordinates>78.40844587413736,17.405405,0</coordinates></Point>
    </Placemark>
    <Placemark>
      <name>Blinkit 40876</name>
      <description>Hyderabad · Telangana · baseline_coordinate_id_verified_current</description>
      <ExtendedData>
        <Data name="platformId"><value>40876</value></Data>
        <Data name="observedAt"><value>2026-08-26T07:54:34.648Z</value></Data>
        <Data name="locationQuality"><value>baseline_coordinate_id_verified_current</value></Data>
      </ExtendedData>
      <Point><coordinates>78.37117896043512,17.45668306431908,0</coordinates></Point>
    </Placemark>
    <Placemark>
      <name>Blinkit 40921</name>
      <description>Hyderabad · Telangana · baseline_coordinate_id_verified_current</description>
      <ExtendedData>
        <Data name="platformId"><value>40921</value></Data>
        <Data name="observedAt"><value>2026-08-26T07:46:05.680Z</value></Data>
        <Data name="locationQuality"><value>baseline_coordinate_id_verified_current</value></Data>
      </ExtendedData>
      <Point><coordinates>78.57964846279141,17.3330859338843,0</coordinates></Point>
    </Placemark>
    <Placemark>
      <name>Blinkit 40959</name>
      <description>HR-NCR · Haryana · baseline_coordinate_id_verified_current</description>
      <ExtendedData>
        <Data name="platformId"><value>40959</value></Data>
        <Data name="observedAt"><value>2026-08-26T07:51:53.166Z</value></Data>
        <Data name="locationQuality"><value>baseline_coordinate_id_verified_current</value></Data>
      </ExtendedData>
      <Point><coordinates>77.07613830109263,28.441472410348542,0</coordinates></Point>
    </Placemark>
    <Placemark>
      <name>Blinkit 41018</name>
      <description>Delhi · Delhi · baseline_coordinate_id_verified_current</description>
      <ExtendedData>
        <Data name="platformId"><value>41018</value></Data>
        <Data name="observedAt"><value>2026-08-26T07:52:38.233Z</value></Data>
        <Data name="locationQuality"><value>baseline_coordinate_id_verified_current</value></Data>
      </ExtendedData>
      <Point><coordinates>77.15542190931468,28.623836337046352,0</coordinates></Point>
    </Placemark>
    <Placemark>
      <name>Blinkit 41094</name>
      <description>Hyderabad · Telangana · baseline_coordinate_id_verified_current</description>
      <ExtendedData>
        <Data name="platformId"><value>41094</value></Data>
        <Data name="observedAt"><value>2026-08-26T07:46:09.880Z</value></Data>
        <Data name="locationQuality"><value>baseline_coordinate_id_verified_current</value></Data>
      </ExtendedData>
      <Point><coordinates>78.3678300745166,17.38358351994251,0</coordinates></Point>
    </Placemark>
    <Placemark>
      <name>Blinkit 41096</name>
      <description>Bengaluru · Karnataka · baseline_coordinate_id_verified_current</description>
      <ExtendedData>
        <Data name="platformId"><value>41096</value></Data>
        <Data name="observedAt"><value>2026-08-26T07:54:31.458Z</value></Data>
        <Data name="locationQuality"><value>baseline_coordinate_id_verified_current</value></Data>
      </ExtendedData>
      <Point><coordinates>77.60288128598008,12.909645028745958,0</coordinates></Point>
    </Placemark>
    <Placemark>
      <name>Blinkit 41103</name>
      <description>Hyderabad · Telangana · baseline_coordinate_id_verified_current</description>
      <ExtendedData>
        <Data name="platformId"><value>41103</value></Data>
        <Data name="observedAt"><value>2026-08-26T07:49:12.137Z</value></Data>
        <Data name="locationQuality"><value>baseline_coordinate_id_verified_current</value></Data>
      </ExtendedData>
      <Point><coordinates>78.46759075870943,17.318662239669422,0</coordinates></Point>
    </Placemark>
    <Placemark>
      <name>Blinkit 41149</name>
      <description>UP-NCR · Uttar Pradesh · baseline_coordinate_id_verified_current</description>
      <ExtendedData>
        <Data name="platformId"><value>41149</value></Data>
        <Data name="observedAt"><value>2026-08-26T07:53:08.255Z</value></Data>
        <Data name="locationQuality"><value>baseline_coordinate_id_verified_current</value></Data>
      </ExtendedData>
      <Point><coordinates>77.37922450852993,28.680350740927057,0</coordinates></Point>
    </Placemark>
    <Placemark>
      <name>Blinkit 41157</name>
      <description>Pune · Maharashtra · baseline_coordinate_id_verified_current</description>
      <ExtendedData>
        <Data name="platformId"><value>41157</value></Data>
        <Data name="observedAt"><value>2026-08-26T07:47:04.219Z</value></Data>
        <Data name="locationQuality"><value>baseline_coordinate_id_verified_current</value></Data>
      </ExtendedData>
      <Point><coordinates>73.85295234334097,18.628916286740928,0</coordinates></Point>
    </Placemark>
    <Placemark>
      <name>Blinkit 41161</name>
      <description>Bengaluru · Karnataka · baseline_coordinate_id_verified_current</description>
      <ExtendedData>
        <Data name="platformId"><value>41161</value></Data>
        <Data name="observedAt"><value>2026-08-26T07:44:47.372Z</value></Data>
        <Data name="locationQuality"><value>baseline_coordinate_id_verified_current</value></Data>
      </ExtendedData>
      <Point><coordinates>77.60140234110237,12.88916113402803,0</coordinates></Point>
    </Placemark>
    <Placemark>
      <name>Blinkit 41163</name>
      <description>Mumbai · Maharashtra · baseline_coordinate_id_verified_current</description>
      <ExtendedData>
        <Data name="platformId"><value>41163</value></Data>
        <Data name="observedAt"><value>2026-08-26T07:47:12.347Z</value></Data>
        <Data name="locationQuality"><value>baseline_coordinate_id_verified_current</value></Data>
      </ExtendedData>
      <Point><coordinates>72.82230572742797,19.00269942508085,0</coordinates></Point>
    </Placemark>
    <Placemark>
      <name>Blinkit 41168</name>
      <description>Pune · Maharashtra · baseline_coordinate_id_verified_current</description>
      <ExtendedData>
        <Data name="platformId"><value>41168</value></Data>
        <Data name="observedAt"><value>2026-08-26T07:47:06.575Z</value></Data>
        <Data name="locationQuality"><value>baseline_coordinate_id_verified_current</value></Data>
      </ExtendedData>
      <Point><coordinates>73.80017443075084,18.669907688106356,0</coordinates></Point>
    </Placemark>
    <Placemark>
      <name>Blinkit 41205</name>
      <description>Delhi · Delhi · baseline_coordinate_id_verified_current</description>
      <ExtendedData>
        <Data name="platformId"><value>41205</value></Data>
        <Data name="observedAt"><value>2026-08-26T07:52:05.808Z</value></Data>
        <Data name="locationQuality"><value>baseline_coordinate_id_verified_current</value></Data>
      </ExtendedData>
      <Point><coordinates>77.1449069387178,28.49801582393101,0</coordinates></Point>
    </Placemark>
    <Placemark>
      <name>Blinkit 41207</name>
      <description>Hyderabad · Telangana · baseline_coordinate_id_verified_current</description>
      <ExtendedData>
        <Data name="platformId"><value>41207</value></Data>
        <Data name="observedAt"><value>2026-08-26T07:46:44.061Z</value></Data>
        <Data name="locationQuality"><value>baseline_coordinate_id_verified_current</value></Data>
      </ExtendedData>
      <Point><coordinates>78.59228820255149,17.405405,0</coordinates></Point>
    </Placemark>
    <Placemark>
      <name>Blinkit 41219</name>
      <description>Mumbai · Maharashtra · baseline_coordinate_id_verified_current</description>
      <ExtendedData>
        <Data name="platformId"><value>41219</value></Data>
        <Data name="observedAt"><value>2026-08-26T07:47:23.324Z</value></Data>
        <Data name="locationQuality"><value>baseline_coordinate_id_verified_current</value></Data>
      </ExtendedData>
      <Point><coordinates>72.88473296851112,19.099311133668703,0</coordinates></Point>
    </Placemark>
    <Placemark>
      <name>Blinkit 41223</name>
      <description>Delhi · Delhi · baseline_coordinate_id_verified_current</description>
      <ExtendedData>
        <Data name="platformId"><value>41223</value></Data>
        <Data name="observedAt"><value>2026-08-26T07:52:56.314Z</value></Data>
        <Data name="locationQuality"><value>baseline_coordinate_id_verified_current</value></Data>
      </ExtendedData>
      <Point><coordinates>77.13197522451154,28.646877171038444,0</coordinates></Point>
    </Placemark>
    <Placemark>
      <name>Blinkit 41225</name>
      <description>Hyderabad · Telangana · baseline_coordinate_id_verified_current</description>
      <ExtendedData>
        <Data name="platformId"><value>41225</value></Data>
        <Data name="observedAt"><value>2026-08-26T07:46:10.197Z</value></Data>
        <Data name="locationQuality"><value>baseline_coordinate_id_verified_current</value></Data>
      </ExtendedData>
      <Point><coordinates>78.42687082642784,17.394955241106718,0</coordinates></Point>
    </Placemark>
    <Placemark>
      <name>Blinkit 41297</name>
      <description>Delhi · Delhi · baseline_coordinate_id_verified_current</description>
      <ExtendedData>
        <Data name="platformId"><value>41297</value></Data>
        <Data name="observedAt"><value>2026-08-26T07:53:17.624Z</value></Data>
        <Data name="locationQuality"><value>baseline_coordinate_id_verified_current</value></Data>
      </ExtendedData>
      <Point><coordinates>77.11418819035056,28.716216,0</coordinates></Point>
    </Placemark>
    <Placemark>
      <name>Blinkit 41301</name>
      <description>Delhi · Delhi · baseline_coordinate_id_verified_current</description>
      <ExtendedData>
        <Data name="platformId"><value>41301</value></Data>
        <Data name="observedAt"><value>2026-08-26T07:52:16.493Z</value></Data>
        <Data name="locationQuality"><value>baseline_coordinate_id_verified_current</value></Data>
      </ExtendedData>
      <Point><coordinates>77.21460806780169,28.522319849443047,0</coordinates></Point>
    </Placemark>
    <Placemark>
      <name>Blinkit 41303</name>
      <description>Hyderabad · Telangana · baseline_coordinate_id_verified_current</description>
      <ExtendedData>
        <Data name="platformId"><value>41303</value></Data>
        <Data name="observedAt"><value>2026-08-26T07:46:16.648Z</value></Data>
        <Data name="locationQuality"><value>baseline_coordinate_id_verified_current</value></Data>
      </ExtendedData>
      <Point><coordinates>78.5445670616198,17.430972244340637,0</coordinates></Point>
    </Placemark>
    <Placemark>
      <name>Blinkit 41321</name>
      <description>Delhi · Delhi · baseline_coordinate_id_verified_current</description>
      <ExtendedData>
        <Data name="platformId"><value>41321</value></Data>
        <Data name="observedAt"><value>2026-08-26T07:52:35.704Z</value></Data>
        <Data name="locationQuality"><value>baseline_coordinate_id_verified_current</value></Data>
      </ExtendedData>
      <Point><coordinates>77.06813602223512,28.595478938196194,0</coordinates></Point>
    </Placemark>
    <Placemark>
      <name>Blinkit 41445</name>
      <description>Pune · Maharashtra · baseline_coordinate_id_verified_current</description>
      <ExtendedData>
        <Data name="platformId"><value>41445</value></Data>
        <Data name="observedAt"><value>2026-08-26T07:46:52.650Z</value></Data>
        <Data name="locationQuality"><value>baseline_coordinate_id_verified_current</value></Data>
      </ExtendedData>
      <Point><coordinates>73.89908159188836,18.538939760330578,0</coordinates></Point>
    </Placemark>
    <Placemark>
      <name>Blinkit 41447</name>
      <description>Bengaluru · Karnataka · baseline_coordinate_id_verified_current</description>
      <ExtendedData>
        <Data name="platformId"><value>41447</value></Data>
        <Data name="observedAt"><value>2026-08-26T07:45:38.181Z</value></Data>
        <Data name="locationQuality"><value>baseline_coordinate_id_verified_current</value></Data>
      </ExtendedData>
      <Point><coordinates>77.6021555622397,13.122331665828243,0</coordinates></Point>
    </Placemark>
    <Placemark>
      <name>Blinkit 41457</name>
      <description>Hyderabad · Telangana · baseline_coordinate_id_verified_current</description>
      <ExtendedData>
        <Data name="platformId"><value>41457</value></Data>
        <Data name="observedAt"><value>2026-08-26T07:46:20.385Z</value></Data>
        <Data name="locationQuality"><value>baseline_coordinate_id_verified_current</value></Data>
      </ExtendedData>
      <Point><coordinates>78.46911801251439,17.44377208695652,0</coordinates></Point>
    </Placemark>
    <Placemark>
      <name>Blinkit 41459</name>
      <description>UP-NCR · Uttar Pradesh · baseline_coordinate_id_verified_current</description>
      <ExtendedData>
        <Data name="platformId"><value>41459</value></Data>
        <Data name="observedAt"><value>2026-08-26T07:53:05.360Z</value></Data>
        <Data name="locationQuality"><value>baseline_coordinate_id_verified_current</value></Data>
      </ExtendedData>
      <Point><coordinates>77.37655211466328,28.660724702120014,0</coordinates></Point>
    </Placemark>
    <Placemark>
      <name>Blinkit 41473</name>
      <description>Bengaluru · Karnataka · baseline_coordinate_id_verified_current</description>
      <ExtendedData>
        <Data name="platformId"><value>41473</value></Data>
        <Data name="observedAt"><value>2026-08-26T07:45:06.511Z</value></Data>
        <Data name="locationQuality"><value>baseline_coordinate_id_verified_current</value></Data>
      </ExtendedData>
      <Point><coordinates>77.48489985069796,12.987469650736616,0</coordinates></Point>
    </Placemark>
    <Placemark>
      <name>Blinkit 41513</name>
      <description>Bengaluru · Karnataka · baseline_coordinate_id_verified_current</description>
      <ExtendedData>
        <Data name="platformId"><value>41513</value></Data>
        <Data name="observedAt"><value>2026-08-26T07:44:38.305Z</value></Data>
        <Data name="locationQuality"><value>baseline_coordinate_id_verified_current</value></Data>
      </ExtendedData>
      <Point><coordinates>77.78581058395632,12.818617324110672,0</coordinates></Point>
    </Placemark>
    <Placemark>
      <name>Blinkit 41519</name>
      <description>HR-NCR · Haryana · baseline_coordinate_id_verified_current</description>
      <ExtendedData>
        <Data name="platformId"><value>41519</value></Data>
        <Data name="observedAt"><value>2026-08-26T07:54:47.863Z</value></Data>
        <Data name="locationQuality"><value>baseline_coordinate_id_verified_current</value></Data>
      </ExtendedData>
      <Point><coordinates>77.10206727250002,28.436958396694212,0</coordinates></Point>
    </Placemark>
    <Placemark>
      <name>Blinkit 41523</name>
      <description>Hyderabad · Telangana · baseline_coordinate_id_verified_current</description>
      <ExtendedData>
        <Data name="platformId"><value>41523</value></Data>
        <Data name="observedAt"><value>2026-08-26T07:46:48.030Z</value></Data>
        <Data name="locationQuality"><value>baseline_coordinate_id_verified_current</value></Data>
      </ExtendedData>
      <Point><coordinates>78.40544483490892,17.457527630973768,0</coordinates></Point>
    </Placemark>
    <Placemark>
      <name>Blinkit 41525</name>
      <description>Hyderabad · Telangana · baseline_coordinate_id_verified_current</description>
      <ExtendedData>
        <Data name="platformId"><value>41525</value></Data>
        <Data name="observedAt"><value>2026-08-26T07:46:04.155Z</value></Data>
        <Data name="locationQuality"><value>baseline_coordinate_id_verified_current</value></Data>
      </ExtendedData>
      <Point><coordinates>78.52510410270389,17.32081609486166,0</coordinates></Point>
    </Placemark>
    <Placemark>
      <name>Blinkit 41529</name>
      <description>Mumbai · Maharashtra · baseline_coordinate_id_verified_current</description>
      <ExtendedData>
        <Data name="platformId"><value>41529</value></Data>
        <Data name="observedAt"><value>2026-08-26T07:47:46.458Z</value></Data>
        <Data name="locationQuality"><value>baseline_coordinate_id_verified_current</value></Data>
      </ExtendedData>
      <Point><coordinates>72.99559055354828,19.23719736579231,0</coordinates></Point>
    </Placemark>
    <Placemark>
      <name>Blinkit 41539</name>
      <description>Bengaluru · Karnataka · baseline_coordinate_id_verified_current</description>
      <ExtendedData>
        <Data name="platformId"><value>41539</value></Data>
        <Data name="observedAt"><value>2026-08-26T07:44:39.920Z</value></Data>
        <Data name="locationQuality"><value>baseline_coordinate_id_verified_current</value></Data>
      </ExtendedData>
      <Point><coordinates>77.64092280649328,12.842176842975206,0</coordinates></Point>
    </Placemark>
    <Placemark>
      <name>Blinkit 41541</name>
      <description>HR-NCR · Haryana · baseline_coordinate_id_verified_current</description>
      <ExtendedData>
        <Data name="platformId"><value>41541</value></Data>
        <Data name="observedAt"><value>2026-08-26T07:52:00.035Z</value></Data>
        <Data name="locationQuality"><value>baseline_coordinate_id_verified_current</value></Data>
      </ExtendedData>
      <Point><coordinates>77.07094849366018,28.473035881782252,0</coordinates></Point>
    </Placemark>
    <Placemark>
      <name>Blinkit 41542</name>
      <description>Mumbai · Maharashtra · baseline_coordinate_id_verified_current</description>
      <ExtendedData>
        <Data name="platformId"><value>41542</value></Data>
        <Data name="observedAt"><value>2026-08-26T07:47:28.348Z</value></Data>
        <Data name="locationQuality"><value>baseline_coordinate_id_verified_current</value></Data>
      </ExtendedData>
      <Point><coordinates>72.85669885555093,19.15819146460654,0</coordinates></Point>
    </Placemark>
    <Placemark>
      <name>Blinkit 41649</name>
      <description>Mumbai · Maharashtra · baseline_coordinate_id_verified_current</description>
      <ExtendedData>
        <Data name="platformId"><value>41649</value></Data>
        <Data name="observedAt"><value>2026-08-26T07:47:20.197Z</value></Data>
        <Data name="locationQuality"><value>baseline_coordinate_id_verified_current</value></Data>
      </ExtendedData>
      <Point><coordinates>72.8797519170449,19.081081,0</coordinates></Point>
    </Placemark>
    <Placemark>
      <name>Blinkit 41651</name>
      <description>Bengaluru · Karnataka · baseline_coordinate_id_verified_current</description>
      <ExtendedData>
        <Data name="platformId"><value>41651</value></Data>
        <Data name="observedAt"><value>2026-08-26T07:45:15.141Z</value></Data>
        <Data name="locationQuality"><value>baseline_coordinate_id_verified_current</value></Data>
      </ExtendedData>
      <Point><coordinates>77.50387701048808,13.01643351131872,0</coordinates></Point>
    </Placemark>
    <Placemark>
      <name>Blinkit 41657</name>
      <description>UP-NCR · Uttar Pradesh · baseline_coordinate_id_verified_current</description>
      <ExtendedData>
        <Data name="platformId"><value>41657</value></Data>
        <Data name="observedAt"><value>2026-08-26T07:52:10.672Z</value></Data>
        <Data name="locationQuality"><value>baseline_coordinate_id_verified_current</value></Data>
      </ExtendedData>
      <Point><coordinates>77.47094009543426,28.513514,0</coordinates></Point>
    </Placemark>
    <Placemark>
      <name>Blinkit 41659</name>
      <description>Pune · Maharashtra · baseline_coordinate_id_verified_current</description>
      <ExtendedData>
        <Data name="platformId"><value>41659</value></Data>
        <Data name="observedAt"><value>2026-08-26T07:47:04.797Z</value></Data>
        <Data name="locationQuality"><value>baseline_coordinate_id_verified_current</value></Data>
      </ExtendedData>
      <Point><coordinates>73.83881274457951,18.65479793999281,0</coordinates></Point>
    </Placemark>
    <Placemark>
      <name>Blinkit 41701</name>
      <description>UP-NCR · Uttar Pradesh · baseline_coordinate_id_verified_current</description>
      <ExtendedData>
        <Data name="platformId"><value>41701</value></Data>
        <Data name="observedAt"><value>2026-08-26T07:52:58.854Z</value></Data>
        <Data name="locationQuality"><value>baseline_coordinate_id_verified_current</value></Data>
      </ExtendedData>
      <Point><coordinates>77.3648975099348,28.646650257635645,0</coordinates></Point>
    </Placemark>
    <Placemark>
      <name>Blinkit 41707</name>
      <description>Pune · Maharashtra · baseline_coordinate_id_verified_current</description>
      <ExtendedData>
        <Data name="platformId"><value>41707</value></Data>
        <Data name="observedAt"><value>2026-08-26T07:46:52.911Z</value></Data>
        <Data name="locationQuality"><value>baseline_coordinate_id_verified_current</value></Data>
      </ExtendedData>
      <Point><coordinates>73.91850306279984,18.551910629536472,0</coordinates></Point>
    </Placemark>
    <Placemark>
      <name>Blinkit 41721</name>
      <description>Hyderabad · Telangana · baseline_coordinate_id_verified_current</description>
      <ExtendedData>
        <Data name="platformId"><value>41721</value></Data>
        <Data name="observedAt"><value>2026-08-26T07:46:21.247Z</value></Data>
        <Data name="locationQuality"><value>baseline_coordinate_id_verified_current</value></Data>
      </ExtendedData>
      <Point><coordinates>78.33177734475767,17.46919110995329,0</coordinates></Point>
    </Placemark>
    <Placemark>
      <name>Blinkit 41783</name>
      <description>Bengaluru · Karnataka · baseline_coordinate_id_verified_current</description>
      <ExtendedData>
        <Data name="platformId"><value>41783</value></Data>
        <Data name="observedAt"><value>2026-08-26T07:45:09.839Z</value></Data>
        <Data name="locationQuality"><value>baseline_coordinate_id_verified_current</value></Data>
      </ExtendedData>
      <Point><coordinates>77.67864015644686,12.974814537908731,0</coordinates></Point>
    </Placemark>
    <Placemark>
      <name>Blinkit 41789</name>
      <description>Mumbai · Maharashtra · baseline_coordinate_id_verified_current</description>
      <ExtendedData>
        <Data name="platformId"><value>41789</value></Data>
        <Data name="observedAt"><value>2026-08-26T07:47:40.505Z</value></Data>
        <Data name="locationQuality"><value>baseline_coordinate_id_verified_current</value></Data>
      </ExtendedData>
      <Point><coordinates>72.85809039614286,19.1842393054258,0</coordinates></Point>
    </Placemark>
    <Placemark>
      <name>Blinkit 41827</name>
      <description>Pune · Maharashtra · baseline_coordinate_id_verified_current</description>
      <ExtendedData>
        <Data name="platformId"><value>41827</value></Data>
        <Data name="observedAt"><value>2026-08-26T07:46:40.899Z</value></Data>
        <Data name="locationQuality"><value>baseline_coordinate_id_verified_current</value></Data>
      </ExtendedData>
      <Point><coordinates>73.87000071843991,18.45529083614804,0</coordinates></Point>
    </Placemark>
    <Placemark>
      <name>Blinkit 41829</name>
      <description>Pune · Maharashtra · baseline_coordinate_id_verified_current</description>
      <ExtendedData>
        <Data name="platformId"><value>41829</value></Data>
        <Data name="observedAt"><value>2026-08-26T07:46:40.630Z</value></Data>
        <Data name="locationQuality"><value>baseline_coordinate_id_verified_current</value></Data>
      </ExtendedData>
      <Point><coordinates>73.90648415852127,18.444055054976644,0</coordinates></Point>
    </Placemark>
    <Placemark>
      <name>Blinkit 41877</name>
      <description>Delhi · Delhi · baseline_coordinate_id_verified_current</description>
      <ExtendedData>
        <Data name="platformId"><value>41877</value></Data>
        <Data name="observedAt"><value>2026-08-26T07:51:50.661Z</value></Data>
        <Data name="locationQuality"><value>baseline_coordinate_id_verified_current</value></Data>
      </ExtendedData>
      <Point><coordinates>77.18374451221926,28.450318683794467,0</coordinates></Point>
    </Placemark>
    <Placemark>
      <name>Blinkit 41913</name>
      <description>Bengaluru · Karnataka · baseline_coordinate_id_verified_current</description>
      <ExtendedData>
        <Data name="platformId"><value>41913</value></Data>
        <Data name="observedAt"><value>2026-08-26T07:45:09.460Z</value></Data>
        <Data name="locationQuality"><value>baseline_coordinate_id_verified_current</value></Data>
      </ExtendedData>
      <Point><coordinates>77.71873466901101,12.967156140136543,0</coordinates></Point>
    </Placemark>
    <Placemark>
      <name>Blinkit 41915</name>
      <description>Bengaluru · Karnataka · baseline_coordinate_id_verified_current</description>
      <ExtendedData>
        <Data name="platformId"><value>41915</value></Data>
        <Data name="observedAt"><value>2026-08-26T07:45:14.801Z</value></Data>
        <Data name="locationQuality"><value>baseline_coordinate_id_verified_current</value></Data>
      </ExtendedData>
      <Point><coordinates>77.54393147936621,13.01148740998922,0</coordinates></Point>
    </Placemark>
    <Placemark>
      <name>Blinkit 41959</name>
      <description>Delhi · Delhi · baseline_coordinate_id_verified_current</description>
      <ExtendedData>
        <Data name="platformId"><value>41959</value></Data>
        <Data name="observedAt"><value>2026-08-26T07:52:22.163Z</value></Data>
        <Data name="locationQuality"><value>baseline_coordinate_id_verified_current</value></Data>
      </ExtendedData>
      <Point><coordinates>76.9940905294482,28.591010738411786,0</coordinates></Point>
    </Placemark>
    <Placemark>
      <name>Blinkit 41969</name>
      <description>UP-NCR · Uttar Pradesh · baseline_coordinate_id_verified_current</description>
      <ExtendedData>
        <Data name="platformId"><value>41969</value></Data>
        <Data name="observedAt"><value>2026-08-26T07:53:08.609Z</value></Data>
        <Data name="locationQuality"><value>baseline_coordinate_id_verified_current</value></Data>
      </ExtendedData>
      <Point><coordinates>77.35715879341139,28.678056524613726,0</coordinates></Point>
    </Placemark>
    <Placemark>
      <name>Blinkit 41975</name>
      <description>Delhi · Delhi · baseline_coordinate_id_verified_current</description>
      <ExtendedData>
        <Data name="platformId"><value>41975</value></Data>
        <Data name="observedAt"><value>2026-08-26T07:53:13.827Z</value></Data>
        <Data name="locationQuality"><value>baseline_coordinate_id_verified_current</value></Data>
      </ExtendedData>
      <Point><coordinates>77.06573708629082,28.709411292849442,0</coordinates></Point>
    </Placemark>
    <Placemark>
      <name>Blinkit 41977</name>
      <description>Delhi · Delhi · baseline_coordinate_id_verified_current</description>
      <ExtendedData>
        <Data name="platformId"><value>41977</value></Data>
        <Data name="observedAt"><value>2026-08-26T07:52:35.041Z</value></Data>
        <Data name="locationQuality"><value>baseline_coordinate_id_verified_current</value></Data>
      </ExtendedData>
      <Point><coordinates>77.08233113977967,28.60040387531441,0</coordinates></Point>
    </Placemark>
    <Placemark>
      <name>Blinkit 41979</name>
      <description>Delhi · Delhi · baseline_coordinate_id_verified_current</description>
      <ExtendedData>
        <Data name="platformId"><value>41979</value></Data>
        <Data name="observedAt"><value>2026-08-26T07:52:37.865Z</value></Data>
        <Data name="locationQuality"><value>baseline_coordinate_id_verified_current</value></Data>
      </ExtendedData>
      <Point><coordinates>77.109246,28.611647346029468,0</coordinates></Point>
    </Placemark>
    <Placemark>
      <name>Blinkit 41985</name>
      <description>Pune · Maharashtra · baseline_coordinate_id_verified_current</description>
      <ExtendedData>
        <Data name="platformId"><value>41985</value></Data>
        <Data name="observedAt"><value>2026-08-26T07:46:47.107Z</value></Data>
        <Data name="locationQuality"><value>baseline_coordinate_id_verified_current</value></Data>
      </ExtendedData>
      <Point><coordinates>73.73994212311645,18.502423194394538,0</coordinates></Point>
    </Placemark>
    <Placemark>
      <name>Blinkit 41987</name>
      <description>Hyderabad · Telangana · baseline_coordinate_id_verified_current</description>
      <ExtendedData>
        <Data name="platformId"><value>41987</value></Data>
        <Data name="observedAt"><value>2026-08-26T07:46:19.864Z</value></Data>
        <Data name="locationQuality"><value>baseline_coordinate_id_verified_current</value></Data>
      </ExtendedData>
      <Point><coordinates>78.43320726988472,17.456921220625222,0</coordinates></Point>
    </Placemark>
    <Placemark>
      <name>Blinkit 42030</name>
      <description>Hyderabad · Telangana · baseline_coordinate_id_verified_current</description>
      <ExtendedData>
        <Data name="platformId"><value>42030</value></Data>
        <Data name="observedAt"><value>2026-08-26T07:46:20.138Z</value></Data>
        <Data name="locationQuality"><value>baseline_coordinate_id_verified_current</value></Data>
      </ExtendedData>
      <Point><coordinates>78.4476035047663,17.440875033417175,0</coordinates></Point>
    </Placemark>
    <Placemark>
      <name>Blinkit 42032</name>
      <description>Delhi · Delhi · baseline_coordinate_id_verified_current</description>
      <ExtendedData>
        <Data name="platformId"><value>42032</value></Data>
        <Data name="observedAt"><value>2026-08-26T07:52:57.863Z</value></Data>
        <Data name="locationQuality"><value>baseline_coordinate_id_verified_current</value></Data>
      </ExtendedData>
      <Point><coordinates>77.1873558548625,28.645662115343153,0</coordinates></Point>
    </Placemark>
    <Placemark>
      <name>Blinkit 42034</name>
      <description>Hyderabad · Telangana · baseline_coordinate_id_verified_current</description>
      <ExtendedData>
        <Data name="platformId"><value>42034</value></Data>
        <Data name="observedAt"><value>2026-08-26T07:46:31.349Z</value></Data>
        <Data name="locationQuality"><value>baseline_coordinate_id_verified_current</value></Data>
      </ExtendedData>
      <Point><coordinates>78.47860328187818,17.569229875673734,0</coordinates></Point>
    </Placemark>
    <Placemark>
      <name>Blinkit 42036</name>
      <description>Hyderabad · Telangana · baseline_coordinate_id_verified_current</description>
      <ExtendedData>
        <Data name="platformId"><value>42036</value></Data>
        <Data name="observedAt"><value>2026-08-26T07:46:24.145Z</value></Data>
        <Data name="locationQuality"><value>baseline_coordinate_id_verified_current</value></Data>
      </ExtendedData>
      <Point><coordinates>78.3613642188232,17.476530312252965,0</coordinates></Point>
    </Placemark>
    <Placemark>
      <name>Blinkit 42046</name>
      <description>Delhi · Delhi · baseline_coordinate_id_verified_current</description>
      <ExtendedData>
        <Data name="platformId"><value>42046</value></Data>
        <Data name="observedAt"><value>2026-08-26T07:52:35.359Z</value></Data>
        <Data name="locationQuality"><value>baseline_coordinate_id_verified_current</value></Data>
      </ExtendedData>
      <Point><coordinates>77.094671,28.595439412504494,0</coordinates></Point>
    </Placemark>
    <Placemark>
      <name>Blinkit 42048</name>
      <description>Delhi · Delhi · baseline_coordinate_id_verified_current</description>
      <ExtendedData>
        <Data name="platformId"><value>42048</value></Data>
        <Data name="observedAt"><value>2026-08-26T07:52:16.145Z</value></Data>
        <Data name="locationQuality"><value>baseline_coordinate_id_verified_current</value></Data>
      </ExtendedData>
      <Point><coordinates>77.2195863453243,28.53090770427596,0</coordinates></Point>
    </Placemark>
    <Placemark>
      <name>Blinkit 42058</name>
      <description>Delhi · Delhi · baseline_coordinate_id_verified_current</description>
      <ExtendedData>
        <Data name="platformId"><value>42058</value></Data>
        <Data name="observedAt"><value>2026-08-26T07:52:12.523Z</value></Data>
        <Data name="locationQuality"><value>baseline_coordinate_id_verified_current</value></Data>
      </ExtendedData>
      <Point><coordinates>77.16172711178818,28.512986242184695,0</coordinates></Point>
    </Placemark>
    <Placemark>
      <name>Blinkit 42096</name>
      <description>HR-NCR · Haryana · baseline_coordinate_id_verified_current</description>
      <ExtendedData>
        <Data name="platformId"><value>42096</value></Data>
        <Data name="observedAt"><value>2026-08-26T07:51:46.528Z</value></Data>
        <Data name="locationQuality"><value>baseline_coordinate_id_verified_current</value></Data>
      </ExtendedData>
      <Point><coordinates>77.10563518011062,28.424888277757812,0</coordinates></Point>
    </Placemark>
    <Placemark>
      <name>Blinkit 42098</name>
      <description>HR-NCR · Haryana · baseline_coordinate_id_verified_current</description>
      <ExtendedData>
        <Data name="platformId"><value>42098</value></Data>
        <Data name="observedAt"><value>2026-08-26T07:51:39.129Z</value></Data>
        <Data name="locationQuality"><value>baseline_coordinate_id_verified_current</value></Data>
      </ExtendedData>
      <Point><coordinates>76.95368661923023,28.391546150197627,0</coordinates></Point>
    </Placemark>
    <Placemark>
      <name>Blinkit 42104</name>
      <description>UP-NCR · Uttar Pradesh · baseline_coordinate_id_verified_current</description>
      <ExtendedData>
        <Data name="platformId"><value>42104</value></Data>
        <Data name="observedAt"><value>2026-08-26T07:52:59.672Z</value></Data>
        <Data name="locationQuality"><value>baseline_coordinate_id_verified_current</value></Data>
      </ExtendedData>
      <Point><coordinates>77.41287054908636,28.65141579841897,0</coordinates></Point>
    </Placemark>
    <Placemark>
      <name>Blinkit 42120</name>
      <description>Delhi · Delhi · baseline_coordinate_id_verified_current</description>
      <ExtendedData>
        <Data name="platformId"><value>42120</value></Data>
        <Data name="observedAt"><value>2026-08-26T07:52:18.804Z</value></Data>
        <Data name="locationQuality"><value>baseline_coordinate_id_verified_current</value></Data>
      </ExtendedData>
      <Point><coordinates>77.20321393584521,28.54135397161337,0</coordinates></Point>
    </Placemark>
    <Placemark>
      <name>Blinkit 42164</name>
      <description>Mumbai · Maharashtra · baseline_coordinate_id_verified_current</description>
      <ExtendedData>
        <Data name="platformId"><value>42164</value></Data>
        <Data name="observedAt"><value>2026-08-26T07:47:53.125Z</value></Data>
        <Data name="locationQuality"><value>baseline_coordinate_id_verified_current</value></Data>
      </ExtendedData>
      <Point><coordinates>72.8587794285179,19.314893824290333,0</coordinates></Point>
    </Placemark>
    <Placemark>
      <name>Blinkit 42172</name>
      <description>Bengaluru · Karnataka · baseline_coordinate_id_verified_current</description>
      <ExtendedData>
        <Data name="platformId"><value>42172</value></Data>
        <Data name="observedAt"><value>2026-08-26T07:45:31.497Z</value></Data>
        <Data name="locationQuality"><value>baseline_coordinate_id_verified_current</value></Data>
      </ExtendedData>
      <Point><coordinates>77.60913943959942,13.066894266618757,0</coordinates></Point>
    </Placemark>
    <Placemark>
      <name>Blinkit 42184</name>
      <description>Hyderabad · Telangana · baseline_coordinate_id_verified_current</description>
      <ExtendedData>
        <Data name="platformId"><value>42184</value></Data>
        <Data name="observedAt"><value>2026-08-26T07:46:48.381Z</value></Data>
        <Data name="locationQuality"><value>baseline_coordinate_id_verified_current</value></Data>
      </ExtendedData>
      <Point><coordinates>78.36957647367697,17.35717205641394,0</coordinates></Point>
    </Placemark>
    <Placemark>
      <name>Blinkit 42218</name>
      <description>HR-NCR · Haryana · baseline_coordinate_id_verified_current</description>
      <ExtendedData>
        <Data name="platformId"><value>42218</value></Data>
        <Data name="observedAt"><value>2026-08-26T07:51:57.559Z</value></Data>
        <Data name="locationQuality"><value>baseline_coordinate_id_verified_current</value></Data>
      </ExtendedData>
      <Point><coordinates>77.10417270997293,28.462656987782967,0</coordinates></Point>
    </Placemark>
    <Placemark>
      <name>Blinkit 42260</name>
      <description>Bengaluru · Karnataka · baseline_coordinate_id_verified_current</description>
      <ExtendedData>
        <Data name="platformId"><value>42260</value></Data>
        <Data name="observedAt"><value>2026-08-26T07:45:16.810Z</value></Data>
        <Data name="locationQuality"><value>baseline_coordinate_id_verified_current</value></Data>
      </ExtendedData>
      <Point><coordinates>77.64276538618016,13.012817808839383,0</coordinates></Point>
    </Placemark>
    <Placemark>
      <name>Blinkit 42294</name>
      <description>UP-NCR · Uttar Pradesh · baseline_coordinate_id_verified_current</description>
      <ExtendedData>
        <Data name="platformId"><value>42294</value></Data>
        <Data name="observedAt"><value>2026-08-26T07:53:00.623Z</value></Data>
        <Data name="locationQuality"><value>baseline_coordinate_id_verified_current</value></Data>
      </ExtendedData>
      <Point><coordinates>77.43661301429435,28.66236028871721,0</coordinates></Point>
    </Placemark>
    <Placemark>
      <name>Blinkit 42302</name>
      <description>UP-NCR · Uttar Pradesh · baseline_coordinate_id_verified_current</description>
      <ExtendedData>
        <Data name="platformId"><value>42302</value></Data>
        <Data name="observedAt"><value>2026-08-26T07:52:43.936Z</value></Data>
        <Data name="locationQuality"><value>baseline_coordinate_id_verified_current</value></Data>
      </ExtendedData>
      <Point><coordinates>77.45248705062029,28.59141946999641,0</coordinates></Point>
    </Placemark>
    <Placemark>
      <name>Blinkit 42312</name>
      <description>Bengaluru · Karnataka · baseline_coordinate_id_verified_current</description>
      <ExtendedData>
        <Data name="platformId"><value>42312</value></Data>
        <Data name="observedAt"><value>2026-08-26T07:45:16.493Z</value></Data>
        <Data name="locationQuality"><value>baseline_coordinate_id_verified_current</value></Data>
      </ExtendedData>
      <Point><coordinates>77.61552879293683,12.994632590729429,0</coordinates></Point>
    </Placemark>
    <Placemark>
      <name>Blinkit 42320</name>
      <description>Hyderabad · Telangana · baseline_coordinate_id_verified_current</description>
      <ExtendedData>
        <Data name="platformId"><value>42320</value></Data>
        <Data name="observedAt"><value>2026-08-26T07:46:30.709Z</value></Data>
        <Data name="locationQuality"><value>baseline_coordinate_id_verified_current</value></Data>
      </ExtendedData>
      <Point><coordinates>78.36334693059443,17.54792751778656,0</coordinates></Point>
    </Placemark>
    <Placemark>
      <name>Blinkit 42388</name>
      <description>Faridabad · Haryana · baseline_coordinate_id_verified_current</description>
      <ExtendedData>
        <Data name="platformId"><value>42388</value></Data>
        <Data name="observedAt"><value>2026-08-26T07:51:41.863Z</value></Data>
        <Data name="locationQuality"><value>baseline_coordinate_id_verified_current</value></Data>
      </ExtendedData>
      <Point><coordinates>77.33068131274973,28.39453752641035,0</coordinates></Point>
    </Placemark>
    <Placemark>
      <name>Blinkit 42458</name>
      <description>Bengaluru · Karnataka · baseline_coordinate_id_verified_current</description>
      <ExtendedData>
        <Data name="platformId"><value>42458</value></Data>
        <Data name="observedAt"><value>2026-08-26T07:44:46.618Z</value></Data>
        <Data name="locationQuality"><value>baseline_coordinate_id_verified_current</value></Data>
      </ExtendedData>
      <Point><coordinates>77.5703183741694,12.873711273445922,0</coordinates></Point>
    </Placemark>
    <Placemark>
      <name>Blinkit 42466</name>
      <description>Delhi · Delhi · baseline_coordinate_id_verified_current</description>
      <ExtendedData>
        <Data name="platformId"><value>42466</value></Data>
        <Data name="observedAt"><value>2026-08-26T07:52:15.757Z</value></Data>
        <Data name="locationQuality"><value>baseline_coordinate_id_verified_current</value></Data>
      </ExtendedData>
      <Point><coordinates>77.15195875851798,28.52863946855911,0</coordinates></Point>
    </Placemark>
    <Placemark>
      <name>Blinkit 42474</name>
      <description>Bengaluru · Karnataka · baseline_coordinate_id_verified_current</description>
      <ExtendedData>
        <Data name="platformId"><value>42474</value></Data>
        <Data name="observedAt"><value>2026-08-26T07:44:55.730Z</value></Data>
        <Data name="locationQuality"><value>baseline_coordinate_id_verified_current</value></Data>
      </ExtendedData>
      <Point><coordinates>77.57564,12.932432,0</coordinates></Point>
    </Placemark>
    <Placemark>
      <name>Blinkit 42476</name>
      <description>Pune · Maharashtra · baseline_coordinate_id_verified_current</description>
      <ExtendedData>
        <Data name="platformId"><value>42476</value></Data>
        <Data name="observedAt"><value>2026-08-26T07:46:44.663Z</value></Data>
        <Data name="locationQuality"><value>baseline_coordinate_id_verified_current</value></Data>
      </ExtendedData>
      <Point><coordinates>73.7989399281257,18.48560565504851,0</coordinates></Point>
    </Placemark>
    <Placemark>
      <name>Blinkit 42488</name>
      <description>Bengaluru · Karnataka · baseline_coordinate_id_verified_current</description>
      <ExtendedData>
        <Data name="platformId"><value>42488</value></Data>
        <Data name="observedAt"><value>2026-08-26T07:45:25.703Z</value></Data>
        <Data name="locationQuality"><value>baseline_coordinate_id_verified_current</value></Data>
      </ExtendedData>
      <Point><coordinates>77.66459526478312,13.038326662953647,0</coordinates></Point>
    </Placemark>
    <Placemark>
      <name>Blinkit 42526</name>
      <description>Mumbai · Maharashtra · baseline_coordinate_id_verified_current</description>
      <ExtendedData>
        <Data name="platformId"><value>42526</value></Data>
        <Data name="observedAt"><value>2026-08-26T07:47:19.603Z</value></Data>
        <Data name="locationQuality"><value>baseline_coordinate_id_verified_current</value></Data>
      </ExtendedData>
      <Point><coordinates>72.8330238557562,19.055982031620555,0</coordinates></Point>
    </Placemark>
    <Placemark>
      <name>Blinkit 42528</name>
      <description>UP-NCR · Uttar Pradesh · baseline_coordinate_id_verified_current</description>
      <ExtendedData>
        <Data name="platformId"><value>42528</value></Data>
        <Data name="observedAt"><value>2026-08-26T07:52:51.976Z</value></Data>
        <Data name="locationQuality"><value>baseline_coordinate_id_verified_current</value></Data>
      </ExtendedData>
      <Point><coordinates>77.35615826362631,28.633585413223138,0</coordinates></Point>
    </Placemark>
    <Placemark>
      <name>Blinkit 42574</name>
      <description>Delhi · Delhi · baseline_coordinate_id_verified_current</description>
      <ExtendedData>
        <Data name="platformId"><value>42574</value></Data>
        <Data name="observedAt"><value>2026-08-26T07:53:04.410Z</value></Data>
        <Data name="locationQuality"><value>baseline_coordinate_id_verified_current</value></Data>
      </ExtendedData>
      <Point><coordinates>77.2789330448388,28.663778960114982,0</coordinates></Point>
    </Placemark>
    <Placemark>
      <name>Blinkit 42576</name>
      <description>Delhi · Delhi · baseline_coordinate_id_verified_current</description>
      <ExtendedData>
        <Data name="platformId"><value>42576</value></Data>
        <Data name="observedAt"><value>2026-08-26T07:54:40.348Z</value></Data>
        <Data name="locationQuality"><value>baseline_coordinate_id_verified_current</value></Data>
      </ExtendedData>
      <Point><coordinates>77.24715438687154,28.569676785483292,0</coordinates></Point>
    </Placemark>
    <Placemark>
      <name>Blinkit 42584</name>
      <description>UP-NCR · Uttar Pradesh · baseline_coordinate_id_verified_current</description>
      <ExtendedData>
        <Data name="platformId"><value>42584</value></Data>
        <Data name="observedAt"><value>2026-08-26T07:52:51.630Z</value></Data>
        <Data name="locationQuality"><value>baseline_coordinate_id_verified_current</value></Data>
      </ExtendedData>
      <Point><coordinates>77.32689567910118,28.634784658641752,0</coordinates></Point>
    </Placemark>
    <Placemark>
      <name>Blinkit 42664</name>
      <description>HR-NCR · Haryana · baseline_coordinate_id_verified_current</description>
      <ExtendedData>
        <Data name="platformId"><value>42664</value></Data>
        <Data name="observedAt"><value>2026-08-26T07:52:08.225Z</value></Data>
        <Data name="locationQuality"><value>baseline_coordinate_id_verified_current</value></Data>
      </ExtendedData>
      <Point><coordinates>77.09584012084619,28.499743981315127,0</coordinates></Point>
    </Placemark>
    <Placemark>
      <name>Blinkit 42738</name>
      <description>Faridabad · Haryana · baseline_coordinate_id_verified_current</description>
      <ExtendedData>
        <Data name="platformId"><value>42738</value></Data>
        <Data name="observedAt"><value>2026-08-26T07:52:02.608Z</value></Data>
        <Data name="locationQuality"><value>baseline_coordinate_id_verified_current</value></Data>
      </ExtendedData>
      <Point><coordinates>77.32501673476072,28.47814278081207,0</coordinates></Point>
    </Placemark>
    <Placemark>
      <name>Blinkit 42746</name>
      <description>Delhi · Delhi · baseline_coordinate_id_verified_current</description>
      <ExtendedData>
        <Data name="platformId"><value>42746</value></Data>
        <Data name="observedAt"><value>2026-08-26T07:53:06.227Z</value></Data>
        <Data name="locationQuality"><value>baseline_coordinate_id_verified_current</value></Data>
      </ExtendedData>
      <Point><coordinates>77.09745083948368,28.678918903341717,0</coordinates></Point>
    </Placemark>
    <Placemark>
      <name>Blinkit 42807</name>
      <description>Hyderabad · Telangana · baseline_coordinate_id_verified_current</description>
      <ExtendedData>
        <Data name="platformId"><value>42807</value></Data>
        <Data name="observedAt"><value>2026-08-26T07:46:26.449Z</value></Data>
        <Data name="locationQuality"><value>baseline_coordinate_id_verified_current</value></Data>
      </ExtendedData>
      <Point><coordinates>78.4440709695521,17.48977831045634,0</coordinates></Point>
    </Placemark>
    <Placemark>
      <name>Blinkit 42811</name>
      <description>Delhi · Delhi · baseline_coordinate_id_verified_current</description>
      <ExtendedData>
        <Data name="platformId"><value>42811</value></Data>
        <Data name="observedAt"><value>2026-08-26T07:53:03.438Z</value></Data>
        <Data name="locationQuality"><value>baseline_coordinate_id_verified_current</value></Data>
      </ExtendedData>
      <Point><coordinates>77.21654816075723,28.67240165576716,0</coordinates></Point>
    </Placemark>
    <Placemark>
      <name>Blinkit 42812</name>
      <description>Delhi · Delhi · baseline_coordinate_id_verified_current</description>
      <ExtendedData>
        <Data name="platformId"><value>42812</value></Data>
        <Data name="observedAt"><value>2026-08-26T07:52:18.115Z</value></Data>
        <Data name="locationQuality"><value>baseline_coordinate_id_verified_current</value></Data>
      </ExtendedData>
      <Point><coordinates>77.13289752002886,28.549279476104925,0</coordinates></Point>
    </Placemark>
    <Placemark>
      <name>Blinkit 42816</name>
      <description>Bengaluru · Karnataka · baseline_coordinate_id_verified_current</description>
      <ExtendedData>
        <Data name="platformId"><value>42816</value></Data>
        <Data name="observedAt"><value>2026-08-26T07:45:01.511Z</value></Data>
        <Data name="locationQuality"><value>baseline_coordinate_id_verified_current</value></Data>
      </ExtendedData>
      <Point><coordinates>77.5719853005078,12.942667164211281,0</coordinates></Point>
    </Placemark>
    <Placemark>
      <name>Blinkit 42818</name>
      <description>Bengaluru · Karnataka · baseline_coordinate_id_verified_current</description>
      <ExtendedData>
        <Data name="platformId"><value>42818</value></Data>
        <Data name="observedAt"><value>2026-08-26T07:45:07.180Z</value></Data>
        <Data name="locationQuality"><value>baseline_coordinate_id_verified_current</value></Data>
      </ExtendedData>
      <Point><coordinates>77.57425258625086,12.980551531800215,0</coordinates></Point>
    </Placemark>
    <Placemark>
      <name>Blinkit 42931</name>
      <description>Mumbai · Maharashtra · baseline_coordinate_id_verified_current</description>
      <ExtendedData>
        <Data name="platformId"><value>42931</value></Data>
        <Data name="observedAt"><value>2026-08-26T07:47:43.288Z</value></Data>
        <Data name="locationQuality"><value>baseline_coordinate_id_verified_current</value></Data>
      </ExtendedData>
      <Point><coordinates>72.999154,19.202703,0</coordinates></Point>
    </Placemark>
    <Placemark>
      <name>Blinkit 42933</name>
      <description>Hyderabad · Telangana · baseline_coordinate_id_verified_current</description>
      <ExtendedData>
        <Data name="platformId"><value>42933</value></Data>
        <Data name="observedAt"><value>2026-08-26T07:46:26.802Z</value></Data>
        <Data name="locationQuality"><value>baseline_coordinate_id_verified_current</value></Data>
      </ExtendedData>
      <Point><coordinates>78.49572149939506,17.48049426446281,0</coordinates></Point>
    </Placemark>
    <Placemark>
      <name>Blinkit 42937</name>
      <description>Mumbai · Maharashtra · baseline_coordinate_id_verified_current</description>
      <ExtendedData>
        <Data name="platformId"><value>42937</value></Data>
        <Data name="observedAt"><value>2026-08-26T07:47:53.446Z</value></Data>
        <Data name="locationQuality"><value>baseline_coordinate_id_verified_current</value></Data>
      </ExtendedData>
      <Point><coordinates>72.80830610044302,19.364865,0</coordinates></Point>
    </Placemark>
    <Placemark>
      <name>Blinkit 42943</name>
      <description>Pune · Maharashtra · baseline_coordinate_id_verified_current</description>
      <ExtendedData>
        <Data name="platformId"><value>42943</value></Data>
        <Data name="observedAt"><value>2026-08-26T07:46:44.945Z</value></Data>
        <Data name="locationQuality"><value>baseline_coordinate_id_verified_current</value></Data>
      </ExtendedData>
      <Point><coordinates>73.8583802746266,18.49041161983471,0</coordinates></Point>
    </Placemark>
    <Placemark>
      <name>Blinkit 42989</name>
      <description>HR-NCR · Haryana · baseline_coordinate_id_verified_current</description>
      <ExtendedData>
        <Data name="platformId"><value>42989</value></Data>
        <Data name="observedAt"><value>2026-08-26T07:51:48.481Z</value></Data>
        <Data name="locationQuality"><value>baseline_coordinate_id_verified_current</value></Data>
      </ExtendedData>
      <Point><coordinates>76.97355726595912,28.445946,0</coordinates></Point>
    </Placemark>
    <Placemark>
      <name>Blinkit 42997</name>
      <description>Delhi · Delhi · baseline_coordinate_id_verified_current</description>
      <ExtendedData>
        <Data name="platformId"><value>42997</value></Data>
        <Data name="observedAt"><value>2026-08-26T07:53:22.137Z</value></Data>
        <Data name="locationQuality"><value>baseline_coordinate_id_verified_current</value></Data>
      </ExtendedData>
      <Point><coordinates>77.12241980925134,28.743595461372617,0</coordinates></Point>
    </Placemark>
    <Placemark>
      <name>Blinkit 43001</name>
      <description>Delhi · Delhi · baseline_coordinate_id_verified_current</description>
      <ExtendedData>
        <Data name="platformId"><value>43001</value></Data>
        <Data name="observedAt"><value>2026-08-26T07:52:36.566Z</value></Data>
        <Data name="locationQuality"><value>baseline_coordinate_id_verified_current</value></Data>
      </ExtendedData>
      <Point><coordinates>77.03295409141575,28.61606594538268,0</coordinates></Point>
    </Placemark>
    <Placemark>
      <name>Blinkit 43005</name>
      <description>HR-NCR · Haryana · baseline_coordinate_id_verified_current</description>
      <ExtendedData>
        <Data name="platformId"><value>43005</value></Data>
        <Data name="observedAt"><value>2026-08-26T07:51:55.051Z</value></Data>
        <Data name="locationQuality"><value>baseline_coordinate_id_verified_current</value></Data>
      </ExtendedData>
      <Point><coordinates>76.99135026354979,28.464404203018326,0</coordinates></Point>
    </Placemark>
    <Placemark>
      <name>Blinkit 43041</name>
      <description>Mumbai · Maharashtra · baseline_coordinate_id_verified_current</description>
      <ExtendedData>
        <Data name="platformId"><value>43041</value></Data>
        <Data name="observedAt"><value>2026-08-26T07:47:24.796Z</value></Data>
        <Data name="locationQuality"><value>baseline_coordinate_id_verified_current</value></Data>
      </ExtendedData>
      <Point><coordinates>72.86890324645498,19.12200378224937,0</coordinates></Point>
    </Placemark>
    <Placemark>
      <name>Blinkit 43043</name>
      <description>Mumbai · Maharashtra · baseline_coordinate_id_verified_current</description>
      <ExtendedData>
        <Data name="platformId"><value>43043</value></Data>
        <Data name="observedAt"><value>2026-08-26T07:54:35.664Z</value></Data>
        <Data name="locationQuality"><value>baseline_coordinate_id_verified_current</value></Data>
      </ExtendedData>
      <Point><coordinates>72.838832,19.188910523535753,0</coordinates></Point>
    </Placemark>
    <Placemark>
      <name>Blinkit 43053</name>
      <description>Mumbai · Maharashtra · baseline_coordinate_id_verified_current</description>
      <ExtendedData>
        <Data name="platformId"><value>43053</value></Data>
        <Data name="observedAt"><value>2026-08-26T07:54:47.544Z</value></Data>
        <Data name="locationQuality"><value>baseline_coordinate_id_verified_current</value></Data>
      </ExtendedData>
      <Point><coordinates>72.8413874600015,19.16272235285663,0</coordinates></Point>
    </Placemark>
    <Placemark>
      <name>Blinkit 43063</name>
      <description>Bengaluru · Karnataka · baseline_coordinate_id_verified_current</description>
      <ExtendedData>
        <Data name="platformId"><value>43063</value></Data>
        <Data name="observedAt"><value>2026-08-26T07:45:22.690Z</value></Data>
        <Data name="locationQuality"><value>baseline_coordinate_id_verified_current</value></Data>
      </ExtendedData>
      <Point><coordinates>77.60915496573409,13.03408772583543,0</coordinates></Point>
    </Placemark>
    <Placemark>
      <name>Blinkit 43099</name>
      <description>Delhi · Delhi · baseline_coordinate_id_verified_current</description>
      <ExtendedData>
        <Data name="platformId"><value>43099</value></Data>
        <Data name="observedAt"><value>2026-08-26T07:53:06.788Z</value></Data>
        <Data name="locationQuality"><value>baseline_coordinate_id_verified_current</value></Data>
      </ExtendedData>
      <Point><coordinates>77.17620166668107,28.67063756593604,0</coordinates></Point>
    </Placemark>
    <Placemark>
      <name>Blinkit 43101</name>
      <description>Delhi · Delhi · baseline_coordinate_id_verified_current</description>
      <ExtendedData>
        <Data name="platformId"><value>43101</value></Data>
        <Data name="observedAt"><value>2026-08-26T07:53:10.692Z</value></Data>
        <Data name="locationQuality"><value>baseline_coordinate_id_verified_current</value></Data>
      </ExtendedData>
      <Point><coordinates>77.17143033832913,28.69546938447718,0</coordinates></Point>
    </Placemark>
    <Placemark>
      <name>Blinkit 43197</name>
      <description>UP-NCR · Uttar Pradesh · baseline_coordinate_id_verified_current</description>
      <ExtendedData>
        <Data name="platformId"><value>43197</value></Data>
        <Data name="observedAt"><value>2026-08-26T07:53:12.624Z</value></Data>
        <Data name="locationQuality"><value>baseline_coordinate_id_verified_current</value></Data>
      </ExtendedData>
      <Point><coordinates>77.42661941368745,28.70075443370464,0</coordinates></Point>
    </Placemark>
    <Placemark>
      <name>Blinkit 43239</name>
      <description>Faridabad · Haryana · baseline_coordinate_id_verified_current</description>
      <ExtendedData>
        <Data name="platformId"><value>43239</value></Data>
        <Data name="observedAt"><value>2026-08-26T07:51:54.139Z</value></Data>
        <Data name="locationQuality"><value>baseline_coordinate_id_verified_current</value></Data>
      </ExtendedData>
      <Point><coordinates>77.30019963355085,28.462187620194033,0</coordinates></Point>
    </Placemark>
    <Placemark>
      <name>Blinkit 43401</name>
      <description>HR-NCR · Haryana · baseline_coordinate_id_verified_current</description>
      <ExtendedData>
        <Data name="platformId"><value>43401</value></Data>
        <Data name="observedAt"><value>2026-08-26T07:51:48.748Z</value></Data>
        <Data name="locationQuality"><value>baseline_coordinate_id_verified_current</value></Data>
      </ExtendedData>
      <Point><coordinates>77.0340683908864,28.435266171757096,0</coordinates></Point>
    </Placemark>
    <Placemark>
      <name>Blinkit 43435</name>
      <description>Mumbai · Maharashtra · baseline_coordinate_id_verified_current</description>
      <ExtendedData>
        <Data name="platformId"><value>43435</value></Data>
        <Data name="observedAt"><value>2026-08-26T07:47:44.829Z</value></Data>
        <Data name="locationQuality"><value>baseline_coordinate_id_verified_current</value></Data>
      </ExtendedData>
      <Point><coordinates>72.87073740476372,19.219840685591087,0</coordinates></Point>
    </Placemark>
    <Placemark>
      <name>Blinkit 43439</name>
      <description>Hyderabad · Telangana · baseline_coordinate_id_verified_current</description>
      <ExtendedData>
        <Data name="platformId"><value>43439</value></Data>
        <Data name="observedAt"><value>2026-08-26T07:46:10.530Z</value></Data>
        <Data name="locationQuality"><value>baseline_coordinate_id_verified_current</value></Data>
      </ExtendedData>
      <Point><coordinates>78.48558403845121,17.39361675745598,0</coordinates></Point>
    </Placemark>
    <Placemark>
      <name>Blinkit 43443</name>
      <description>Bengaluru · Karnataka · baseline_coordinate_id_verified_current</description>
      <ExtendedData>
        <Data name="platformId"><value>43443</value></Data>
        <Data name="observedAt"><value>2026-08-26T07:54:34.060Z</value></Data>
        <Data name="locationQuality"><value>baseline_coordinate_id_verified_current</value></Data>
      </ExtendedData>
      <Point><coordinates>77.73897581801859,13.042636464965865,0</coordinates></Point>
    </Placemark>
    <Placemark>
      <name>Blinkit 43483</name>
      <description>HR-NCR · Haryana · baseline_coordinate_id_verified_current</description>
      <ExtendedData>
        <Data name="platformId"><value>43483</value></Data>
        <Data name="observedAt"><value>2026-08-26T07:51:59.724Z</value></Data>
        <Data name="locationQuality"><value>baseline_coordinate_id_verified_current</value></Data>
      </ExtendedData>
      <Point><coordinates>77.0244641096604,28.46889466726554,0</coordinates></Point>
    </Placemark>
    <Placemark>
      <name>Blinkit 43505</name>
      <description>Mumbai · Maharashtra · baseline_coordinate_id_verified_current</description>
      <ExtendedData>
        <Data name="platformId"><value>43505</value></Data>
        <Data name="observedAt"><value>2026-08-26T07:47:42.500Z</value></Data>
        <Data name="locationQuality"><value>baseline_coordinate_id_verified_current</value></Data>
      </ExtendedData>
      <Point><coordinates>72.82696864242163,19.204440650017965,0</coordinates></Point>
    </Placemark>
    <Placemark>
      <name>Blinkit 43507</name>
      <description>Mumbai · Maharashtra · baseline_coordinate_id_verified_current</description>
      <ExtendedData>
        <Data name="platformId"><value>43507</value></Data>
        <Data name="observedAt"><value>2026-08-26T07:47:25.200Z</value></Data>
        <Data name="locationQuality"><value>baseline_coordinate_id_verified_current</value></Data>
      </ExtendedData>
      <Point><coordinates>72.81225278603146,19.139921700503052,0</coordinates></Point>
    </Placemark>
    <Placemark>
      <name>Blinkit 43551</name>
      <description>Bahadurgarh · Haryana · baseline_coordinate_id_verified_current</description>
      <ExtendedData>
        <Data name="platformId"><value>43551</value></Data>
        <Data name="observedAt"><value>2026-08-26T07:53:01.263Z</value></Data>
        <Data name="locationQuality"><value>baseline_coordinate_id_verified_current</value></Data>
      </ExtendedData>
      <Point><coordinates>76.94372605572845,28.690779010779732,0</coordinates></Point>
    </Placemark>
    <Placemark>
      <name>Blinkit 43557</name>
      <description>Bengaluru · Karnataka · baseline_coordinate_id_verified_current</description>
      <ExtendedData>
        <Data name="platformId"><value>43557</value></Data>
        <Data name="observedAt"><value>2026-08-26T07:54:32.860Z</value></Data>
        <Data name="locationQuality"><value>baseline_coordinate_id_verified_current</value></Data>
      </ExtendedData>
      <Point><coordinates>77.72352696385298,12.939750836148042,0</coordinates></Point>
    </Placemark>
    <Placemark>
      <name>Blinkit 43559</name>
      <description>Mumbai · Maharashtra · baseline_coordinate_id_verified_current</description>
      <ExtendedData>
        <Data name="platformId"><value>43559</value></Data>
        <Data name="observedAt"><value>2026-08-26T07:47:13.647Z</value></Data>
        <Data name="locationQuality"><value>baseline_coordinate_id_verified_current</value></Data>
      </ExtendedData>
      <Point><coordinates>72.83265579987969,19.01963149910169,0</coordinates></Point>
    </Placemark>
    <Placemark>
      <name>Blinkit 43597</name>
      <description>Hyderabad · Telangana · baseline_coordinate_id_verified_current</description>
      <ExtendedData>
        <Data name="platformId"><value>43597</value></Data>
        <Data name="observedAt"><value>2026-08-26T07:46:49.283Z</value></Data>
        <Data name="locationQuality"><value>baseline_coordinate_id_verified_current</value></Data>
      </ExtendedData>
      <Point><coordinates>78.4559115778164,17.392498360043117,0</coordinates></Point>
    </Placemark>
    <Placemark>
      <name>Blinkit 43715</name>
      <description>Hyderabad · Telangana · baseline_coordinate_id_verified_current</description>
      <ExtendedData>
        <Data name="platformId"><value>43715</value></Data>
        <Data name="observedAt"><value>2026-08-26T07:46:06.780Z</value></Data>
        <Data name="locationQuality"><value>baseline_coordinate_id_verified_current</value></Data>
      </ExtendedData>
      <Point><coordinates>78.41617818909549,17.352779314768238,0</coordinates></Point>
    </Placemark>
    <Placemark>
      <name>Blinkit 43721</name>
      <description>Bengaluru · Karnataka · baseline_coordinate_id_verified_current</description>
      <ExtendedData>
        <Data name="platformId"><value>43721</value></Data>
        <Data name="observedAt"><value>2026-08-26T07:45:27.218Z</value></Data>
        <Data name="locationQuality"><value>baseline_coordinate_id_verified_current</value></Data>
      </ExtendedData>
      <Point><coordinates>77.57564,13.054054,0</coordinates></Point>
    </Placemark>
    <Placemark>
      <name>Blinkit 43805</name>
      <description>Mumbai · Maharashtra · baseline_coordinate_id_verified_current</description>
      <ExtendedData>
        <Data name="platformId"><value>43805</value></Data>
        <Data name="observedAt"><value>2026-08-26T07:47:51.424Z</value></Data>
        <Data name="locationQuality"><value>baseline_coordinate_id_verified_current</value></Data>
      </ExtendedData>
      <Point><coordinates>72.979102513134,19.265940140136543,0</coordinates></Point>
    </Placemark>
    <Placemark>
      <name>Blinkit 43811</name>
      <description>Hyderabad · Telangana · baseline_coordinate_id_verified_current</description>
      <ExtendedData>
        <Data name="platformId"><value>43811</value></Data>
        <Data name="observedAt"><value>2026-08-26T07:46:19.172Z</value></Data>
        <Data name="locationQuality"><value>baseline_coordinate_id_verified_current</value></Data>
      </ExtendedData>
      <Point><coordinates>78.38510169262028,17.439931806683436,0</coordinates></Point>
    </Placemark>
    <Placemark>
      <name>Blinkit 43937</name>
      <description>UP-NCR · Uttar Pradesh · baseline_coordinate_id_verified_current</description>
      <ExtendedData>
        <Data name="platformId"><value>43937</value></Data>
        <Data name="observedAt"><value>2026-08-26T07:52:29.862Z</value></Data>
        <Data name="locationQuality"><value>baseline_coordinate_id_verified_current</value></Data>
      </ExtendedData>
      <Point><coordinates>77.444466,28.569692505928856,0</coordinates></Point>
    </Placemark>
    <Placemark>
      <name>Blinkit 43939</name>
      <description>Delhi · Delhi · baseline_coordinate_id_verified_current</description>
      <ExtendedData>
        <Data name="platformId"><value>43939</value></Data>
        <Data name="observedAt"><value>2026-08-26T07:52:42.658Z</value></Data>
        <Data name="locationQuality"><value>baseline_coordinate_id_verified_current</value></Data>
      </ExtendedData>
      <Point><coordinates>77.29952114007335,28.595385513833996,0</coordinates></Point>
    </Placemark>
    <Placemark>
      <name>Blinkit 43951</name>
      <description>HR-NCR · Haryana · baseline_coordinate_id_verified_current</description>
      <ExtendedData>
        <Data name="platformId"><value>43951</value></Data>
        <Data name="observedAt"><value>2026-08-26T07:52:11.945Z</value></Data>
        <Data name="locationQuality"><value>baseline_coordinate_id_verified_current</value></Data>
      </ExtendedData>
      <Point><coordinates>77.04769621222663,28.50806574272368,0</coordinates></Point>
    </Placemark>
    <Placemark>
      <name>Blinkit 43993</name>
      <description>HR-NCR · Haryana · baseline_coordinate_id_verified_current</description>
      <ExtendedData>
        <Data name="platformId"><value>43993</value></Data>
        <Data name="observedAt"><value>2026-08-26T07:51:45.586Z</value></Data>
        <Data name="locationQuality"><value>baseline_coordinate_id_verified_current</value></Data>
      </ExtendedData>
      <Point><coordinates>77.03779688919668,28.42177562953647,0</coordinates></Point>
    </Placemark>
    <Placemark>
      <name>Blinkit 43995</name>
      <description>Delhi · Delhi · baseline_coordinate_id_verified_current</description>
      <ExtendedData>
        <Data name="platformId"><value>43995</value></Data>
        <Data name="observedAt"><value>2026-08-26T07:52:28.317Z</value></Data>
        <Data name="locationQuality"><value>baseline_coordinate_id_verified_current</value></Data>
      </ExtendedData>
      <Point><coordinates>77.22402990147647,28.570164119295725,0</coordinates></Point>
    </Placemark>
    <Placemark>
      <name>Blinkit 43997</name>
      <description>UP-NCR · Uttar Pradesh · baseline_coordinate_id_verified_current</description>
      <ExtendedData>
        <Data name="platformId"><value>43997</value></Data>
        <Data name="observedAt"><value>2026-08-26T07:52:45.951Z</value></Data>
        <Data name="locationQuality"><value>baseline_coordinate_id_verified_current</value></Data>
      </ExtendedData>
      <Point><coordinates>77.41554726621813,28.625383832195467,0</coordinates></Point>
    </Placemark>
    <Placemark>
      <name>Blinkit 44031</name>
      <description>Mumbai · Maharashtra · baseline_coordinate_id_verified_current</description>
      <ExtendedData>
        <Data name="platformId"><value>44031</value></Data>
        <Data name="observedAt"><value>2026-08-26T07:47:18.226Z</value></Data>
        <Data name="locationQuality"><value>baseline_coordinate_id_verified_current</value></Data>
      </ExtendedData>
      <Point><coordinates>72.84814045669067,19.066548416816385,0</coordinates></Point>
    </Placemark>
    <Placemark>
      <name>Blinkit 44077</name>
      <description>Bengaluru · Karnataka · baseline_coordinate_id_verified_current</description>
      <ExtendedData>
        <Data name="platformId"><value>44077</value></Data>
        <Data name="observedAt"><value>2026-08-26T07:44:42.875Z</value></Data>
        <Data name="locationQuality"><value>baseline_coordinate_id_verified_current</value></Data>
      </ExtendedData>
      <Point><coordinates>77.6743598108752,12.851351,0</coordinates></Point>
    </Placemark>
    <Placemark>
      <name>Blinkit 44079</name>
      <description>Bengaluru · Karnataka · baseline_coordinate_id_verified_current</description>
      <ExtendedData>
        <Data name="platformId"><value>44079</value></Data>
        <Data name="observedAt"><value>2026-08-26T07:45:07.482Z</value></Data>
        <Data name="locationQuality"><value>baseline_coordinate_id_verified_current</value></Data>
      </ExtendedData>
      <Point><coordinates>77.61233922329504,12.982591821056413,0</coordinates></Point>
    </Placemark>
    <Placemark>
      <name>Blinkit 44121</name>
      <description>Bengaluru · Karnataka · baseline_coordinate_id_verified_current</description>
      <ExtendedData>
        <Data name="platformId"><value>44121</value></Data>
        <Data name="observedAt"><value>2026-08-26T07:45:27.467Z</value></Data>
        <Data name="locationQuality"><value>baseline_coordinate_id_verified_current</value></Data>
      </ExtendedData>
      <Point><coordinates>77.78982985816997,13.069306232123607,0</coordinates></Point>
    </Placemark>
    <Placemark>
      <name>Blinkit 44123</name>
      <description>Mumbai · Maharashtra · baseline_coordinate_id_verified_current</description>
      <ExtendedData>
        <Data name="platformId"><value>44123</value></Data>
        <Data name="observedAt"><value>2026-08-26T07:47:12.081Z</value></Data>
        <Data name="locationQuality"><value>baseline_coordinate_id_verified_current</value></Data>
      </ExtendedData>
      <Point><coordinates>72.84187202070753,18.98807151922386,0</coordinates></Point>
    </Placemark>
    <Placemark>
      <name>Blinkit 44171</name>
      <description>HR-NCR · Haryana · baseline_coordinate_id_verified_current</description>
      <ExtendedData>
        <Data name="platformId"><value>44171</value></Data>
        <Data name="observedAt"><value>2026-08-26T07:52:01.122Z</value></Data>
        <Data name="locationQuality"><value>baseline_coordinate_id_verified_current</value></Data>
      </ExtendedData>
      <Point><coordinates>77.09551414188192,28.481071429392742,0</coordinates></Point>
    </Placemark>
    <Placemark>
      <name>Blinkit 44257</name>
      <description>UP-NCR · Uttar Pradesh · baseline_coordinate_id_verified_current</description>
      <ExtendedData>
        <Data name="platformId"><value>44257</value></Data>
        <Data name="observedAt"><value>2026-08-26T07:52:43.313Z</value></Data>
        <Data name="locationQuality"><value>baseline_coordinate_id_verified_current</value></Data>
      </ExtendedData>
      <Point><coordinates>77.34846394749653,28.594334489759255,0</coordinates></Point>
    </Placemark>
    <Placemark>
      <name>Blinkit 44261</name>
      <description>Mumbai · Maharashtra · baseline_coordinate_id_verified_current</description>
      <ExtendedData>
        <Data name="platformId"><value>44261</value></Data>
        <Data name="observedAt"><value>2026-08-26T07:47:52.513Z</value></Data>
        <Data name="locationQuality"><value>baseline_coordinate_id_verified_current</value></Data>
      </ExtendedData>
      <Point><coordinates>72.84343391448024,19.299268793029103,0</coordinates></Point>
    </Placemark>
    <Placemark>
      <name>Blinkit 44301</name>
      <description>Mumbai · Maharashtra · baseline_coordinate_id_verified_current</description>
      <ExtendedData>
        <Data name="platformId"><value>44301</value></Data>
        <Data name="observedAt"><value>2026-08-26T07:47:44.577Z</value></Data>
        <Data name="locationQuality"><value>baseline_coordinate_id_verified_current</value></Data>
      </ExtendedData>
      <Point><coordinates>72.83792445300232,19.220033269134028,0</coordinates></Point>
    </Placemark>
    <Placemark>
      <name>Blinkit 44315</name>
      <description>Mumbai · Maharashtra · baseline_coordinate_id_verified_current</description>
      <ExtendedData>
        <Data name="platformId"><value>44315</value></Data>
        <Data name="observedAt"><value>2026-08-26T07:47:51.835Z</value></Data>
        <Data name="locationQuality"><value>baseline_coordinate_id_verified_current</value></Data>
      </ExtendedData>
      <Point><coordinates>72.88512554728486,19.27887922098455,0</coordinates></Point>
    </Placemark>
    <Placemark>
      <name>Blinkit 44317</name>
      <description>Mumbai · Maharashtra · baseline_coordinate_id_verified_current</description>
      <ExtendedData>
        <Data name="platformId"><value>44317</value></Data>
        <Data name="observedAt"><value>2026-08-26T07:47:32.729Z</value></Data>
        <Data name="locationQuality"><value>baseline_coordinate_id_verified_current</value></Data>
      </ExtendedData>
      <Point><coordinates>72.93854462902301,19.154334186848725,0</coordinates></Point>
    </Placemark>
    <Placemark>
      <name>Blinkit 44319</name>
      <description>Bengaluru · Karnataka · baseline_coordinate_id_verified_current</description>
      <ExtendedData>
        <Data name="platformId"><value>44319</value></Data>
        <Data name="observedAt"><value>2026-08-26T07:45:02.622Z</value></Data>
        <Data name="locationQuality"><value>baseline_coordinate_id_verified_current</value></Data>
      </ExtendedData>
      <Point><coordinates>77.66164066082654,12.957208730506649,0</coordinates></Point>
    </Placemark>
    <Placemark>
      <name>Blinkit 44327</name>
      <description>Delhi · Delhi · baseline_coordinate_id_verified_current</description>
      <ExtendedData>
        <Data name="platformId"><value>44327</value></Data>
        <Data name="observedAt"><value>2026-08-26T07:53:14.995Z</value></Data>
        <Data name="locationQuality"><value>baseline_coordinate_id_verified_current</value></Data>
      </ExtendedData>
      <Point><coordinates>77.19129842272686,28.69745582069709,0</coordinates></Point>
    </Placemark>
    <Placemark>
      <name>Blinkit 44381</name>
      <description>Delhi · Delhi · baseline_coordinate_id_verified_current</description>
      <ExtendedData>
        <Data name="platformId"><value>44381</value></Data>
        <Data name="observedAt"><value>2026-08-26T07:52:19.427Z</value></Data>
        <Data name="locationQuality"><value>baseline_coordinate_id_verified_current</value></Data>
      </ExtendedData>
      <Point><coordinates>77.26250277483443,28.54432528997485,0</coordinates></Point>
    </Placemark>
    <Placemark>
      <name>Blinkit 44539</name>
      <description>Delhi · Delhi · baseline_coordinate_id_verified_current</description>
      <ExtendedData>
        <Data name="platformId"><value>44539</value></Data>
        <Data name="observedAt"><value>2026-08-26T07:53:14.737Z</value></Data>
        <Data name="locationQuality"><value>baseline_coordinate_id_verified_current</value></Data>
      </ExtendedData>
      <Point><coordinates>77.1755659656479,28.7122023025512,0</coordinates></Point>
    </Placemark>
    <Placemark>
      <name>Blinkit 44578</name>
      <description>Delhi · Delhi · baseline_coordinate_id_verified_current</description>
      <ExtendedData>
        <Data name="platformId"><value>44578</value></Data>
        <Data name="observedAt"><value>2026-08-26T07:52:56.614Z</value></Data>
        <Data name="locationQuality"><value>baseline_coordinate_id_verified_current</value></Data>
      </ExtendedData>
      <Point><coordinates>77.13053109482146,28.652325338483653,0</coordinates></Point>
    </Placemark>
    <Placemark>
      <name>Blinkit 44580</name>
      <description>UP-NCR · Uttar Pradesh · baseline_coordinate_id_verified_current</description>
      <ExtendedData>
        <Data name="platformId"><value>44580</value></Data>
        <Data name="observedAt"><value>2026-08-26T07:52:24.968Z</value></Data>
        <Data name="locationQuality"><value>baseline_coordinate_id_verified_current</value></Data>
      </ExtendedData>
      <Point><coordinates>77.34095498758583,28.551556694933524,0</coordinates></Point>
    </Placemark>
    <Placemark>
      <name>Blinkit 44662</name>
      <description>UP-NCR · Uttar Pradesh · baseline_coordinate_id_verified_current</description>
      <ExtendedData>
        <Data name="platformId"><value>44662</value></Data>
        <Data name="observedAt"><value>2026-08-26T07:52:39.605Z</value></Data>
        <Data name="locationQuality"><value>baseline_coordinate_id_verified_current</value></Data>
      </ExtendedData>
      <Point><coordinates>77.34129945645545,28.61368766654689,0</coordinates></Point>
    </Placemark>
    <Placemark>
      <name>Blinkit 44666</name>
      <description>Delhi · Delhi · baseline_coordinate_id_verified_current</description>
      <ExtendedData>
        <Data name="platformId"><value>44666</value></Data>
        <Data name="observedAt"><value>2026-08-26T07:53:10.430Z</value></Data>
        <Data name="locationQuality"><value>baseline_coordinate_id_verified_current</value></Data>
      </ExtendedData>
      <Point><coordinates>77.16335799838684,28.700869748113547,0</coordinates></Point>
    </Placemark>
    <Placemark>
      <name>Blinkit 44776</name>
      <description>Delhi · Delhi · baseline_coordinate_id_verified_current</description>
      <ExtendedData>
        <Data name="platformId"><value>44776</value></Data>
        <Data name="observedAt"><value>2026-08-26T07:53:21.782Z</value></Data>
        <Data name="locationQuality"><value>baseline_coordinate_id_verified_current</value></Data>
      </ExtendedData>
      <Point><coordinates>77.06888363915549,28.61771883794466,0</coordinates></Point>
    </Placemark>
    <Placemark>
      <name>Blinkit 44862</name>
      <description>Bengaluru · Karnataka · baseline_coordinate_id_verified_current</description>
      <ExtendedData>
        <Data name="platformId"><value>44862</value></Data>
        <Data name="observedAt"><value>2026-08-26T07:54:46.155Z</value></Data>
        <Data name="locationQuality"><value>baseline_coordinate_id_verified_current</value></Data>
      </ExtendedData>
      <Point><coordinates>77.75794866112942,12.98118356413942,0</coordinates></Point>
    </Placemark>
    <Placemark>
      <name>Blinkit 44866</name>
      <description>Bengaluru · Karnataka · baseline_coordinate_id_verified_current</description>
      <ExtendedData>
        <Data name="platformId"><value>44866</value></Data>
        <Data name="observedAt"><value>2026-08-26T07:45:40.568Z</value></Data>
        <Data name="locationQuality"><value>baseline_coordinate_id_verified_current</value></Data>
      </ExtendedData>
      <Point><coordinates>77.68370196832687,13.140809609054978,0</coordinates></Point>
    </Placemark>
    <Placemark>
      <name>Blinkit 45032</name>
      <description>UP-NCR · Uttar Pradesh · baseline_coordinate_id_verified_current</description>
      <ExtendedData>
        <Data name="platformId"><value>45032</value></Data>
        <Data name="observedAt"><value>2026-08-26T07:52:45.604Z</value></Data>
        <Data name="locationQuality"><value>baseline_coordinate_id_verified_current</value></Data>
      </ExtendedData>
      <Point><coordinates>77.35418329452966,28.622479887172116,0</coordinates></Point>
    </Placemark>
    <Placemark>
      <name>Blinkit 45070</name>
      <description>Bengaluru · Karnataka · baseline_coordinate_id_verified_current</description>
      <ExtendedData>
        <Data name="platformId"><value>45070</value></Data>
        <Data name="observedAt"><value>2026-08-26T07:45:20.419Z</value></Data>
        <Data name="locationQuality"><value>baseline_coordinate_id_verified_current</value></Data>
      </ExtendedData>
      <Point><coordinates>77.69309959941809,13.030131951491198,0</coordinates></Point>
    </Placemark>
    <Placemark>
      <name>Blinkit 45076</name>
      <description>Bengaluru · Karnataka · baseline_coordinate_id_verified_current</description>
      <ExtendedData>
        <Data name="platformId"><value>45076</value></Data>
        <Data name="observedAt"><value>2026-08-26T07:44:38.579Z</value></Data>
        <Data name="locationQuality"><value>baseline_coordinate_id_verified_current</value></Data>
      </ExtendedData>
      <Point><coordinates>77.58974299489059,12.842055570966581,0</coordinates></Point>
    </Placemark>
    <Placemark>
      <name>Blinkit 45078</name>
      <description>UP-NCR · Uttar Pradesh · baseline_coordinate_id_verified_current</description>
      <ExtendedData>
        <Data name="platformId"><value>45078</value></Data>
        <Data name="observedAt"><value>2026-08-26T07:52:06.886Z</value></Data>
        <Data name="locationQuality"><value>baseline_coordinate_id_verified_current</value></Data>
      </ExtendedData>
      <Point><coordinates>77.3753702552307,28.500655767157742,0</coordinates></Point>
    </Placemark>
    <Placemark>
      <name>Blinkit 45094</name>
      <description>Bengaluru · Karnataka · baseline_coordinate_id_verified_current</description>
      <ExtendedData>
        <Data name="platformId"><value>45094</value></Data>
        <Data name="observedAt"><value>2026-08-26T07:45:17.103Z</value></Data>
        <Data name="locationQuality"><value>baseline_coordinate_id_verified_current</value></Data>
      </ExtendedData>
      <Point><coordinates>77.70534549779458,12.991341371900827,0</coordinates></Point>
    </Placemark>
    <Placemark>
      <name>Blinkit 45198</name>
      <description>Pune · Maharashtra · baseline_coordinate_id_verified_current</description>
      <ExtendedData>
        <Data name="platformId"><value>45198</value></Data>
        <Data name="observedAt"><value>2026-08-26T07:47:05.105Z</value></Data>
        <Data name="locationQuality"><value>baseline_coordinate_id_verified_current</value></Data>
      </ExtendedData>
      <Point><coordinates>73.71754307028299,18.662162,0</coordinates></Point>
    </Placemark>
    <Placemark>
      <name>Blinkit 45232</name>
      <description>Delhi · Delhi · baseline_coordinate_id_verified_current</description>
      <ExtendedData>
        <Data name="platformId"><value>45232</value></Data>
        <Data name="observedAt"><value>2026-08-26T07:54:41.232Z</value></Data>
        <Data name="locationQuality"><value>baseline_coordinate_id_verified_current</value></Data>
      </ExtendedData>
      <Point><coordinates>77.1351038760574,28.683817099173552,0</coordinates></Point>
    </Placemark>
    <Placemark>
      <name>Blinkit 45266</name>
      <description>Faridabad · Haryana · baseline_coordinate_id_verified_current</description>
      <ExtendedData>
        <Data name="platformId"><value>45266</value></Data>
        <Data name="observedAt"><value>2026-08-26T07:51:36.686Z</value></Data>
        <Data name="locationQuality"><value>baseline_coordinate_id_verified_current</value></Data>
      </ExtendedData>
      <Point><coordinates>77.32572843658292,28.36337905677327,0</coordinates></Point>
    </Placemark>
    <Placemark>
      <name>Blinkit 45274</name>
      <description>Faridabad · Haryana · baseline_coordinate_id_verified_current</description>
      <ExtendedData>
        <Data name="platformId"><value>45274</value></Data>
        <Data name="observedAt"><value>2026-08-26T07:51:47.437Z</value></Data>
        <Data name="locationQuality"><value>baseline_coordinate_id_verified_current</value></Data>
      </ExtendedData>
      <Point><coordinates>77.3110098831606,28.433624957240387,0</coordinates></Point>
    </Placemark>
    <Placemark>
      <name>Blinkit 45288</name>
      <description>Delhi · Delhi · baseline_coordinate_id_verified_current</description>
      <ExtendedData>
        <Data name="platformId"><value>45288</value></Data>
        <Data name="observedAt"><value>2026-08-26T07:52:42.381Z</value></Data>
        <Data name="locationQuality"><value>baseline_coordinate_id_verified_current</value></Data>
      </ExtendedData>
      <Point><coordinates>77.31435453824894,28.601653634207693,0</coordinates></Point>
    </Placemark>
    <Placemark>
      <name>Blinkit 45322</name>
      <description>UP-NCR · Uttar Pradesh · baseline_coordinate_id_verified_current</description>
      <ExtendedData>
        <Data name="platformId"><value>45322</value></Data>
        <Data name="observedAt"><value>2026-08-26T07:52:54.686Z</value></Data>
        <Data name="locationQuality"><value>baseline_coordinate_id_verified_current</value></Data>
      </ExtendedData>
      <Point><coordinates>77.43640658336368,28.633544989220265,0</coordinates></Point>
    </Placemark>
    <Placemark>
      <name>Blinkit 45326</name>
      <description>Bengaluru · Karnataka · baseline_coordinate_id_verified_current</description>
      <ExtendedData>
        <Data name="platformId"><value>45326</value></Data>
        <Data name="observedAt"><value>2026-08-26T07:54:33.187Z</value></Data>
        <Data name="locationQuality"><value>baseline_coordinate_id_verified_current</value></Data>
      </ExtendedData>
      <Point><coordinates>77.62548663614245,12.94287377578153,0</coordinates></Point>
    </Placemark>
    <Placemark>
      <name>Blinkit 45334</name>
      <description>Hyderabad · Telangana · baseline_coordinate_id_verified_current</description>
      <ExtendedData>
        <Data name="platformId"><value>45334</value></Data>
        <Data name="observedAt"><value>2026-08-26T07:47:08.465Z</value></Data>
        <Data name="locationQuality"><value>baseline_coordinate_id_verified_current</value></Data>
      </ExtendedData>
      <Point><coordinates>78.49298136637266,17.368256124685594,0</coordinates></Point>
    </Placemark>
    <Placemark>
      <name>Blinkit 45342</name>
      <description>Bengaluru · Karnataka · baseline_coordinate_id_verified_current</description>
      <ExtendedData>
        <Data name="platformId"><value>45342</value></Data>
        <Data name="observedAt"><value>2026-08-26T07:44:52.692Z</value></Data>
        <Data name="locationQuality"><value>baseline_coordinate_id_verified_current</value></Data>
      </ExtendedData>
      <Point><coordinates>77.6628161359692,12.900670900107796,0</coordinates></Point>
    </Placemark>
    <Placemark>
      <name>Blinkit 45380</name>
      <description>HR-NCR · Haryana · baseline_coordinate_id_verified_current</description>
      <ExtendedData>
        <Data name="platformId"><value>45380</value></Data>
        <Data name="observedAt"><value>2026-08-26T07:51:44.196Z</value></Data>
        <Data name="locationQuality"><value>baseline_coordinate_id_verified_current</value></Data>
      </ExtendedData>
      <Point><coordinates>77.071276337721,28.396904576356448,0</coordinates></Point>
    </Placemark>
    <Placemark>
      <name>Blinkit 45382</name>
      <description>Pune · Maharashtra · baseline_coordinate_id_verified_current</description>
      <ExtendedData>
        <Data name="platformId"><value>45382</value></Data>
        <Data name="observedAt"><value>2026-08-26T07:46:53.555Z</value></Data>
        <Data name="locationQuality"><value>baseline_coordinate_id_verified_current</value></Data>
      </ExtendedData>
      <Point><coordinates>73.96373946011063,18.552481955443767,0</coordinates></Point>
    </Placemark>
    <Placemark>
      <name>Blinkit 45384</name>
      <description>Pune · Maharashtra · baseline_coordinate_id_verified_current</description>
      <ExtendedData>
        <Data name="platformId"><value>45384</value></Data>
        <Data name="observedAt"><value>2026-08-26T07:46:55.071Z</value></Data>
        <Data name="locationQuality"><value>baseline_coordinate_id_verified_current</value></Data>
      </ExtendedData>
      <Point><coordinates>73.90812102361824,18.55144440603665,0</coordinates></Point>
    </Placemark>
    <Placemark>
      <name>Blinkit 45422</name>
      <description>Pune · Maharashtra · baseline_coordinate_id_verified_current</description>
      <ExtendedData>
        <Data name="platformId"><value>45422</value></Data>
        <Data name="observedAt"><value>2026-08-26T07:47:01.597Z</value></Data>
        <Data name="locationQuality"><value>baseline_coordinate_id_verified_current</value></Data>
      </ExtendedData>
      <Point><coordinates>73.74412654327628,18.608321348904063,0</coordinates></Point>
    </Placemark>
    <Placemark>
      <name>Blinkit 45428</name>
      <description>Pune · Maharashtra · baseline_coordinate_id_verified_current</description>
      <ExtendedData>
        <Data name="platformId"><value>45428</value></Data>
        <Data name="observedAt"><value>2026-08-26T07:46:56.031Z</value></Data>
        <Data name="locationQuality"><value>baseline_coordinate_id_verified_current</value></Data>
      </ExtendedData>
      <Point><coordinates>73.76226079171305,18.56951733524973,0</coordinates></Point>
    </Placemark>
    <Placemark>
      <name>Blinkit 45434</name>
      <description>Hyderabad · Telangana · baseline_coordinate_id_verified_current</description>
      <ExtendedData>
        <Data name="platformId"><value>45434</value></Data>
        <Data name="observedAt"><value>2026-08-26T07:46:05.962Z</value></Data>
        <Data name="locationQuality"><value>baseline_coordinate_id_verified_current</value></Data>
      </ExtendedData>
      <Point><coordinates>78.61045,17.32278339633489,0</coordinates></Point>
    </Placemark>
    <Placemark>
      <name>Blinkit 45474</name>
      <description>Mumbai · Maharashtra · baseline_coordinate_id_verified_current</description>
      <ExtendedData>
        <Data name="platformId"><value>45474</value></Data>
        <Data name="observedAt"><value>2026-08-26T07:47:14.896Z</value></Data>
        <Data name="locationQuality"><value>baseline_coordinate_id_verified_current</value></Data>
      </ExtendedData>
      <Point><coordinates>73.02383568732319,19.02138336004312,0</coordinates></Point>
    </Placemark>
    <Placemark>
      <name>Blinkit 45552</name>
      <description>UP-NCR · Uttar Pradesh · baseline_coordinate_id_verified_current</description>
      <ExtendedData>
        <Data name="platformId"><value>45552</value></Data>
        <Data name="observedAt"><value>2026-08-26T07:52:10.376Z</value></Data>
        <Data name="locationQuality"><value>baseline_coordinate_id_verified_current</value></Data>
      </ExtendedData>
      <Point><coordinates>77.41630349165425,28.509184140136544,0</coordinates></Point>
    </Placemark>
    <Placemark>
      <name>Blinkit 45592</name>
      <description>HR-NCR · Haryana · service_area_seed_median_approximate</description>
      <ExtendedData>
        <Data name="platformId"><value>45592</value></Data>
        <Data name="observedAt"><value>2026-08-26T07:52:05.535Z</value></Data>
        <Data name="locationQuality"><value>service_area_seed_median_approximate</value></Data>
      </ExtendedData>
      <Point><coordinates>77.10409456818915,28.490245432267333,0</coordinates></Point>
    </Placemark>
    <Placemark>
      <name>Blinkit 45631</name>
      <description>Bengaluru · Karnataka · baseline_coordinate_id_verified_current</description>
      <ExtendedData>
        <Data name="platformId"><value>45631</value></Data>
        <Data name="observedAt"><value>2026-08-26T07:54:46.541Z</value></Data>
        <Data name="locationQuality"><value>baseline_coordinate_id_verified_current</value></Data>
      </ExtendedData>
      <Point><coordinates>77.7432293001627,12.966991778296801,0</coordinates></Point>
    </Placemark>
    <Placemark>
      <name>Blinkit 45704</name>
      <description>Delhi · Delhi · baseline_coordinate_id_verified_current</description>
      <ExtendedData>
        <Data name="platformId"><value>45704</value></Data>
        <Data name="observedAt"><value>2026-08-26T07:53:15.920Z</value></Data>
        <Data name="locationQuality"><value>baseline_coordinate_id_verified_current</value></Data>
      </ExtendedData>
      <Point><coordinates>77.30858186476989,28.70511496550485,0</coordinates></Point>
    </Placemark>
    <Placemark>
      <name>Blinkit 45744</name>
      <description>Bengaluru · Karnataka · baseline_coordinate_id_verified_current</description>
      <ExtendedData>
        <Data name="platformId"><value>45744</value></Data>
        <Data name="observedAt"><value>2026-08-26T07:45:12.330Z</value></Data>
        <Data name="locationQuality"><value>baseline_coordinate_id_verified_current</value></Data>
      </ExtendedData>
      <Point><coordinates>77.6738922976825,12.997754222062522,0</coordinates></Point>
    </Placemark>
    <Placemark>
      <name>Blinkit 45748</name>
      <description>Mumbai · Maharashtra · baseline_coordinate_id_verified_current</description>
      <ExtendedData>
        <Data name="platformId"><value>45748</value></Data>
        <Data name="observedAt"><value>2026-08-26T07:47:10.304Z</value></Data>
        <Data name="locationQuality"><value>baseline_coordinate_id_verified_current</value></Data>
      </ExtendedData>
      <Point><coordinates>73.01649206546834,18.96959644160977,0</coordinates></Point>
    </Placemark>
    <Placemark>
      <name>Blinkit 45752</name>
      <description>Hyderabad · Telangana · baseline_coordinate_id_verified_current</description>
      <ExtendedData>
        <Data name="platformId"><value>45752</value></Data>
        <Data name="observedAt"><value>2026-08-26T07:46:22.746Z</value></Data>
        <Data name="locationQuality"><value>baseline_coordinate_id_verified_current</value></Data>
      </ExtendedData>
      <Point><coordinates>78.61838038751726,17.482120207689544,0</coordinates></Point>
    </Placemark>
    <Placemark>
      <name>Blinkit 45768</name>
      <description>Bengaluru · Karnataka · baseline_coordinate_id_verified_current</description>
      <ExtendedData>
        <Data name="platformId"><value>45768</value></Data>
        <Data name="observedAt"><value>2026-08-26T07:54:46.805Z</value></Data>
        <Data name="locationQuality"><value>baseline_coordinate_id_verified_current</value></Data>
      </ExtendedData>
      <Point><coordinates>77.72143430722778,12.99091018253683,0</coordinates></Point>
    </Placemark>
    <Placemark>
      <name>Blinkit 45797</name>
      <description>Bengaluru · Karnataka · baseline_coordinate_id_verified_current</description>
      <ExtendedData>
        <Data name="platformId"><value>45797</value></Data>
        <Data name="observedAt"><value>2026-08-26T07:44:36.473Z</value></Data>
        <Data name="locationQuality"><value>baseline_coordinate_id_verified_current</value></Data>
      </ExtendedData>
      <Point><coordinates>77.77039725743386,12.783343827524256,0</coordinates></Point>
    </Placemark>
    <Placemark>
      <name>Blinkit 45809</name>
      <description>Pune · Maharashtra · baseline_coordinate_id_verified_current</description>
      <ExtendedData>
        <Data name="platformId"><value>45809</value></Data>
        <Data name="observedAt"><value>2026-08-26T07:47:00.463Z</value></Data>
        <Data name="locationQuality"><value>baseline_coordinate_id_verified_current</value></Data>
      </ExtendedData>
      <Point><coordinates>73.79717114800279,18.59423118397413,0</coordinates></Point>
    </Placemark>
    <Placemark>
      <name>Blinkit 45817</name>
      <description>UP-NCR · Uttar Pradesh · baseline_coordinate_id_verified_current</description>
      <ExtendedData>
        <Data name="platformId"><value>45817</value></Data>
        <Data name="observedAt"><value>2026-08-26T07:53:22.416Z</value></Data>
        <Data name="locationQuality"><value>baseline_coordinate_id_verified_current</value></Data>
      </ExtendedData>
      <Point><coordinates>77.26260596333971,28.735625321236075,0</coordinates></Point>
    </Placemark>
    <Placemark>
      <name>Blinkit 45845</name>
      <description>Delhi · Delhi · baseline_coordinate_id_verified_current</description>
      <ExtendedData>
        <Data name="platformId"><value>45845</value></Data>
        <Data name="observedAt"><value>2026-08-26T07:53:14.090Z</value></Data>
        <Data name="locationQuality"><value>baseline_coordinate_id_verified_current</value></Data>
      </ExtendedData>
      <Point><coordinates>77.14222634289403,28.704414282788356,0</coordinates></Point>
    </Placemark>
    <Placemark>
      <name>Blinkit 45865</name>
      <description>Faridabad · Haryana · baseline_coordinate_id_verified_current</description>
      <ExtendedData>
        <Data name="platformId"><value>45865</value></Data>
        <Data name="observedAt"><value>2026-08-26T07:51:44.938Z</value></Data>
        <Data name="locationQuality"><value>baseline_coordinate_id_verified_current</value></Data>
      </ExtendedData>
      <Point><coordinates>77.35744060358343,28.417293056773268,0</coordinates></Point>
    </Placemark>
    <Placemark>
      <name>Blinkit 45937</name>
      <description>Mumbai · Maharashtra · baseline_coordinate_id_verified_current</description>
      <ExtendedData>
        <Data name="platformId"><value>45937</value></Data>
        <Data name="observedAt"><value>2026-08-26T07:47:43.008Z</value></Data>
        <Data name="locationQuality"><value>baseline_coordinate_id_verified_current</value></Data>
      </ExtendedData>
      <Point><coordinates>72.95543,19.19793745921667,0</coordinates></Point>
    </Placemark>
    <Placemark>
      <name>Blinkit 46020</name>
      <description>Delhi · Delhi · baseline_coordinate_id_verified_current</description>
      <ExtendedData>
        <Data name="platformId"><value>46020</value></Data>
        <Data name="observedAt"><value>2026-08-26T07:52:19.774Z</value></Data>
        <Data name="locationQuality"><value>baseline_coordinate_id_verified_current</value></Data>
      </ExtendedData>
      <Point><coordinates>77.28990610669508,28.545515398131517,0</coordinates></Point>
    </Placemark>
    <Placemark>
      <name>Blinkit 46030</name>
      <description>Bengaluru · Karnataka · service_area_seed_median_approximate</description>
      <ExtendedData>
        <Data name="platformId"><value>46030</value></Data>
        <Data name="observedAt"><value>2026-08-26T07:45:37.895Z</value></Data>
        <Data name="locationQuality"><value>service_area_seed_median_approximate</value></Data>
      </ExtendedData>
      <Point><coordinates>77.62373153889422,13.122452937836869,0</coordinates></Point>
    </Placemark>
    <Placemark>
      <name>Blinkit 46237</name>
      <description>Delhi · Delhi · baseline_coordinate_id_verified_current</description>
      <ExtendedData>
        <Data name="platformId"><value>46237</value></Data>
        <Data name="observedAt"><value>2026-08-26T07:52:50.418Z</value></Data>
        <Data name="locationQuality"><value>baseline_coordinate_id_verified_current</value></Data>
      </ExtendedData>
      <Point><coordinates>77.18552853038041,28.64405413833992,0</coordinates></Point>
    </Placemark>
    <Placemark>
      <name>Blinkit 46241</name>
      <description>Delhi · Delhi · service_area_seed_median_approximate</description>
      <ExtendedData>
        <Data name="platformId"><value>46241</value></Data>
        <Data name="observedAt"><value>2026-08-26T07:53:02.194Z</value></Data>
        <Data name="locationQuality"><value>service_area_seed_median_approximate</value></Data>
      </ExtendedData>
      <Point><coordinates>77.11823930875586,28.654944069708943,0</coordinates></Point>
    </Placemark>
    <Placemark>
      <name>Blinkit 46427</name>
      <description>Bengaluru · Karnataka · service_area_seed_median_approximate</description>
      <ExtendedData>
        <Data name="platformId"><value>46427</value></Data>
        <Data name="observedAt"><value>2026-08-26T07:45:38.483Z</value></Data>
        <Data name="locationQuality"><value>service_area_seed_median_approximate</value></Data>
      </ExtendedData>
      <Point><coordinates>77.57294667187773,13.116634127200863,0</coordinates></Point>
    </Placemark>
    <Placemark>
      <name>Blinkit 46615</name>
      <description>Delhi · Delhi · service_area_seed_median_approximate</description>
      <ExtendedData>
        <Data name="platformId"><value>46615</value></Data>
        <Data name="observedAt"><value>2026-08-26T07:52:45.254Z</value></Data>
        <Data name="locationQuality"><value>service_area_seed_median_approximate</value></Data>
      </ExtendedData>
      <Point><coordinates>77.30242281945762,28.62870742939274,0</coordinates></Point>
    </Placemark>
    <Placemark>
      <name>Blinkit 46625</name>
      <description>Mumbai · Maharashtra · service_area_seed_median_approximate</description>
      <ExtendedData>
        <Data name="platformId"><value>46625</value></Data>
        <Data name="observedAt"><value>2026-08-26T07:47:35.297Z</value></Data>
        <Data name="locationQuality"><value>service_area_seed_median_approximate</value></Data>
      </ExtendedData>
      <Point><coordinates>73.0790771613271,19.155337080848,0</coordinates></Point>
    </Placemark>
    <Placemark>
      <name>Blinkit 46665</name>
      <description>Bengaluru · Karnataka · service_area_seed_median_approximate</description>
      <ExtendedData>
        <Data name="platformId"><value>46665</value></Data>
        <Data name="observedAt"><value>2026-08-26T07:44:58.606Z</value></Data>
        <Data name="locationQuality"><value>service_area_seed_median_approximate</value></Data>
      </ExtendedData>
      <Point><coordinates>77.51734,12.932432,0</coordinates></Point>
    </Placemark>
    <Placemark>
      <name>Blinkit 46667</name>
      <description>Bengaluru · Karnataka · baseline_coordinate_id_verified_current</description>
      <ExtendedData>
        <Data name="platformId"><value>46667</value></Data>
        <Data name="observedAt"><value>2026-08-26T07:54:50.005Z</value></Data>
        <Data name="locationQuality"><value>baseline_coordinate_id_verified_current</value></Data>
      </ExtendedData>
      <Point><coordinates>77.51155469815096,12.812743306503775,0</coordinates></Point>
    </Placemark>
    <Placemark>
      <name>Blinkit 46791</name>
      <description>Delhi · Delhi · baseline_coordinate_id_verified_current</description>
      <ExtendedData>
        <Data name="platformId"><value>46791</value></Data>
        <Data name="observedAt"><value>2026-08-26T07:53:24.685Z</value></Data>
        <Data name="locationQuality"><value>baseline_coordinate_id_verified_current</value></Data>
      </ExtendedData>
      <Point><coordinates>77.13587429357963,28.797297,0</coordinates></Point>
    </Placemark>
    <Placemark>
      <name>Blinkit 46797</name>
      <description>Delhi · Delhi · baseline_coordinate_id_verified_current</description>
      <ExtendedData>
        <Data name="platformId"><value>46797</value></Data>
        <Data name="observedAt"><value>2026-08-26T07:53:23.320Z</value></Data>
        <Data name="locationQuality"><value>baseline_coordinate_id_verified_current</value></Data>
      </ExtendedData>
      <Point><coordinates>77.18420321474905,28.763583970535397,0</coordinates></Point>
    </Placemark>
    <Placemark>
      <name>Blinkit 46857</name>
      <description>Delhi · Delhi · service_area_seed_median_approximate</description>
      <ExtendedData>
        <Data name="platformId"><value>46857</value></Data>
        <Data name="observedAt"><value>2026-08-26T07:54:39.400Z</value></Data>
        <Data name="locationQuality"><value>service_area_seed_median_approximate</value></Data>
      </ExtendedData>
      <Point><coordinates>77.18543022330009,28.500345849802375,0</coordinates></Point>
    </Placemark>
    <Placemark>
      <name>Blinkit 46859</name>
      <description>HR-NCR · Haryana · service_area_seed_median_approximate</description>
      <ExtendedData>
        <Data name="platformId"><value>46859</value></Data>
        <Data name="observedAt"><value>2026-08-26T07:51:46.860Z</value></Data>
        <Data name="locationQuality"><value>service_area_seed_median_approximate</value></Data>
      </ExtendedData>
      <Point><coordinates>77.14675188111295,28.424596016708584,0</coordinates></Point>
    </Placemark>
    <Placemark>
      <name>Blinkit 46921</name>
      <description>Bengaluru · Karnataka · service_area_seed_median_approximate</description>
      <ExtendedData>
        <Data name="platformId"><value>46921</value></Data>
        <Data name="observedAt"><value>2026-08-26T07:44:51.096Z</value></Data>
        <Data name="locationQuality"><value>service_area_seed_median_approximate</value></Data>
      </ExtendedData>
      <Point><coordinates>77.56689972511006,12.910448111749911,0</coordinates></Point>
    </Placemark>
    <Placemark>
      <name>Blinkit 47108</name>
      <description>HR-NCR · Haryana · service_area_seed_median_approximate</description>
      <ExtendedData>
        <Data name="platformId"><value>47108</value></Data>
        <Data name="observedAt"><value>2026-08-26T07:54:38.767Z</value></Data>
        <Data name="locationQuality"><value>service_area_seed_median_approximate</value></Data>
      </ExtendedData>
      <Point><coordinates>77.08420003340366,28.475308609054977,0</coordinates></Point>
    </Placemark>
    <Placemark>
      <name>Blinkit 47278</name>
      <description>Bahadurgarh · Haryana · service_area_seed_median_approximate</description>
      <ExtendedData>
        <Data name="platformId"><value>47278</value></Data>
        <Data name="observedAt"><value>2026-08-26T07:53:05.649Z</value></Data>
        <Data name="locationQuality"><value>service_area_seed_median_approximate</value></Data>
      </ExtendedData>
      <Point><coordinates>76.92080320424648,28.69564336579231,0</coordinates></Point>
    </Placemark>
    <Placemark>
      <name>Blinkit 47300</name>
      <description>UP-NCR · Uttar Pradesh · service_area_seed_median_approximate</description>
      <ExtendedData>
        <Data name="platformId"><value>47300</value></Data>
        <Data name="observedAt"><value>2026-08-26T07:52:33.434Z</value></Data>
        <Data name="locationQuality"><value>service_area_seed_median_approximate</value></Data>
      </ExtendedData>
      <Point><coordinates>77.39127442018173,28.58021862127201,0</coordinates></Point>
    </Placemark>
    <Placemark>
      <name>Blinkit 47302</name>
      <description>UP-NCR · Uttar Pradesh · service_area_seed_median_approximate</description>
      <ExtendedData>
        <Data name="platformId"><value>47302</value></Data>
        <Data name="observedAt"><value>2026-08-26T07:52:33.775Z</value></Data>
        <Data name="locationQuality"><value>service_area_seed_median_approximate</value></Data>
      </ExtendedData>
      <Point><coordinates>77.38468371482396,28.578911578512397,0</coordinates></Point>
    </Placemark>
    <Placemark>
      <name>Blinkit 47490</name>
      <description>Delhi · Delhi · service_area_seed_median_approximate</description>
      <ExtendedData>
        <Data name="platformId"><value>47490</value></Data>
        <Data name="observedAt"><value>2026-08-26T07:53:11.304Z</value></Data>
        <Data name="locationQuality"><value>service_area_seed_median_approximate</value></Data>
      </ExtendedData>
      <Point><coordinates>77.20776317156285,28.675676,0</coordinates></Point>
    </Placemark>
    <Placemark>
      <name>Blinkit 47594</name>
      <description>Bengaluru · Karnataka · service_area_seed_median_approximate</description>
      <ExtendedData>
        <Data name="platformId"><value>47594</value></Data>
        <Data name="observedAt"><value>2026-08-26T07:44:54.560Z</value></Data>
        <Data name="locationQuality"><value>service_area_seed_median_approximate</value></Data>
      </ExtendedData>
      <Point><coordinates>77.49135700566981,12.932746408911248,0</coordinates></Point>
    </Placemark>
    <Placemark>
      <name>Blinkit 47854</name>
      <description>Hyderabad · Telangana · service_area_seed_median_approximate</description>
      <ExtendedData>
        <Data name="platformId"><value>47854</value></Data>
        <Data name="observedAt"><value>2026-08-26T07:46:12.028Z</value></Data>
        <Data name="locationQuality"><value>service_area_seed_median_approximate</value></Data>
      </ExtendedData>
      <Point><coordinates>78.49910590644444,17.408553580668343,0</coordinates></Point>
    </Placemark>
    <Placemark>
      <name>Blinkit 47932</name>
      <description>UP-NCR · Uttar Pradesh · service_area_seed_median_approximate</description>
      <ExtendedData>
        <Data name="platformId"><value>47932</value></Data>
        <Data name="observedAt"><value>2026-08-26T07:52:59.110Z</value></Data>
        <Data name="locationQuality"><value>service_area_seed_median_approximate</value></Data>
      </ExtendedData>
      <Point><coordinates>77.38342367528344,28.648096538627378,0</coordinates></Point>
    </Placemark>
    <Placemark>
      <name>Blinkit 48006</name>
      <description>HR-NCR · Haryana · service_area_seed_median_approximate</description>
      <ExtendedData>
        <Data name="platformId"><value>48006</value></Data>
        <Data name="observedAt"><value>2026-08-26T07:51:37.837Z</value></Data>
        <Data name="locationQuality"><value>service_area_seed_median_approximate</value></Data>
      </ExtendedData>
      <Point><coordinates>76.93948532340052,28.390917332375132,0</coordinates></Point>
    </Placemark>
    <Placemark>
      <name>Blinkit 48140</name>
      <description>Mumbai · Maharashtra · service_area_seed_median_approximate</description>
      <ExtendedData>
        <Data name="platformId"><value>48140</value></Data>
        <Data name="observedAt"><value>2026-08-26T07:47:15.238Z</value></Data>
        <Data name="locationQuality"><value>service_area_seed_median_approximate</value></Data>
      </ExtendedData>
      <Point><coordinates>72.84376854417118,19.03067863492634,0</coordinates></Point>
    </Placemark>
    <Placemark>
      <name>Blinkit 48855</name>
      <description>Delhi · Delhi · service_area_seed_median_approximate</description>
      <ExtendedData>
        <Data name="platformId"><value>48855</value></Data>
        <Data name="observedAt"><value>2026-08-26T07:52:32.829Z</value></Data>
        <Data name="locationQuality"><value>service_area_seed_median_approximate</value></Data>
      </ExtendedData>
      <Point><coordinates>77.24484334173032,28.583178556593605,0</coordinates></Point>
    </Placemark>
    <Placemark>
      <name>Blinkit 49193</name>
      <description>Bengaluru · Karnataka · service_area_seed_median_approximate</description>
      <ExtendedData>
        <Data name="platformId"><value>49193</value></Data>
        <Data name="observedAt"><value>2026-08-26T07:45:02.180Z</value></Data>
        <Data name="locationQuality"><value>service_area_seed_median_approximate</value></Data>
      </ExtendedData>
      <Point><coordinates>77.59678831174199,12.945698964426876,0</coordinates></Point>
    </Placemark>
    <Placemark>
      <name>Blinkit 49333</name>
      <description>Bengaluru · Karnataka · service_area_seed_median_approximate</description>
      <ExtendedData>
        <Data name="platformId"><value>49333</value></Data>
        <Data name="observedAt"><value>2026-08-26T07:45:18.968Z</value></Data>
        <Data name="locationQuality"><value>service_area_seed_median_approximate</value></Data>
      </ExtendedData>
      <Point><coordinates>77.59246377995328,13.026465555515632,0</coordinates></Point>
    </Placemark>
    <Placemark>
      <name>Blinkit 49435</name>
      <description>Pune · Maharashtra · service_area_seed_median_approximate</description>
      <ExtendedData>
        <Data name="platformId"><value>49435</value></Data>
        <Data name="observedAt"><value>2026-08-26T07:49:13.719Z</value></Data>
        <Data name="locationQuality"><value>service_area_seed_median_approximate</value></Data>
      </ExtendedData>
      <Point><coordinates>73.873642,18.513514,0</coordinates></Point>
    </Placemark>
    <Placemark>
      <name>Blinkit 49489</name>
      <description>Mumbai · Maharashtra · service_area_seed_median_approximate</description>
      <ExtendedData>
        <Data name="platformId"><value>49489</value></Data>
        <Data name="observedAt"><value>2026-08-26T07:47:32.987Z</value></Data>
        <Data name="locationQuality"><value>service_area_seed_median_approximate</value></Data>
      </ExtendedData>
      <Point><coordinates>72.83533259336798,19.157324310815667,0</coordinates></Point>
    </Placemark>
    <Placemark>
      <name>Blinkit 49683</name>
      <description>Delhi · Delhi · service_area_seed_median_approximate</description>
      <ExtendedData>
        <Data name="platformId"><value>49683</value></Data>
        <Data name="observedAt"><value>2026-08-26T07:52:52.358Z</value></Data>
        <Data name="locationQuality"><value>service_area_seed_median_approximate</value></Data>
      </ExtendedData>
      <Point><coordinates>77.30953970964671,28.635172845849798,0</coordinates></Point>
    </Placemark>
    <Placemark>
      <name>Blinkit 49693</name>
      <description>Mumbai · Maharashtra · service_area_seed_median_approximate</description>
      <ExtendedData>
        <Data name="platformId"><value>49693</value></Data>
        <Data name="observedAt"><value>2026-08-26T07:47:48.023Z</value></Data>
        <Data name="locationQuality"><value>service_area_seed_median_approximate</value></Data>
      </ExtendedData>
      <Point><coordinates>72.84594169372737,19.24057950736615,0</coordinates></Point>
    </Placemark>
    <Placemark>
      <name>Blinkit 49717</name>
      <description>Mumbai · Maharashtra · service_area_seed_median_approximate</description>
      <ExtendedData>
        <Data name="platformId"><value>49717</value></Data>
        <Data name="observedAt"><value>2026-08-26T07:47:39.553Z</value></Data>
        <Data name="locationQuality"><value>service_area_seed_median_approximate</value></Data>
      </ExtendedData>
      <Point><coordinates>72.99519500314949,19.180751458138698,0</coordinates></Point>
    </Placemark>
    <Placemark>
      <name>Blinkit 50401</name>
      <description>Bengaluru · Karnataka · service_area_seed_median_approximate</description>
      <ExtendedData>
        <Data name="platformId"><value>50401</value></Data>
        <Data name="observedAt"><value>2026-08-26T07:45:16.147Z</value></Data>
        <Data name="locationQuality"><value>service_area_seed_median_approximate</value></Data>
      </ExtendedData>
      <Point><coordinates>77.59881162076654,12.992274523895077,0</coordinates></Point>
    </Placemark>
    <Placemark>
      <name>Blinkit 50657</name>
      <description>HR-NCR · Haryana · service_area_seed_median_approximate</description>
      <ExtendedData>
        <Data name="platformId"><value>50657</value></Data>
        <Data name="observedAt"><value>2026-08-26T07:52:03.895Z</value></Data>
        <Data name="locationQuality"><value>service_area_seed_median_approximate</value></Data>
      </ExtendedData>
      <Point><coordinates>76.9999050670374,28.489715428674092,0</coordinates></Point>
    </Placemark>
  </Folder>
  <Folder>
    <name>Zepto</name>
    <Placemark>
      <name>NOD-Sector 117 network</name>
      <description>Noida · Uttar Pradesh · service_area_seed_median_approximate</description>
      <ExtendedData>
        <Data name="platformId"><value>0a978a0b-b48a-47e9-a4b7-f48b6172b5b7</value></Data>
        <Data name="observedAt"><value>2026-08-26T07:45:31.901Z</value></Data>
        <Data name="locationQuality"><value>service_area_seed_median_approximate</value></Data>
      </ExtendedData>
      <Point><coordinates>77.371656,28.583612,0</coordinates></Point>
    </Placemark>
    <Placemark>
      <name>DEL-MAYUR VIHAR</name>
      <description>Delhi · Delhi · baseline_coordinate_id_verified_current</description>
      <ExtendedData>
        <Data name="platformId"><value>0c865653-8eac-4a33-900c-d2ed7f3c0477</value></Data>
        <Data name="observedAt"><value>2026-08-26T07:46:37.668Z</value></Data>
        <Data name="locationQuality"><value>baseline_coordinate_id_verified_current</value></Data>
      </ExtendedData>
      <Point><coordinates>77.2936104,28.6088517,0</coordinates></Point>
    </Placemark>
    <Placemark>
      <name>Zepto 0cdd4ac3-fbeb-4bfd-8960-ebf2192d29b4</name>
      <description>Gurugram · service_area_seed_median_approximate</description>
      <ExtendedData>
        <Data name="platformId"><value>0cdd4ac3-fbeb-4bfd-8960-ebf2192d29b4</value></Data>
        <Data name="observedAt"><value>2026-08-26T07:47:02.975Z</value></Data>
        <Data name="locationQuality"><value>service_area_seed_median_approximate</value></Data>
      </ExtendedData>
      <Point><coordinates>76.941898,28.3781085,0</coordinates></Point>
    </Placemark>
    <Placemark>
      <name>GZB-MADHUBAN BAPUDHAM</name>
      <description>Ghaziabad · Uttar Pradesh · baseline_coordinate_id_verified_current</description>
      <ExtendedData>
        <Data name="platformId"><value>0ea53a34-8b00-4f97-b9c1-9cab4eba4f40</value></Data>
        <Data name="observedAt"><value>2026-08-26T07:44:32.088Z</value></Data>
        <Data name="locationQuality"><value>baseline_coordinate_id_verified_current</value></Data>
      </ExtendedData>
      <Point><coordinates>77.486097,28.698249,0</coordinates></Point>
    </Placemark>
    <Placemark>
      <name>NOD-Bisrakh Sector 1</name>
      <description>Noida · Uttar Pradesh · baseline_coordinate_id_verified_current</description>
      <ExtendedData>
        <Data name="platformId"><value>0ee686e2-fe05-4ea1-9740-46835a298b6b</value></Data>
        <Data name="observedAt"><value>2026-08-26T07:48:08.052Z</value></Data>
        <Data name="locationQuality"><value>baseline_coordinate_id_verified_current</value></Data>
      </ExtendedData>
      <Point><coordinates>77.4483112,28.563075,0</coordinates></Point>
    </Placemark>
    <Placemark>
      <name>HYD-NIZAMPET NETWORK 2</name>
      <description>Hyderabad · Telangana · baseline_coordinate_id_verified_current</description>
      <ExtendedData>
        <Data name="platformId"><value>1a13c8ef-91b4-462b-b27d-45451693f7a2</value></Data>
        <Data name="observedAt"><value>2026-08-26T07:48:03.229Z</value></Data>
        <Data name="locationQuality"><value>baseline_coordinate_id_verified_current</value></Data>
      </ExtendedData>
      <Point><coordinates>78.3914722,17.5056111,0</coordinates></Point>
    </Placemark>
    <Placemark>
      <name>BLR-Singapura</name>
      <description>Bengaluru · Karnataka · baseline_coordinate_id_verified_current</description>
      <ExtendedData>
        <Data name="platformId"><value>1ac44aad-7c9b-46ca-9df0-d0908355de55</value></Data>
        <Data name="observedAt"><value>2026-08-26T07:48:02.519Z</value></Data>
        <Data name="locationQuality"><value>baseline_coordinate_id_verified_current</value></Data>
      </ExtendedData>
      <Point><coordinates>77.53952,13.090409,0</coordinates></Point>
    </Placemark>
    <Placemark>
      <name>GGN-Sector 52</name>
      <description>Gurugram · Haryana · baseline_coordinate_id_verified_current</description>
      <ExtendedData>
        <Data name="platformId"><value>1b66cb9f-a71a-4a96-896f-a420974a2b32</value></Data>
        <Data name="observedAt"><value>2026-08-26T07:45:18.825Z</value></Data>
        <Data name="locationQuality"><value>baseline_coordinate_id_verified_current</value></Data>
      </ExtendedData>
      <Point><coordinates>77.078114,28.435337,0</coordinates></Point>
    </Placemark>
    <Placemark>
      <name>BLR-Marathahalli-3</name>
      <description>Bengaluru · Karnataka · service_area_seed_median_approximate</description>
      <ExtendedData>
        <Data name="platformId"><value>376dd638-f05e-4171-b4e1-b97650b79fe7</value></Data>
        <Data name="observedAt"><value>2026-08-26T07:44:51.416Z</value></Data>
        <Data name="locationQuality"><value>service_area_seed_median_approximate</value></Data>
      </ExtendedData>
      <Point><coordinates>77.71678497,12.96191262,0</coordinates></Point>
    </Placemark>
    <Placemark>
      <name>HYD-Manikonda New</name>
      <description>Hyderabad · Telangana · baseline_coordinate_id_verified_current</description>
      <ExtendedData>
        <Data name="platformId"><value>1cd83478-5874-45ea-8d9a-d2ac95d461e3</value></Data>
        <Data name="observedAt"><value>2026-08-26T07:47:02.584Z</value></Data>
        <Data name="locationQuality"><value>baseline_coordinate_id_verified_current</value></Data>
      </ExtendedData>
      <Point><coordinates>78.38178394,17.40248658,0</coordinates></Point>
    </Placemark>
    <Placemark>
      <name>Zepto 1cf40b2e-95cd-4581-9ab9-bca81d4932ab</name>
      <description>Mumbai · service_area_seed_median_approximate</description>
      <ExtendedData>
        <Data name="platformId"><value>1cf40b2e-95cd-4581-9ab9-bca81d4932ab</value></Data>
        <Data name="observedAt"><value>2026-08-26T07:47:59.227Z</value></Data>
        <Data name="locationQuality"><value>service_area_seed_median_approximate</value></Data>
      </ExtendedData>
      <Point><coordinates>72.88302819,19.113939,0</coordinates></Point>
    </Placemark>
    <Placemark>
      <name>HYD-Moti Nagar Phase III</name>
      <description>Hyderabad · Telangana · service_area_seed_median_approximate</description>
      <ExtendedData>
        <Data name="platformId"><value>1d4f476d-d3b5-4d50-b5c6-59e884db47b3</value></Data>
        <Data name="observedAt"><value>2026-08-26T07:48:06.251Z</value></Data>
        <Data name="locationQuality"><value>service_area_seed_median_approximate</value></Data>
      </ExtendedData>
      <Point><coordinates>78.42412063,17.46634788,0</coordinates></Point>
    </Placemark>
    <Placemark>
      <name>Zepto 1d31c12c-1669-4ed5-bf1e-251da70753b8</name>
      <description>Gurugram · service_area_seed_median_approximate</description>
      <ExtendedData>
        <Data name="platformId"><value>1d31c12c-1669-4ed5-bf1e-251da70753b8</value></Data>
        <Data name="observedAt"><value>2026-08-26T07:48:12.466Z</value></Data>
        <Data name="locationQuality"><value>service_area_seed_median_approximate</value></Data>
      </ExtendedData>
      <Point><coordinates>77.059,28.394773834240418,0</coordinates></Point>
    </Placemark>
    <Placemark>
      <name>Zepto 1f606e33-cc6a-46ae-95d7-21bb5a401d7a</name>
      <description>Gurugram · service_area_seed_median_approximate</description>
      <ExtendedData>
        <Data name="platformId"><value>1f606e33-cc6a-46ae-95d7-21bb5a401d7a</value></Data>
        <Data name="observedAt"><value>2026-08-26T07:47:34.269Z</value></Data>
        <Data name="locationQuality"><value>service_area_seed_median_approximate</value></Data>
      </ExtendedData>
      <Point><coordinates>77.06078149999999,28.446100925,0</coordinates></Point>
    </Placemark>
    <Placemark>
      <name>HYD-RTC Colony</name>
      <description>Hyderabad · Telangana · service_area_seed_median_approximate</description>
      <ExtendedData>
        <Data name="platformId"><value>75da7658-287b-4977-8274-a9f62c2e00a7</value></Data>
        <Data name="observedAt"><value>2026-08-26T07:48:12.879Z</value></Data>
        <Data name="locationQuality"><value>service_area_seed_median_approximate</value></Data>
      </ExtendedData>
      <Point><coordinates>78.508933,17.448543,0</coordinates></Point>
    </Placemark>
    <Placemark>
      <name>Zepto 2a655482-29d6-48fd-bb6c-6051fb5900ee</name>
      <description>Delhi · service_area_seed_median_approximate</description>
      <ExtendedData>
        <Data name="platformId"><value>2a655482-29d6-48fd-bb6c-6051fb5900ee</value></Data>
        <Data name="observedAt"><value>2026-08-26T07:47:12.210Z</value></Data>
        <Data name="locationQuality"><value>service_area_seed_median_approximate</value></Data>
      </ExtendedData>
      <Point><coordinates>77.133079,28.743214,0</coordinates></Point>
    </Placemark>
    <Placemark>
      <name>DEL-Dwarka Mor</name>
      <description>Delhi · service_area_seed_median_approximate</description>
      <ExtendedData>
        <Data name="platformId"><value>2baf335a-045a-4401-8761-a53b44b5cdcd</value></Data>
        <Data name="observedAt"><value>2026-08-26T07:45:03.597Z</value></Data>
        <Data name="locationQuality"><value>service_area_seed_median_approximate</value></Data>
      </ExtendedData>
      <Point><coordinates>77.033508,28.607881,0</coordinates></Point>
    </Placemark>
    <Placemark>
      <name>PUN-Bibewadi</name>
      <description>Pune · Maharashtra · baseline_coordinate_id_verified_current</description>
      <ExtendedData>
        <Data name="platformId"><value>2c5f4d5e-e4b5-40d2-9230-d35756cfd601</value></Data>
        <Data name="observedAt"><value>2026-08-26T07:44:51.728Z</value></Data>
        <Data name="locationQuality"><value>baseline_coordinate_id_verified_current</value></Data>
      </ExtendedData>
      <Point><coordinates>73.862885,18.470524,0</coordinates></Point>
    </Placemark>
    <Placemark>
      <name>MUM-MAJIWADA</name>
      <description>Mumbai · Maharashtra · baseline_coordinate_id_verified_current</description>
      <ExtendedData>
        <Data name="platformId"><value>2c911eaa-a276-47bc-92d8-447d166f2dfa</value></Data>
        <Data name="observedAt"><value>2026-08-26T07:48:19.067Z</value></Data>
        <Data name="locationQuality"><value>baseline_coordinate_id_verified_current</value></Data>
      </ExtendedData>
      <Point><coordinates>72.986282,19.220213,0</coordinates></Point>
    </Placemark>
    <Placemark>
      <name>GGN-Sector 62</name>
      <description>Gurugram · Haryana · service_area_seed_median_approximate</description>
      <ExtendedData>
        <Data name="platformId"><value>02d2c306-7699-434b-947e-88c99afc54f9</value></Data>
        <Data name="observedAt"><value>2026-08-26T07:47:22.630Z</value></Data>
        <Data name="locationQuality"><value>service_area_seed_median_approximate</value></Data>
      </ExtendedData>
      <Point><coordinates>77.073013,28.394653,0</coordinates></Point>
    </Placemark>
    <Placemark>
      <name>BLR-Hennur New</name>
      <description>Bengaluru · Karnataka · baseline_coordinate_id_verified_current</description>
      <ExtendedData>
        <Data name="platformId"><value>2d36aa4d-f410-4fd9-8b9b-cbfd02460e51</value></Data>
        <Data name="observedAt"><value>2026-08-26T07:46:41.872Z</value></Data>
        <Data name="locationQuality"><value>baseline_coordinate_id_verified_current</value></Data>
      </ExtendedData>
      <Point><coordinates>77.64591263,13.03859871,0</coordinates></Point>
    </Placemark>
    <Placemark>
      <name>MUM-Kharghar New</name>
      <description>Mumbai · Maharashtra · baseline_coordinate_id_verified_current</description>
      <ExtendedData>
        <Data name="platformId"><value>2d89c87c-884c-41c3-89bb-12f9dcddc03f</value></Data>
        <Data name="observedAt"><value>2026-08-26T07:45:31.286Z</value></Data>
        <Data name="locationQuality"><value>baseline_coordinate_id_verified_current</value></Data>
      </ExtendedData>
      <Point><coordinates>73.0677381108301,19.039497699869628,0</coordinates></Point>
    </Placemark>
    <Placemark>
      <name>BLR-Margosa road</name>
      <description>Bengaluru · Karnataka · service_area_seed_median_approximate</description>
      <ExtendedData>
        <Data name="platformId"><value>2ed5a568-da07-4497-b5c7-29237e478a38</value></Data>
        <Data name="observedAt"><value>2026-08-26T07:45:21.956Z</value></Data>
        <Data name="locationQuality"><value>service_area_seed_median_approximate</value></Data>
      </ExtendedData>
      <Point><coordinates>77.540878,13.010808,0</coordinates></Point>
    </Placemark>
    <Placemark>
      <name>BLR-BTM Layout Network-3</name>
      <description>Bengaluru · Karnataka · baseline_coordinate_id_verified_current</description>
      <ExtendedData>
        <Data name="platformId"><value>796c71f3-568e-4d6d-8767-87285ad4f23a</value></Data>
        <Data name="observedAt"><value>2026-08-26T07:48:13.794Z</value></Data>
        <Data name="locationQuality"><value>baseline_coordinate_id_verified_current</value></Data>
      </ExtendedData>
      <Point><coordinates>77.61740928,12.92504226,0</coordinates></Point>
    </Placemark>
    <Placemark>
      <name>Zepto 3cd244d7-9f76-467e-b4ab-0d7123ebd606</name>
      <description>Noida · service_area_seed_median_approximate</description>
      <ExtendedData>
        <Data name="platformId"><value>3cd244d7-9f76-467e-b4ab-0d7123ebd606</value></Data>
        <Data name="observedAt"><value>2026-08-26T07:48:11.284Z</value></Data>
        <Data name="locationQuality"><value>service_area_seed_median_approximate</value></Data>
      </ExtendedData>
      <Point><coordinates>77.38777472479049,28.583612,0</coordinates></Point>
    </Placemark>
    <Placemark>
      <name>DEL-Connaught Place</name>
      <description>Delhi · Delhi · baseline_coordinate_id_verified_current</description>
      <ExtendedData>
        <Data name="platformId"><value>3d03e7a7-4ded-458a-9349-2978cd333ef0</value></Data>
        <Data name="observedAt"><value>2026-08-26T07:48:00.963Z</value></Data>
        <Data name="locationQuality"><value>baseline_coordinate_id_verified_current</value></Data>
      </ExtendedData>
      <Point><coordinates>77.234596,28.641493,0</coordinates></Point>
    </Placemark>
    <Placemark>
      <name>Zepto 3d914942-fcf7-4222-8029-aff9d8ee3743</name>
      <description>Noida · service_area_seed_median_approximate</description>
      <ExtendedData>
        <Data name="platformId"><value>3d914942-fcf7-4222-8029-aff9d8ee3743</value></Data>
        <Data name="observedAt"><value>2026-08-26T07:46:42.147Z</value></Data>
        <Data name="locationQuality"><value>service_area_seed_median_approximate</value></Data>
      </ExtendedData>
      <Point><coordinates>77.38772202116459,28.51261311686975,0</coordinates></Point>
    </Placemark>
    <Placemark>
      <name>NOD-Vaidpura</name>
      <description>Noida · Uttar Pradesh · baseline_coordinate_id_verified_current</description>
      <ExtendedData>
        <Data name="platformId"><value>3dbc1d3e-adfe-47b7-92f8-511a7007b9b7</value></Data>
        <Data name="observedAt"><value>2026-08-26T07:46:34.759Z</value></Data>
        <Data name="locationQuality"><value>baseline_coordinate_id_verified_current</value></Data>
      </ExtendedData>
      <Point><coordinates>77.486582,28.571107,0</coordinates></Point>
    </Placemark>
    <Placemark>
      <name>Zepto 6cf381cd-d178-4bd1-8018-14218a4c0c0d</name>
      <description>Bengaluru · service_area_seed_median_approximate</description>
      <ExtendedData>
        <Data name="platformId"><value>6cf381cd-d178-4bd1-8018-14218a4c0c0d</value></Data>
        <Data name="observedAt"><value>2026-08-26T07:47:59.795Z</value></Data>
        <Data name="locationQuality"><value>service_area_seed_median_approximate</value></Data>
      </ExtendedData>
      <Point><coordinates>77.682389,12.931722,0</coordinates></Point>
    </Placemark>
    <Placemark>
      <name>Zepto 3f23fe21-69e5-4b46-9e90-809b609a3131</name>
      <description>Delhi · service_area_seed_median_approximate</description>
      <ExtendedData>
        <Data name="platformId"><value>3f23fe21-69e5-4b46-9e90-809b609a3131</value></Data>
        <Data name="observedAt"><value>2026-08-26T07:47:30.396Z</value></Data>
        <Data name="locationQuality"><value>service_area_seed_median_approximate</value></Data>
      </ExtendedData>
      <Point><coordinates>77.2105041,28.50126125,0</coordinates></Point>
    </Placemark>
    <Placemark>
      <name>BLR-SHIVAJI NAGAR Network</name>
      <description>Bengaluru · Karnataka · service_area_seed_median_approximate</description>
      <ExtendedData>
        <Data name="platformId"><value>3fdf2ec3-0ac0-4e8d-a7f0-e184ef12fbe6</value></Data>
        <Data name="observedAt"><value>2026-08-26T07:46:03.022Z</value></Data>
        <Data name="locationQuality"><value>service_area_seed_median_approximate</value></Data>
      </ExtendedData>
      <Point><coordinates>77.5695793,13.0059977,0</coordinates></Point>
    </Placemark>
    <Placemark>
      <name>BLR-Kalyan Nagar Network</name>
      <description>Bengaluru · Karnataka · service_area_seed_median_approximate</description>
      <ExtendedData>
        <Data name="platformId"><value>4b085c97-667a-4149-ade7-d61c8a7fa42f</value></Data>
        <Data name="observedAt"><value>2026-08-26T07:47:21.501Z</value></Data>
        <Data name="locationQuality"><value>service_area_seed_median_approximate</value></Data>
      </ExtendedData>
      <Point><coordinates>77.60470372883509,12.996020289674638,0</coordinates></Point>
    </Placemark>
    <Placemark>
      <name>DEL-Munirka</name>
      <description>Delhi · Delhi · baseline_coordinate_id_verified_current</description>
      <ExtendedData>
        <Data name="platformId"><value>4b54927e-5c54-4564-8c9f-1e518e6488e3</value></Data>
        <Data name="observedAt"><value>2026-08-26T07:44:53.769Z</value></Data>
        <Data name="locationQuality"><value>baseline_coordinate_id_verified_current</value></Data>
      </ExtendedData>
      <Point><coordinates>77.173222,28.556305,0</coordinates></Point>
    </Placemark>
    <Placemark>
      <name>Zepto 4c93e224-40da-4c86-a5ff-c9c2cfee1168</name>
      <description>Hyderabad · service_area_seed_median_approximate</description>
      <ExtendedData>
        <Data name="platformId"><value>4c93e224-40da-4c86-a5ff-c9c2cfee1168</value></Data>
        <Data name="observedAt"><value>2026-08-26T07:48:22.737Z</value></Data>
        <Data name="locationQuality"><value>service_area_seed_median_approximate</value></Data>
      </ExtendedData>
      <Point><coordinates>78.42397051,17.48126386,0</coordinates></Point>
    </Placemark>
    <Placemark>
      <name>FBD-Saini Mohalla</name>
      <description>Faridabad · Haryana · baseline_coordinate_id_verified_current</description>
      <ExtendedData>
        <Data name="platformId"><value>04c98d7c-c6bf-41f6-8d43-dc50e7c0edb1</value></Data>
        <Data name="observedAt"><value>2026-08-26T07:44:26.659Z</value></Data>
        <Data name="locationQuality"><value>baseline_coordinate_id_verified_current</value></Data>
      </ExtendedData>
      <Point><coordinates>77.3357423,28.3270814,0</coordinates></Point>
    </Placemark>
    <Placemark>
      <name>MUM-Runwal Garden</name>
      <description>Mumbai · Maharashtra · baseline_coordinate_id_verified_current</description>
      <ExtendedData>
        <Data name="platformId"><value>4d6a1ca0-2dde-48ae-9524-d0a2bf803f7c</value></Data>
        <Data name="observedAt"><value>2026-08-26T07:46:59.102Z</value></Data>
        <Data name="locationQuality"><value>baseline_coordinate_id_verified_current</value></Data>
      </ExtendedData>
      <Point><coordinates>73.0941626,19.1885767,0</coordinates></Point>
    </Placemark>
    <Placemark>
      <name>DEL-Sultanpuri</name>
      <description>Delhi · Delhi · baseline_coordinate_id_verified_current</description>
      <ExtendedData>
        <Data name="platformId"><value>4de81c28-7ac9-4ad6-80e4-b812ed475261</value></Data>
        <Data name="observedAt"><value>2026-08-26T07:47:53.964Z</value></Data>
        <Data name="locationQuality"><value>baseline_coordinate_id_verified_current</value></Data>
      </ExtendedData>
      <Point><coordinates>77.05831739607602,28.695932092689418,0</coordinates></Point>
    </Placemark>
    <Placemark>
      <name>BLR-Narayanapura</name>
      <description>Bengaluru · Karnataka · service_area_seed_median_approximate</description>
      <ExtendedData>
        <Data name="platformId"><value>5a7da89a-1be1-430e-b00e-8a1c71f66e82</value></Data>
        <Data name="observedAt"><value>2026-08-26T07:46:25.612Z</value></Data>
        <Data name="locationQuality"><value>service_area_seed_median_approximate</value></Data>
      </ExtendedData>
      <Point><coordinates>77.64375553773301,13.079770738761654,0</coordinates></Point>
    </Placemark>
    <Placemark>
      <name>NOD-Sector 93</name>
      <description>Noida · Uttar Pradesh · baseline_coordinate_id_verified_current</description>
      <ExtendedData>
        <Data name="platformId"><value>5a8602ea-7595-466b-bb0d-8ab128a663e0</value></Data>
        <Data name="observedAt"><value>2026-08-26T07:46:39.819Z</value></Data>
        <Data name="locationQuality"><value>baseline_coordinate_id_verified_current</value></Data>
      </ExtendedData>
      <Point><coordinates>77.3852765423292,28.5207326770714,0</coordinates></Point>
    </Placemark>
    <Placemark>
      <name>BLR-Ullal</name>
      <description>Bengaluru · Karnataka · baseline_coordinate_id_verified_current</description>
      <ExtendedData>
        <Data name="platformId"><value>5a365997-32ca-4016-a42c-7108b5701d65</value></Data>
        <Data name="observedAt"><value>2026-08-26T07:46:36.408Z</value></Data>
        <Data name="locationQuality"><value>baseline_coordinate_id_verified_current</value></Data>
      </ExtendedData>
      <Point><coordinates>77.479896,12.958532,0</coordinates></Point>
    </Placemark>
    <Placemark>
      <name>Zepto 5c0fc39e-c234-49c0-ab86-52cd7733e89c</name>
      <description>Hyderabad · service_area_seed_median_approximate</description>
      <ExtendedData>
        <Data name="platformId"><value>5c0fc39e-c234-49c0-ab86-52cd7733e89c</value></Data>
        <Data name="observedAt"><value>2026-08-26T07:45:27.149Z</value></Data>
        <Data name="locationQuality"><value>service_area_seed_median_approximate</value></Data>
      </ExtendedData>
      <Point><coordinates>78.594769,17.418034,0</coordinates></Point>
    </Placemark>
    <Placemark>
      <name>Zepto 5c78735a-a78d-4d43-8cb1-9ba75215f8a7</name>
      <description>Ghaziabad · service_area_seed_median_approximate</description>
      <ExtendedData>
        <Data name="platformId"><value>5c78735a-a78d-4d43-8cb1-9ba75215f8a7</value></Data>
        <Data name="observedAt"><value>2026-08-26T07:48:23.488Z</value></Data>
        <Data name="locationQuality"><value>service_area_seed_median_approximate</value></Data>
      </ExtendedData>
      <Point><coordinates>77.465348,28.696582499999998,0</coordinates></Point>
    </Placemark>
    <Placemark>
      <name>HYD-Hitech City Network</name>
      <description>Hyderabad · Telangana · baseline_coordinate_id_verified_current</description>
      <ExtendedData>
        <Data name="platformId"><value>5ca7734d-e625-4328-8588-a4a102966b36</value></Data>
        <Data name="observedAt"><value>2026-08-26T07:47:07.093Z</value></Data>
        <Data name="locationQuality"><value>baseline_coordinate_id_verified_current</value></Data>
      </ExtendedData>
      <Point><coordinates>78.35592404,17.44529653,0</coordinates></Point>
    </Placemark>
    <Placemark>
      <name>GGN-Sector 69 New</name>
      <description>Gurugram · Haryana · service_area_seed_median_approximate</description>
      <ExtendedData>
        <Data name="platformId"><value>5d205066-36a5-4929-982a-7571c60f876b</value></Data>
        <Data name="observedAt"><value>2026-08-26T07:44:56.165Z</value></Data>
        <Data name="locationQuality"><value>service_area_seed_median_approximate</value></Data>
      </ExtendedData>
      <Point><coordinates>77.02198,28.38621,0</coordinates></Point>
    </Placemark>
    <Placemark>
      <name>DEL - East of Kailash</name>
      <description>Delhi · Delhi · baseline_coordinate_id_verified_current</description>
      <ExtendedData>
        <Data name="platformId"><value>5dbd7e40-75db-452c-bd76-7dac3d7c0c0b</value></Data>
        <Data name="observedAt"><value>2026-08-26T07:46:33.516Z</value></Data>
        <Data name="locationQuality"><value>baseline_coordinate_id_verified_current</value></Data>
      </ExtendedData>
      <Point><coordinates>77.243605,28.554289,0</coordinates></Point>
    </Placemark>
    <Placemark>
      <name>HYD-Begumpet Network</name>
      <description>Hyderabad · Telangana · baseline_coordinate_id_verified_current</description>
      <ExtendedData>
        <Data name="platformId"><value>5dce0ecb-2c78-4578-92b8-b76780ec63bd</value></Data>
        <Data name="observedAt"><value>2026-08-26T07:45:15.145Z</value></Data>
        <Data name="locationQuality"><value>baseline_coordinate_id_verified_current</value></Data>
      </ExtendedData>
      <Point><coordinates>78.46286575,17.44463251,0</coordinates></Point>
    </Placemark>
    <Placemark>
      <name>HYD-Chandrayangutta</name>
      <description>Hyderabad · Telangana · service_area_seed_median_approximate</description>
      <ExtendedData>
        <Data name="platformId"><value>5eb1e899-1cb8-4374-a4de-69cf86cc36cc</value></Data>
        <Data name="observedAt"><value>2026-08-26T07:45:34.532Z</value></Data>
        <Data name="locationQuality"><value>service_area_seed_median_approximate</value></Data>
      </ExtendedData>
      <Point><coordinates>78.4500278,17.3256389,0</coordinates></Point>
    </Placemark>
    <Placemark>
      <name>DEL-Chattarpur Enclave</name>
      <description>Delhi · Delhi · baseline_coordinate_id_verified_current</description>
      <ExtendedData>
        <Data name="platformId"><value>5ee3f39d-3d7b-44b2-bbeb-b17e8457dc4e</value></Data>
        <Data name="observedAt"><value>2026-08-26T07:47:30.396Z</value></Data>
        <Data name="locationQuality"><value>baseline_coordinate_id_verified_current</value></Data>
      </ExtendedData>
      <Point><coordinates>77.1858712,28.5017175,0</coordinates></Point>
    </Placemark>
    <Placemark>
      <name>MUM-Bhandup New</name>
      <description>Mumbai · Maharashtra · baseline_coordinate_id_verified_current</description>
      <ExtendedData>
        <Data name="platformId"><value>5f5e8200-1796-4df9-9da6-3c80b0e3c6ce</value></Data>
        <Data name="observedAt"><value>2026-08-26T07:47:14.170Z</value></Data>
        <Data name="locationQuality"><value>baseline_coordinate_id_verified_current</value></Data>
      </ExtendedData>
      <Point><coordinates>72.9367809,19.1614372,0</coordinates></Point>
    </Placemark>
    <Placemark>
      <name>MUM-Pali Hill</name>
      <description>Mumbai · Maharashtra · service_area_seed_median_approximate</description>
      <ExtendedData>
        <Data name="platformId"><value>6ad459f8-927e-4a94-8a80-432502af0e8c</value></Data>
        <Data name="observedAt"><value>2026-08-26T07:46:26.784Z</value></Data>
        <Data name="locationQuality"><value>service_area_seed_median_approximate</value></Data>
      </ExtendedData>
      <Point><coordinates>72.8361652951062,19.086709685493346,0</coordinates></Point>
    </Placemark>
    <Placemark>
      <name>Zepto 6b1d82f8-b2ea-4e43-ae70-6f6bca1ec77a</name>
      <description>Bengaluru · service_area_seed_median_approximate</description>
      <ExtendedData>
        <Data name="platformId"><value>6b1d82f8-b2ea-4e43-ae70-6f6bca1ec77a</value></Data>
        <Data name="observedAt"><value>2026-08-26T07:48:26.296Z</value></Data>
        <Data name="locationQuality"><value>service_area_seed_median_approximate</value></Data>
      </ExtendedData>
      <Point><coordinates>77.652818865,13.02995553616228,0</coordinates></Point>
    </Placemark>
    <Placemark>
      <name>NOD-SECTOR 142 NETWORK NEW</name>
      <description>Noida · service_area_seed_median_approximate</description>
      <ExtendedData>
        <Data name="platformId"><value>6bd939bc-7b5a-47de-a0da-25b436e46853</value></Data>
        <Data name="observedAt"><value>2026-08-26T07:46:42.147Z</value></Data>
        <Data name="locationQuality"><value>service_area_seed_median_approximate</value></Data>
      </ExtendedData>
      <Point><coordinates>77.40230594794195,28.50348462833405,0</coordinates></Point>
    </Placemark>
    <Placemark>
      <name>Zepto 56d50978-df14-48ba-aec8-79644b36fd6a</name>
      <description>Hyderabad · service_area_seed_median_approximate</description>
      <ExtendedData>
        <Data name="platformId"><value>56d50978-df14-48ba-aec8-79644b36fd6a</value></Data>
        <Data name="observedAt"><value>2026-08-26T07:44:50.733Z</value></Data>
        <Data name="locationQuality"><value>service_area_seed_median_approximate</value></Data>
      </ExtendedData>
      <Point><coordinates>78.5207456,17.3671867,0</coordinates></Point>
    </Placemark>
    <Placemark>
      <name>GZB-Sanjay Nagar</name>
      <description>Ghaziabad · Uttar Pradesh · baseline_coordinate_id_verified_current</description>
      <ExtendedData>
        <Data name="platformId"><value>6e5b43c7-af2f-4b55-af47-72c69fb22bf9</value></Data>
        <Data name="observedAt"><value>2026-08-26T07:48:23.488Z</value></Data>
        <Data name="locationQuality"><value>baseline_coordinate_id_verified_current</value></Data>
      </ExtendedData>
      <Point><coordinates>77.454758,28.694916,0</coordinates></Point>
    </Placemark>
    <Placemark>
      <name>Zepto 681003a8-bce8-4481-980d-8253746471e6</name>
      <description>Delhi · service_area_seed_median_approximate</description>
      <ExtendedData>
        <Data name="platformId"><value>681003a8-bce8-4481-980d-8253746471e6</value></Data>
        <Data name="observedAt"><value>2026-08-26T07:48:04.409Z</value></Data>
        <Data name="locationQuality"><value>service_area_seed_median_approximate</value></Data>
      </ExtendedData>
      <Point><coordinates>77.05271,28.621997,0</coordinates></Point>
    </Placemark>
    <Placemark>
      <name>BLR-Yallapa Garden</name>
      <description>Bengaluru · Karnataka · baseline_coordinate_id_verified_current</description>
      <ExtendedData>
        <Data name="platformId"><value>6f08827d-5bea-4c32-8bea-ba8a34ae7ed9</value></Data>
        <Data name="observedAt"><value>2026-08-26T07:47:41.248Z</value></Data>
        <Data name="locationQuality"><value>baseline_coordinate_id_verified_current</value></Data>
      </ExtendedData>
      <Point><coordinates>77.5487921,12.983662,0</coordinates></Point>
    </Placemark>
    <Placemark>
      <name>HYD-Hill County</name>
      <description>Hyderabad · Telangana · baseline_coordinate_id_verified_current</description>
      <ExtendedData>
        <Data name="platformId"><value>6fdc556b-2daf-480a-b272-b48c18e4460c</value></Data>
        <Data name="observedAt"><value>2026-08-26T07:46:49.542Z</value></Data>
        <Data name="locationQuality"><value>baseline_coordinate_id_verified_current</value></Data>
      </ExtendedData>
      <Point><coordinates>78.37476449,17.52218217,0</coordinates></Point>
    </Placemark>
    <Placemark>
      <name>Zepto 07a6d7c0-aea9-434c-846e-9308e495db6a</name>
      <description>Bengaluru · service_area_seed_median_approximate</description>
      <ExtendedData>
        <Data name="platformId"><value>07a6d7c0-aea9-434c-846e-9308e495db6a</value></Data>
        <Data name="observedAt"><value>2026-08-26T07:47:39.613Z</value></Data>
        <Data name="locationQuality"><value>service_area_seed_median_approximate</value></Data>
      </ExtendedData>
      <Point><coordinates>77.607561,13.06662468,0</coordinates></Point>
    </Placemark>
    <Placemark>
      <name>HYD-RC Puram New</name>
      <description>Hyderabad · Telangana · baseline_coordinate_id_verified_current</description>
      <ExtendedData>
        <Data name="platformId"><value>7a85bcbe-fbfc-4ad8-be93-9da42c05a380</value></Data>
        <Data name="observedAt"><value>2026-08-26T07:47:28.024Z</value></Data>
        <Data name="locationQuality"><value>baseline_coordinate_id_verified_current</value></Data>
      </ExtendedData>
      <Point><coordinates>78.296639,17.530935,0</coordinates></Point>
    </Placemark>
    <Placemark>
      <name>Zepto 7a75116f-d14e-49b3-bfde-a6c2a4d180a7</name>
      <description>Pune · service_area_seed_median_approximate</description>
      <ExtendedData>
        <Data name="platformId"><value>7a75116f-d14e-49b3-bfde-a6c2a4d180a7</value></Data>
        <Data name="observedAt"><value>2026-08-26T07:47:49.277Z</value></Data>
        <Data name="locationQuality"><value>service_area_seed_median_approximate</value></Data>
      </ExtendedData>
      <Point><coordinates>73.943181875,18.5557625,0</coordinates></Point>
    </Placemark>
    <Placemark>
      <name>Zepto 7aad3d3f-1dcc-4bad-baeb-d0640bf7ab86</name>
      <description>Hyderabad · service_area_seed_median_approximate</description>
      <ExtendedData>
        <Data name="platformId"><value>7aad3d3f-1dcc-4bad-baeb-d0640bf7ab86</value></Data>
        <Data name="observedAt"><value>2026-08-26T07:47:59.011Z</value></Data>
        <Data name="locationQuality"><value>service_area_seed_median_approximate</value></Data>
      </ExtendedData>
      <Point><coordinates>78.56277324999999,17.34421648,0</coordinates></Point>
    </Placemark>
    <Placemark>
      <name>BLR-VIJAY NAGAR</name>
      <description>Bengaluru · Karnataka · service_area_seed_median_approximate</description>
      <ExtendedData>
        <Data name="platformId"><value>7c3e8dc3-8781-489c-a2c7-8f8f67149083</value></Data>
        <Data name="observedAt"><value>2026-08-26T07:46:18.600Z</value></Data>
        <Data name="locationQuality"><value>service_area_seed_median_approximate</value></Data>
      </ExtendedData>
      <Point><coordinates>77.554411,12.9531325,0</coordinates></Point>
    </Placemark>
    <Placemark>
      <name>PUN-Pimple Gaurav</name>
      <description>Pune · Maharashtra · baseline_coordinate_id_verified_current</description>
      <ExtendedData>
        <Data name="platformId"><value>7c05017d-f3fd-4845-9a6f-81e9f9a60231</value></Data>
        <Data name="observedAt"><value>2026-08-26T07:48:23.103Z</value></Data>
        <Data name="locationQuality"><value>baseline_coordinate_id_verified_current</value></Data>
      </ExtendedData>
      <Point><coordinates>73.82183101165676,18.586138533698357,0</coordinates></Point>
    </Placemark>
    <Placemark>
      <name>BLR-INDIRANAGAR NEW</name>
      <description>Bengaluru · Karnataka · baseline_coordinate_id_verified_current</description>
      <ExtendedData>
        <Data name="platformId"><value>7de4838b-ae7c-44d0-bf24-fb2040666654</value></Data>
        <Data name="observedAt"><value>2026-08-26T07:46:44.401Z</value></Data>
        <Data name="locationQuality"><value>baseline_coordinate_id_verified_current</value></Data>
      </ExtendedData>
      <Point><coordinates>77.645909,12.962298,0</coordinates></Point>
    </Placemark>
    <Placemark>
      <name>BLR-HSR Layout New</name>
      <description>Bengaluru · Karnataka · baseline_coordinate_id_verified_current</description>
      <ExtendedData>
        <Data name="platformId"><value>7e5a1821-59ed-4d8a-8431-a3705afb22d2</value></Data>
        <Data name="observedAt"><value>2026-08-26T07:45:30.153Z</value></Data>
        <Data name="locationQuality"><value>baseline_coordinate_id_verified_current</value></Data>
      </ExtendedData>
      <Point><coordinates>77.6439838767151,12.911832659657172,0</coordinates></Point>
    </Placemark>
    <Placemark>
      <name>BLR-Banashankari New</name>
      <description>Bengaluru · Karnataka · baseline_coordinate_id_verified_current</description>
      <ExtendedData>
        <Data name="platformId"><value>7ecd44a0-e376-4404-ba72-0210469bce81</value></Data>
        <Data name="observedAt"><value>2026-08-26T07:47:01.057Z</value></Data>
        <Data name="locationQuality"><value>baseline_coordinate_id_verified_current</value></Data>
      </ExtendedData>
      <Point><coordinates>77.539149,12.938726,0</coordinates></Point>
    </Placemark>
    <Placemark>
      <name>HYD-Charminar</name>
      <description>Hyderabad · Telangana · baseline_coordinate_id_verified_current</description>
      <ExtendedData>
        <Data name="platformId"><value>7ed513e4-0a4c-453d-9446-7ab609bafdbf</value></Data>
        <Data name="observedAt"><value>2026-08-26T07:47:00.217Z</value></Data>
        <Data name="locationQuality"><value>baseline_coordinate_id_verified_current</value></Data>
      </ExtendedData>
      <Point><coordinates>78.463435,17.362577,0</coordinates></Point>
    </Placemark>
    <Placemark>
      <name>DEL-JASOLA VIHAR New</name>
      <description>Delhi · service_area_seed_median_approximate</description>
      <ExtendedData>
        <Data name="platformId"><value>7ed44401-afcd-41bb-9122-fcfaa918a101</value></Data>
        <Data name="observedAt"><value>2026-08-26T07:46:10.124Z</value></Data>
        <Data name="locationQuality"><value>service_area_seed_median_approximate</value></Data>
      </ExtendedData>
      <Point><coordinates>77.29407257009703,28.54132768503261,0</coordinates></Point>
    </Placemark>
    <Placemark>
      <name>Zepto 8a278c72-1366-4926-b81e-ecc6e64df2a7</name>
      <description>Mumbai · service_area_seed_median_approximate</description>
      <ExtendedData>
        <Data name="platformId"><value>8a278c72-1366-4926-b81e-ecc6e64df2a7</value></Data>
        <Data name="observedAt"><value>2026-08-26T07:46:26.784Z</value></Data>
        <Data name="locationQuality"><value>service_area_seed_median_approximate</value></Data>
      </ExtendedData>
      <Point><coordinates>72.83964445308588,19.064434922169145,0</coordinates></Point>
    </Placemark>
    <Placemark>
      <name>Zepto 8c4a9155-85ec-409f-a9d8-84b193ec06ad</name>
      <description>Pune · service_area_seed_median_approximate</description>
      <ExtendedData>
        <Data name="platformId"><value>8c4a9155-85ec-409f-a9d8-84b193ec06ad</value></Data>
        <Data name="observedAt"><value>2026-08-26T07:46:47.343Z</value></Data>
        <Data name="locationQuality"><value>service_area_seed_median_approximate</value></Data>
      </ExtendedData>
      <Point><coordinates>73.77994865,18.573853,0</coordinates></Point>
    </Placemark>
    <Placemark>
      <name>GZB-Pratap Vihar</name>
      <description>Ghaziabad · Uttar Pradesh · baseline_coordinate_id_verified_current</description>
      <ExtendedData>
        <Data name="platformId"><value>08c4b285-4a72-4fe8-b25d-6d4b24982703</value></Data>
        <Data name="observedAt"><value>2026-08-26T07:46:56.310Z</value></Data>
        <Data name="locationQuality"><value>baseline_coordinate_id_verified_current</value></Data>
      </ExtendedData>
      <Point><coordinates>77.4010239,28.655726,0</coordinates></Point>
    </Placemark>
    <Placemark>
      <name>Zepto 8d94ae95-db29-44f7-b705-d533f7c66176</name>
      <description>Hyderabad · service_area_seed_median_approximate</description>
      <ExtendedData>
        <Data name="platformId"><value>8d94ae95-db29-44f7-b705-d533f7c66176</value></Data>
        <Data name="observedAt"><value>2026-08-26T07:47:28.252Z</value></Data>
        <Data name="locationQuality"><value>service_area_seed_median_approximate</value></Data>
      </ExtendedData>
      <Point><coordinates>78.3612617,17.53993,0</coordinates></Point>
    </Placemark>
    <Placemark>
      <name>Zepto 8dcc9bd0-fb05-42e9-96c7-ef15a999c522</name>
      <description>Hyderabad · service_area_seed_median_approximate</description>
      <ExtendedData>
        <Data name="platformId"><value>8dcc9bd0-fb05-42e9-96c7-ef15a999c522</value></Data>
        <Data name="observedAt"><value>2026-08-26T07:47:07.093Z</value></Data>
        <Data name="locationQuality"><value>service_area_seed_median_approximate</value></Data>
      </ExtendedData>
      <Point><coordinates>78.35928344726562,17.4644585227638,0</coordinates></Point>
    </Placemark>
    <Placemark>
      <name>Zepto 8dde3f32-eae6-42e2-a9cc-ada2f0a9d22f</name>
      <description>Delhi · service_area_seed_median_approximate</description>
      <ExtendedData>
        <Data name="platformId"><value>8dde3f32-eae6-42e2-a9cc-ada2f0a9d22f</value></Data>
        <Data name="observedAt"><value>2026-08-26T07:48:22.436Z</value></Data>
        <Data name="locationQuality"><value>service_area_seed_median_approximate</value></Data>
      </ExtendedData>
      <Point><coordinates>77.10423886866187,28.639074325561523,0</coordinates></Point>
    </Placemark>
    <Placemark>
      <name>MUM-MIRA ROAD NEW</name>
      <description>Mumbai · Maharashtra · baseline_coordinate_id_verified_current</description>
      <ExtendedData>
        <Data name="platformId"><value>8eec86a7-817c-4719-b317-7e2118611b1e</value></Data>
        <Data name="observedAt"><value>2026-08-26T07:48:20.136Z</value></Data>
        <Data name="locationQuality"><value>baseline_coordinate_id_verified_current</value></Data>
      </ExtendedData>
      <Point><coordinates>72.87677472690024,19.28087098763743,0</coordinates></Point>
    </Placemark>
    <Placemark>
      <name>PUN-RAVET</name>
      <description>Pune · Maharashtra · baseline_coordinate_id_verified_current</description>
      <ExtendedData>
        <Data name="platformId"><value>8f1d26b5-d168-42b5-9aa2-fc76bbd55a9f</value></Data>
        <Data name="observedAt"><value>2026-08-26T07:48:06.959Z</value></Data>
        <Data name="locationQuality"><value>baseline_coordinate_id_verified_current</value></Data>
      </ExtendedData>
      <Point><coordinates>73.75666901073262,18.64149294294968,0</coordinates></Point>
    </Placemark>
    <Placemark>
      <name>FBD- Sector-16</name>
      <description>Faridabad · Haryana · baseline_coordinate_id_verified_current</description>
      <ExtendedData>
        <Data name="platformId"><value>8f4404df-c3e2-4a76-9e9c-ade81e757c3e</value></Data>
        <Data name="observedAt"><value>2026-08-26T07:46:57.272Z</value></Data>
        <Data name="locationQuality"><value>baseline_coordinate_id_verified_current</value></Data>
      </ExtendedData>
      <Point><coordinates>77.314736,28.412155,0</coordinates></Point>
    </Placemark>
    <Placemark>
      <name>Zepto a5ff49ab-36f4-4aa6-b66e-de385f5d147b</name>
      <description>Delhi · service_area_seed_median_approximate</description>
      <ExtendedData>
        <Data name="platformId"><value>a5ff49ab-36f4-4aa6-b66e-de385f5d147b</value></Data>
        <Data name="observedAt"><value>2026-08-26T07:47:24.170Z</value></Data>
        <Data name="locationQuality"><value>service_area_seed_median_approximate</value></Data>
      </ExtendedData>
      <Point><coordinates>77.057077,28.603142,0</coordinates></Point>
    </Placemark>
    <Placemark>
      <name>PUN-Shewalewadi</name>
      <description>Pune · Maharashtra · baseline_coordinate_id_verified_current</description>
      <ExtendedData>
        <Data name="platformId"><value>9a3a478d-31f5-468f-b32a-d4324844b5b2</value></Data>
        <Data name="observedAt"><value>2026-08-26T07:48:14.847Z</value></Data>
        <Data name="locationQuality"><value>baseline_coordinate_id_verified_current</value></Data>
      </ExtendedData>
      <Point><coordinates>73.97044985,18.49587378,0</coordinates></Point>
    </Placemark>
    <Placemark>
      <name>BLR-Bagalur</name>
      <description>Bengaluru · Karnataka · baseline_coordinate_id_verified_current</description>
      <ExtendedData>
        <Data name="platformId"><value>9a06ad35-7abd-4a32-bb2d-ae5a46fb3620</value></Data>
        <Data name="observedAt"><value>2026-08-26T07:47:09.446Z</value></Data>
        <Data name="locationQuality"><value>baseline_coordinate_id_verified_current</value></Data>
      </ExtendedData>
      <Point><coordinates>77.62344754,13.12263575,0</coordinates></Point>
    </Placemark>
    <Placemark>
      <name>GGN-Sector66</name>
      <description>Gurugram · Haryana · baseline_coordinate_id_verified_current</description>
      <ExtendedData>
        <Data name="platformId"><value>9a51d2b1-9708-4648-a294-0f5a5909cf5a</value></Data>
        <Data name="observedAt"><value>2026-08-26T07:47:48.964Z</value></Data>
        <Data name="locationQuality"><value>baseline_coordinate_id_verified_current</value></Data>
      </ExtendedData>
      <Point><coordinates>77.059,28.40211,0</coordinates></Point>
    </Placemark>
    <Placemark>
      <name>MUM-Naupada</name>
      <description>Mumbai · Maharashtra · baseline_coordinate_id_verified_current</description>
      <ExtendedData>
        <Data name="platformId"><value>9a639073-d72a-4bf1-8bda-bc2840c817ef</value></Data>
        <Data name="observedAt"><value>2026-08-26T07:48:24.103Z</value></Data>
        <Data name="locationQuality"><value>baseline_coordinate_id_verified_current</value></Data>
      </ExtendedData>
      <Point><coordinates>72.97405999,19.19841478,0</coordinates></Point>
    </Placemark>
    <Placemark>
      <name>MUM-BORIVALI</name>
      <description>Mumbai · Maharashtra · baseline_coordinate_id_verified_current</description>
      <ExtendedData>
        <Data name="platformId"><value>9afa54f1-78a4-4ce7-a632-be8e99531cb0</value></Data>
        <Data name="observedAt"><value>2026-08-26T07:47:50.261Z</value></Data>
        <Data name="locationQuality"><value>baseline_coordinate_id_verified_current</value></Data>
      </ExtendedData>
      <Point><coordinates>72.86191728375213,19.253856205632722,0</coordinates></Point>
    </Placemark>
    <Placemark>
      <name>HYD-Kushaiguda</name>
      <description>Hyderabad · Telangana · service_area_seed_median_approximate</description>
      <ExtendedData>
        <Data name="platformId"><value>9b6c805a-0324-4d78-96c0-0e9c3dec81ff</value></Data>
        <Data name="observedAt"><value>2026-08-26T07:44:42.137Z</value></Data>
        <Data name="locationQuality"><value>service_area_seed_median_approximate</value></Data>
      </ExtendedData>
      <Point><coordinates>78.56183,17.48647,0</coordinates></Point>
    </Placemark>
    <Placemark>
      <name>Zepto 9bb503dd-63be-4b26-b2ba-8fe51192d2bd</name>
      <description>Delhi · service_area_seed_median_approximate</description>
      <ExtendedData>
        <Data name="platformId"><value>9bb503dd-63be-4b26-b2ba-8fe51192d2bd</value></Data>
        <Data name="observedAt"><value>2026-08-26T07:47:26.744Z</value></Data>
        <Data name="locationQuality"><value>service_area_seed_median_approximate</value></Data>
      </ExtendedData>
      <Point><coordinates>77.17396645,28.6729114,0</coordinates></Point>
    </Placemark>
    <Placemark>
      <name>GGN-Palam Vihar Network</name>
      <description>Gurugram · Haryana · baseline_coordinate_id_verified_current</description>
      <ExtendedData>
        <Data name="platformId"><value>9bfb7127-8a86-4de2-968a-e7cd9d1b8d51</value></Data>
        <Data name="observedAt"><value>2026-08-26T07:45:52.775Z</value></Data>
        <Data name="locationQuality"><value>baseline_coordinate_id_verified_current</value></Data>
      </ExtendedData>
      <Point><coordinates>77.038629,28.515994,0</coordinates></Point>
    </Placemark>
    <Placemark>
      <name>HYD-Alkapur township</name>
      <description>Hyderabad · Telangana · baseline_coordinate_id_verified_current</description>
      <ExtendedData>
        <Data name="platformId"><value>9c01eb65-1a76-4b02-985f-1eae1b8c2ca2</value></Data>
        <Data name="observedAt"><value>2026-08-26T07:46:14.661Z</value></Data>
        <Data name="locationQuality"><value>baseline_coordinate_id_verified_current</value></Data>
      </ExtendedData>
      <Point><coordinates>78.36725,17.397111,0</coordinates></Point>
    </Placemark>
    <Placemark>
      <name>PUN-Fatima Nagar</name>
      <description>Pune · Maharashtra · baseline_coordinate_id_verified_current</description>
      <ExtendedData>
        <Data name="platformId"><value>9ede85f3-c387-40b0-a6c7-fa07f64da718</value></Data>
        <Data name="observedAt"><value>2026-08-26T07:48:24.944Z</value></Data>
        <Data name="locationQuality"><value>baseline_coordinate_id_verified_current</value></Data>
      </ExtendedData>
      <Point><coordinates>73.9028,18.50661,0</coordinates></Point>
    </Placemark>
    <Placemark>
      <name>MUM-Ulwe</name>
      <description>Mumbai · Maharashtra · baseline_coordinate_id_verified_current</description>
      <ExtendedData>
        <Data name="platformId"><value>10a970cf-668a-4633-9641-bd1e37fba249</value></Data>
        <Data name="observedAt"><value>2026-08-26T07:46:12.426Z</value></Data>
        <Data name="locationQuality"><value>baseline_coordinate_id_verified_current</value></Data>
      </ExtendedData>
      <Point><coordinates>73.02217593239014,18.96591558271774,0</coordinates></Point>
    </Placemark>
    <Placemark>
      <name>Zepto dccddf98-bc2f-4ca7-810e-93d59cca7ec2</name>
      <description>Bengaluru · service_area_seed_median_approximate</description>
      <ExtendedData>
        <Data name="platformId"><value>dccddf98-bc2f-4ca7-810e-93d59cca7ec2</value></Data>
        <Data name="observedAt"><value>2026-08-26T07:45:54.205Z</value></Data>
        <Data name="locationQuality"><value>service_area_seed_median_approximate</value></Data>
      </ExtendedData>
      <Point><coordinates>77.71066,12.98497,0</coordinates></Point>
    </Placemark>
    <Placemark>
      <name>MUM-Kandivali West New</name>
      <description>Mumbai · Maharashtra · baseline_coordinate_id_verified_current</description>
      <ExtendedData>
        <Data name="platformId"><value>d50a3a1a-4ab0-4a0e-b87d-e032776daff9</value></Data>
        <Data name="observedAt"><value>2026-08-26T07:47:27.285Z</value></Data>
        <Data name="locationQuality"><value>baseline_coordinate_id_verified_current</value></Data>
      </ExtendedData>
      <Point><coordinates>72.82723531,19.20472507,0</coordinates></Point>
    </Placemark>
    <Placemark>
      <name>HYD-Mallampet</name>
      <description>Hyderabad · Telangana · baseline_coordinate_id_verified_current</description>
      <ExtendedData>
        <Data name="platformId"><value>29f978f1-5bc3-4358-a811-4b817ebebfcb</value></Data>
        <Data name="observedAt"><value>2026-08-26T07:47:28.252Z</value></Data>
        <Data name="locationQuality"><value>baseline_coordinate_id_verified_current</value></Data>
      </ExtendedData>
      <Point><coordinates>78.3612617,17.5585283,0</coordinates></Point>
    </Placemark>
    <Placemark>
      <name>Zepto 94f50df3-fb2e-4c36-ad6f-8a00bfd1c6af</name>
      <description>Delhi · service_area_seed_median_approximate</description>
      <ExtendedData>
        <Data name="platformId"><value>94f50df3-fb2e-4c36-ad6f-8a00bfd1c6af</value></Data>
        <Data name="observedAt"><value>2026-08-26T07:47:24.790Z</value></Data>
        <Data name="locationQuality"><value>service_area_seed_median_approximate</value></Data>
      </ExtendedData>
      <Point><coordinates>77.189055,28.567889,0</coordinates></Point>
    </Placemark>
    <Placemark>
      <name>Zepto 33a1d02e-1bb7-44cc-8d38-9697bcc23dba</name>
      <description>Hyderabad · service_area_seed_median_approximate</description>
      <ExtendedData>
        <Data name="platformId"><value>33a1d02e-1bb7-44cc-8d38-9697bcc23dba</value></Data>
        <Data name="observedAt"><value>2026-08-26T07:47:48.451Z</value></Data>
        <Data name="locationQuality"><value>service_area_seed_median_approximate</value></Data>
      </ExtendedData>
      <Point><coordinates>78.492063,17.3948246,0</coordinates></Point>
    </Placemark>
    <Placemark>
      <name>DEL-Greater Kailash</name>
      <description>Delhi · service_area_seed_median_approximate</description>
      <ExtendedData>
        <Data name="platformId"><value>34af034f-74b8-4fa1-a931-3c25375f374f</value></Data>
        <Data name="observedAt"><value>2026-08-26T07:48:05.214Z</value></Data>
        <Data name="locationQuality"><value>service_area_seed_median_approximate</value></Data>
      </ExtendedData>
      <Point><coordinates>77.223434,28.535521,0</coordinates></Point>
    </Placemark>
    <Placemark>
      <name>Zepto 34d81293-1443-44be-9db9-043f95f184ee</name>
      <description>Pune · service_area_seed_median_approximate</description>
      <ExtendedData>
        <Data name="platformId"><value>34d81293-1443-44be-9db9-043f95f184ee</value></Data>
        <Data name="observedAt"><value>2026-08-26T07:48:06.959Z</value></Data>
        <Data name="locationQuality"><value>service_area_seed_median_approximate</value></Data>
      </ExtendedData>
      <Point><coordinates>73.75666901073262,18.655707373541116,0</coordinates></Point>
    </Placemark>
    <Placemark>
      <name>HYD-Manikonda Network 2</name>
      <description>Hyderabad · Telangana · baseline_coordinate_id_verified_current</description>
      <ExtendedData>
        <Data name="platformId"><value>36cd2c76-4ad6-4cb7-8ee2-beebba1d15ad</value></Data>
        <Data name="observedAt"><value>2026-08-26T07:47:30.932Z</value></Data>
        <Data name="locationQuality"><value>baseline_coordinate_id_verified_current</value></Data>
      </ExtendedData>
      <Point><coordinates>78.377369,17.41368,0</coordinates></Point>
    </Placemark>
    <Placemark>
      <name>BLR-Junnasandra</name>
      <description>Bengaluru · Karnataka · service_area_seed_median_approximate</description>
      <ExtendedData>
        <Data name="platformId"><value>64ce964a-4464-4cc7-b726-d6befbaa27f9</value></Data>
        <Data name="observedAt"><value>2026-08-26T07:46:31.036Z</value></Data>
        <Data name="locationQuality"><value>service_area_seed_median_approximate</value></Data>
      </ExtendedData>
      <Point><coordinates>77.678337,12.899348,0</coordinates></Point>
    </Placemark>
    <Placemark>
      <name>MUM-Andheri West Network 2 New</name>
      <description>Mumbai · Maharashtra · service_area_seed_median_approximate</description>
      <ExtendedData>
        <Data name="platformId"><value>39b60f5b-f69b-4664-8c1b-31dbb40c63d8</value></Data>
        <Data name="observedAt"><value>2026-08-26T07:47:51.119Z</value></Data>
        <Data name="locationQuality"><value>service_area_seed_median_approximate</value></Data>
      </ExtendedData>
      <Point><coordinates>72.8500343,19.1363314,0</coordinates></Point>
    </Placemark>
    <Placemark>
      <name>DEL-Mayapuri</name>
      <description>Delhi · Delhi · baseline_coordinate_id_verified_current</description>
      <ExtendedData>
        <Data name="platformId"><value>42d58798-26cc-429a-aea6-92dbbecae776</value></Data>
        <Data name="observedAt"><value>2026-08-26T07:47:34.870Z</value></Data>
        <Data name="locationQuality"><value>baseline_coordinate_id_verified_current</value></Data>
      </ExtendedData>
      <Point><coordinates>77.118918,28.624069,0</coordinates></Point>
    </Placemark>
    <Placemark>
      <name>HYD-Vivekanand Nagar Network</name>
      <description>Hyderabad · Telangana · service_area_seed_median_approximate</description>
      <ExtendedData>
        <Data name="platformId"><value>43b12c97-dc99-431a-9ba3-e3cde9c716bb</value></Data>
        <Data name="observedAt"><value>2026-08-26T07:44:47.977Z</value></Data>
        <Data name="locationQuality"><value>service_area_seed_median_approximate</value></Data>
      </ExtendedData>
      <Point><coordinates>78.428032,17.526245,0</coordinates></Point>
    </Placemark>
    <Placemark>
      <name>GZB-Shastri nagar</name>
      <description>Ghaziabad · Uttar Pradesh · service_area_seed_median_approximate</description>
      <ExtendedData>
        <Data name="platformId"><value>47a77387-059f-44fc-be76-a81b7ff97e0a</value></Data>
        <Data name="observedAt"><value>2026-08-26T07:47:54.250Z</value></Data>
        <Data name="locationQuality"><value>service_area_seed_median_approximate</value></Data>
      </ExtendedData>
      <Point><coordinates>77.475938,28.677582,0</coordinates></Point>
    </Placemark>
    <Placemark>
      <name>FBD-Sector 31</name>
      <description>Faridabad · Haryana · service_area_seed_median_approximate</description>
      <ExtendedData>
        <Data name="platformId"><value>48c6fc6b-daa9-4795-a1d7-a1a424e74009</value></Data>
        <Data name="observedAt"><value>2026-08-26T07:45:02.038Z</value></Data>
        <Data name="locationQuality"><value>service_area_seed_median_approximate</value></Data>
      </ExtendedData>
      <Point><coordinates>77.347755,28.411383,0</coordinates></Point>
    </Placemark>
    <Placemark>
      <name>PUN-Nimbalkar Nagar</name>
      <description>Pune · Maharashtra · baseline_coordinate_id_verified_current</description>
      <ExtendedData>
        <Data name="platformId"><value>53aeab86-e3e6-4183-bc51-da47cf967c24</value></Data>
        <Data name="observedAt"><value>2026-08-26T07:47:36.523Z</value></Data>
        <Data name="locationQuality"><value>baseline_coordinate_id_verified_current</value></Data>
      </ExtendedData>
      <Point><coordinates>73.91337568792511,18.612473894286158,0</coordinates></Point>
    </Placemark>
    <Placemark>
      <name>GGN-Sector-45</name>
      <description>Gurugram · Haryana · baseline_coordinate_id_verified_current</description>
      <ExtendedData>
        <Data name="platformId"><value>53e2e572-473e-4948-a71f-02590a60f747</value></Data>
        <Data name="observedAt"><value>2026-08-26T07:47:34.269Z</value></Data>
        <Data name="locationQuality"><value>baseline_coordinate_id_verified_current</value></Data>
      </ExtendedData>
      <Point><coordinates>77.06840927,28.44781985,0</coordinates></Point>
    </Placemark>
    <Placemark>
      <name>DEL-Ghitorni</name>
      <description>Delhi · Delhi · baseline_coordinate_id_verified_current</description>
      <ExtendedData>
        <Data name="platformId"><value>55bbe2f9-33f4-4ce0-a864-9730284b2a7c</value></Data>
        <Data name="observedAt"><value>2026-08-26T07:47:58.228Z</value></Data>
        <Data name="locationQuality"><value>baseline_coordinate_id_verified_current</value></Data>
      </ExtendedData>
      <Point><coordinates>77.145755,28.494128,0</coordinates></Point>
    </Placemark>
    <Placemark>
      <name>BLR-Tippenahalli</name>
      <description>Bengaluru · Karnataka · service_area_seed_median_approximate</description>
      <ExtendedData>
        <Data name="platformId"><value>56a84923-c0a2-48e2-8038-22b142c59fff</value></Data>
        <Data name="observedAt"><value>2026-08-26T07:48:18.389Z</value></Data>
        <Data name="locationQuality"><value>service_area_seed_median_approximate</value></Data>
      </ExtendedData>
      <Point><coordinates>77.50877381196612,13.045490242155392,0</coordinates></Point>
    </Placemark>
    <Placemark>
      <name>DEL-ROHINI Sector 15 Network</name>
      <description>Delhi · Delhi · baseline_coordinate_id_verified_current</description>
      <ExtendedData>
        <Data name="platformId"><value>56c431da-a864-4121-be49-15e003139701</value></Data>
        <Data name="observedAt"><value>2026-08-26T07:47:12.210Z</value></Data>
        <Data name="locationQuality"><value>baseline_coordinate_id_verified_current</value></Data>
      </ExtendedData>
      <Point><coordinates>77.123118,28.743214,0</coordinates></Point>
    </Placemark>
    <Placemark>
      <name>Zepto 57a0c2ae-1cf1-4c4a-99eb-eb2e19864075</name>
      <description>Ghaziabad · service_area_seed_median_approximate</description>
      <ExtendedData>
        <Data name="platformId"><value>57a0c2ae-1cf1-4c4a-99eb-eb2e19864075</value></Data>
        <Data name="observedAt"><value>2026-08-26T07:48:26.519Z</value></Data>
        <Data name="locationQuality"><value>service_area_seed_median_approximate</value></Data>
      </ExtendedData>
      <Point><coordinates>77.32201,28.701712,0</coordinates></Point>
    </Placemark>
    <Placemark>
      <name>DEL-PITAMPURA NEW</name>
      <description>Delhi · Delhi · baseline_coordinate_id_verified_current</description>
      <ExtendedData>
        <Data name="platformId"><value>57fbfbc2-6ec0-4465-aff3-81e771faf303</value></Data>
        <Data name="observedAt"><value>2026-08-26T07:45:40.568Z</value></Data>
        <Data name="locationQuality"><value>baseline_coordinate_id_verified_current</value></Data>
      </ExtendedData>
      <Point><coordinates>77.134438,28.690002,0</coordinates></Point>
    </Placemark>
    <Placemark>
      <name>Zepto eacc5aad-4e93-4266-8cde-bee3b70926a8</name>
      <description>Bengaluru · service_area_seed_median_approximate</description>
      <ExtendedData>
        <Data name="platformId"><value>eacc5aad-4e93-4266-8cde-bee3b70926a8</value></Data>
        <Data name="observedAt"><value>2026-08-26T07:47:09.446Z</value></Data>
        <Data name="locationQuality"><value>service_area_seed_median_approximate</value></Data>
      </ExtendedData>
      <Point><coordinates>77.63013442,13.10307433,0</coordinates></Point>
    </Placemark>
    <Placemark>
      <name>BLR-BEML Layout</name>
      <description>Bengaluru · Karnataka · baseline_coordinate_id_verified_current</description>
      <ExtendedData>
        <Data name="platformId"><value>58c8d052-7d22-4240-a853-91638fbc3736</value></Data>
        <Data name="observedAt"><value>2026-08-26T07:47:36.224Z</value></Data>
        <Data name="locationQuality"><value>baseline_coordinate_id_verified_current</value></Data>
      </ExtendedData>
      <Point><coordinates>77.49891252,12.91703243,0</coordinates></Point>
    </Placemark>
    <Placemark>
      <name>Zepto 0059ff6a-7eb0-477a-a7f5-69256f2c444b</name>
      <description>Bengaluru · service_area_seed_median_approximate</description>
      <ExtendedData>
        <Data name="platformId"><value>0059ff6a-7eb0-477a-a7f5-69256f2c444b</value></Data>
        <Data name="observedAt"><value>2026-08-26T07:47:44.520Z</value></Data>
        <Data name="locationQuality"><value>service_area_seed_median_approximate</value></Data>
      </ExtendedData>
      <Point><coordinates>77.7567361,12.985140345,0</coordinates></Point>
    </Placemark>
    <Placemark>
      <name>HYD-Secunderabad Network</name>
      <description>Hyderabad · Telangana · baseline_coordinate_id_verified_current</description>
      <ExtendedData>
        <Data name="platformId"><value>63e388dc-b10f-48eb-9ee5-4f680d5b8824</value></Data>
        <Data name="observedAt"><value>2026-08-26T07:47:44.776Z</value></Data>
        <Data name="locationQuality"><value>baseline_coordinate_id_verified_current</value></Data>
      </ExtendedData>
      <Point><coordinates>78.5314167,17.4494167,0</coordinates></Point>
    </Placemark>
    <Placemark>
      <name>DEL-Khizrabad</name>
      <description>Delhi · Delhi · baseline_coordinate_id_verified_current</description>
      <ExtendedData>
        <Data name="platformId"><value>65b4f18b-34d3-43f7-a3ce-361471b15345</value></Data>
        <Data name="observedAt"><value>2026-08-26T07:48:08.334Z</value></Data>
        <Data name="locationQuality"><value>baseline_coordinate_id_verified_current</value></Data>
      </ExtendedData>
      <Point><coordinates>77.2759,28.572,0</coordinates></Point>
    </Placemark>
    <Placemark>
      <name>PUN-Nanded City</name>
      <description>Pune · Maharashtra · baseline_coordinate_id_verified_current</description>
      <ExtendedData>
        <Data name="platformId"><value>68e86539-d883-4fc2-b735-0ab599643721</value></Data>
        <Data name="observedAt"><value>2026-08-26T07:47:41.473Z</value></Data>
        <Data name="locationQuality"><value>baseline_coordinate_id_verified_current</value></Data>
      </ExtendedData>
      <Point><coordinates>73.7871816953419,18.457239051081153,0</coordinates></Point>
    </Placemark>
    <Placemark>
      <name>DEL-Karol Bagh Main New</name>
      <description>Delhi · Delhi · service_area_seed_median_approximate</description>
      <ExtendedData>
        <Data name="platformId"><value>70bbc5c2-af73-43f1-a5ee-e76a9ca9019f</value></Data>
        <Data name="observedAt"><value>2026-08-26T07:47:25.145Z</value></Data>
        <Data name="locationQuality"><value>service_area_seed_median_approximate</value></Data>
      </ExtendedData>
      <Point><coordinates>77.19581,28.685858,0</coordinates></Point>
    </Placemark>
    <Placemark>
      <name>PUN-Pimple Saudagar Network</name>
      <description>Pune · Maharashtra · service_area_seed_median_approximate</description>
      <ExtendedData>
        <Data name="platformId"><value>74dfeece-0ec5-4b41-a83b-576add66078e</value></Data>
        <Data name="observedAt"><value>2026-08-26T07:46:53.238Z</value></Data>
        <Data name="locationQuality"><value>service_area_seed_median_approximate</value></Data>
      </ExtendedData>
      <Point><coordinates>73.74694864779823,18.58962081705348,0</coordinates></Point>
    </Placemark>
    <Placemark>
      <name>BLR-Gunjur New</name>
      <description>Bengaluru · service_area_seed_median_approximate</description>
      <ExtendedData>
        <Data name="platformId"><value>cc2189ac-d6e4-4b5c-9c3f-1f98470e9b1b</value></Data>
        <Data name="observedAt"><value>2026-08-26T07:45:22.268Z</value></Data>
        <Data name="locationQuality"><value>service_area_seed_median_approximate</value></Data>
      </ExtendedData>
      <Point><coordinates>77.7380822,12.9286633,0</coordinates></Point>
    </Placemark>
    <Placemark>
      <name>Zepto 477d50e9-2c13-435c-8db4-dd0077b4ab2e</name>
      <description>Hyderabad · service_area_seed_median_approximate</description>
      <ExtendedData>
        <Data name="platformId"><value>477d50e9-2c13-435c-8db4-dd0077b4ab2e</value></Data>
        <Data name="observedAt"><value>2026-08-26T07:48:20.447Z</value></Data>
        <Data name="locationQuality"><value>service_area_seed_median_approximate</value></Data>
      </ExtendedData>
      <Point><coordinates>78.45113748124795,17.414844406474053,0</coordinates></Point>
    </Placemark>
    <Placemark>
      <name>PUN-Undri</name>
      <description>Pune · Maharashtra · baseline_coordinate_id_verified_current</description>
      <ExtendedData>
        <Data name="platformId"><value>77b4900a-7b8f-4a89-8c76-6731c578aa95</value></Data>
        <Data name="observedAt"><value>2026-08-26T07:48:02.134Z</value></Data>
        <Data name="locationQuality"><value>baseline_coordinate_id_verified_current</value></Data>
      </ExtendedData>
      <Point><coordinates>73.91126582509955,18.449040068334885,0</coordinates></Point>
    </Placemark>
    <Placemark>
      <name>NOD-Sector 62</name>
      <description>Noida · service_area_seed_median_approximate</description>
      <ExtendedData>
        <Data name="platformId"><value>dec6523a-5f38-4de3-9c54-97a50f462913</value></Data>
        <Data name="observedAt"><value>2026-08-26T07:45:53.925Z</value></Data>
        <Data name="locationQuality"><value>service_area_seed_median_approximate</value></Data>
      </ExtendedData>
      <Point><coordinates>77.3796475,28.6047735,0</coordinates></Point>
    </Placemark>
    <Placemark>
      <name>BLR-Richmond Town Network</name>
      <description>Bengaluru · Karnataka · service_area_seed_median_approximate</description>
      <ExtendedData>
        <Data name="platformId"><value>83aac9aa-1afa-4758-a0a4-948e3720d4fc</value></Data>
        <Data name="observedAt"><value>2026-08-26T07:46:03.663Z</value></Data>
        <Data name="locationQuality"><value>service_area_seed_median_approximate</value></Data>
      </ExtendedData>
      <Point><coordinates>77.60692111743604,12.966376175570629,0</coordinates></Point>
    </Placemark>
    <Placemark>
      <name>HYD-Attapur</name>
      <description>Hyderabad · Telangana · baseline_coordinate_id_verified_current</description>
      <ExtendedData>
        <Data name="platformId"><value>83e33858-a13f-4c67-a016-07de0cce8043</value></Data>
        <Data name="observedAt"><value>2026-08-26T07:48:10.777Z</value></Data>
        <Data name="locationQuality"><value>baseline_coordinate_id_verified_current</value></Data>
      </ExtendedData>
      <Point><coordinates>78.42128093818215,17.365683144806347,0</coordinates></Point>
    </Placemark>
    <Placemark>
      <name>MUM-Byculla West</name>
      <description>Mumbai · service_area_seed_median_approximate</description>
      <ExtendedData>
        <Data name="platformId"><value>88c4cd44-4d68-40af-af18-9fd8c8db3f39</value></Data>
        <Data name="observedAt"><value>2026-08-26T07:46:41.622Z</value></Data>
        <Data name="locationQuality"><value>service_area_seed_median_approximate</value></Data>
      </ExtendedData>
      <Point><coordinates>72.82979456068449,18.96061923480719,0</coordinates></Point>
    </Placemark>
    <Placemark>
      <name>GGN-SECTOR 39 NEW</name>
      <description>Gurugram · Haryana · baseline_coordinate_id_verified_current</description>
      <ExtendedData>
        <Data name="platformId"><value>90f2f25e-b21f-4999-957f-a96a81f01dfb</value></Data>
        <Data name="observedAt"><value>2026-08-26T07:45:36.612Z</value></Data>
        <Data name="locationQuality"><value>baseline_coordinate_id_verified_current</value></Data>
      </ExtendedData>
      <Point><coordinates>77.05648,28.444382,0</coordinates></Point>
    </Placemark>
    <Placemark>
      <name>Zepto 93e0e2c3-23a6-471f-9025-8dd79ef87d60</name>
      <description>Bengaluru · service_area_seed_median_approximate</description>
      <ExtendedData>
        <Data name="platformId"><value>93e0e2c3-23a6-471f-9025-8dd79ef87d60</value></Data>
        <Data name="observedAt"><value>2026-08-26T07:48:08.954Z</value></Data>
        <Data name="locationQuality"><value>service_area_seed_median_approximate</value></Data>
      </ExtendedData>
      <Point><coordinates>77.60549641,12.87771825,0</coordinates></Point>
    </Placemark>
    <Placemark>
      <name>NOD-Sector 116 main</name>
      <description>Noida · Uttar Pradesh · baseline_coordinate_id_verified_current</description>
      <ExtendedData>
        <Data name="platformId"><value>93f5e60a-7309-40a8-8533-6eee547b3913</value></Data>
        <Data name="observedAt"><value>2026-08-26T07:48:11.284Z</value></Data>
        <Data name="locationQuality"><value>baseline_coordinate_id_verified_current</value></Data>
      </ExtendedData>
      <Point><coordinates>77.38777472479049,28.557995104758557,0</coordinates></Point>
    </Placemark>
    <Placemark>
      <name>Zepto 94a98275-e83a-4a25-ba73-690cbfaa1d55</name>
      <description>Ghaziabad · service_area_seed_median_approximate</description>
      <ExtendedData>
        <Data name="platformId"><value>94a98275-e83a-4a25-ba73-690cbfaa1d55</value></Data>
        <Data name="observedAt"><value>2026-08-26T07:47:07.771Z</value></Data>
        <Data name="locationQuality"><value>service_area_seed_median_approximate</value></Data>
      </ExtendedData>
      <Point><coordinates>77.3400973315937,28.656869655,0</coordinates></Point>
    </Placemark>
    <Placemark>
      <name>HYD-Medipalli</name>
      <description>Hyderabad · Telangana · baseline_coordinate_id_verified_current</description>
      <ExtendedData>
        <Data name="platformId"><value>95bc5024-3ef7-49b5-80a9-9c9df49638dc</value></Data>
        <Data name="observedAt"><value>2026-08-26T07:45:27.149Z</value></Data>
        <Data name="locationQuality"><value>baseline_coordinate_id_verified_current</value></Data>
      </ExtendedData>
      <Point><coordinates>78.592185,17.403365,0</coordinates></Point>
    </Placemark>
    <Placemark>
      <name>Zepto 95d6c1a2-b071-4cf3-a322-30b5754d7cb6</name>
      <description>Mumbai · service_area_seed_median_approximate</description>
      <ExtendedData>
        <Data name="platformId"><value>95d6c1a2-b071-4cf3-a322-30b5754d7cb6</value></Data>
        <Data name="observedAt"><value>2026-08-26T07:48:20.136Z</value></Data>
        <Data name="locationQuality"><value>service_area_seed_median_approximate</value></Data>
      </ExtendedData>
      <Point><coordinates>72.86602414255032,19.290385899561297,0</coordinates></Point>
    </Placemark>
    <Placemark>
      <name>DEL-Mahipalpur</name>
      <description>Delhi · Delhi · baseline_coordinate_id_verified_current</description>
      <ExtendedData>
        <Data name="platformId"><value>96a968d7-aca7-4b78-9302-ef72fbb1cc57</value></Data>
        <Data name="observedAt"><value>2026-08-26T07:46:50.770Z</value></Data>
        <Data name="locationQuality"><value>baseline_coordinate_id_verified_current</value></Data>
      </ExtendedData>
      <Point><coordinates>77.128642,28.544371,0</coordinates></Point>
    </Placemark>
    <Placemark>
      <name>Zepto aa27f94a-ddda-47a5-91c4-8677ef56052a</name>
      <description>Pune · service_area_seed_median_approximate</description>
      <ExtendedData>
        <Data name="platformId"><value>aa27f94a-ddda-47a5-91c4-8677ef56052a</value></Data>
        <Data name="observedAt"><value>2026-08-26T07:44:31.762Z</value></Data>
        <Data name="locationQuality"><value>service_area_seed_median_approximate</value></Data>
      </ExtendedData>
      <Point><coordinates>73.76990496,18.5189577,0</coordinates></Point>
    </Placemark>
    <Placemark>
      <name>BLR-Marathahalli 2</name>
      <description>Bengaluru · Karnataka · baseline_coordinate_id_verified_current</description>
      <ExtendedData>
        <Data name="platformId"><value>97acd88b-1a82-499b-acf1-c7e365eab5ce</value></Data>
        <Data name="observedAt"><value>2026-08-26T07:46:19.220Z</value></Data>
        <Data name="locationQuality"><value>baseline_coordinate_id_verified_current</value></Data>
      </ExtendedData>
      <Point><coordinates>77.69700174228993,12.974679980246021,0</coordinates></Point>
    </Placemark>
    <Placemark>
      <name>MUM-Airoli</name>
      <description>Mumbai · Maharashtra · baseline_coordinate_id_verified_current</description>
      <ExtendedData>
        <Data name="platformId"><value>178dbe40-5ad9-4ddf-99ec-18192cb71db7</value></Data>
        <Data name="observedAt"><value>2026-08-26T07:46:06.292Z</value></Data>
        <Data name="locationQuality"><value>baseline_coordinate_id_verified_current</value></Data>
      </ExtendedData>
      <Point><coordinates>72.99547915339458,19.16459082984763,0</coordinates></Point>
    </Placemark>
    <Placemark>
      <name>Zepto 194a2150-fe10-4b2a-b495-badf3eb25273</name>
      <description>Delhi · service_area_seed_median_approximate</description>
      <ExtendedData>
        <Data name="platformId"><value>194a2150-fe10-4b2a-b495-badf3eb25273</value></Data>
        <Data name="observedAt"><value>2026-08-26T07:47:53.964Z</value></Data>
        <Data name="locationQuality"><value>service_area_seed_median_approximate</value></Data>
      </ExtendedData>
      <Point><coordinates>77.060643698038,28.70367604634471,0</coordinates></Point>
    </Placemark>
    <Placemark>
      <name>NOD-Sector 22</name>
      <description>Noida · service_area_seed_median_approximate</description>
      <ExtendedData>
        <Data name="platformId"><value>a2c38983-ad00-4c89-88f7-7bc7d463d4c4</value></Data>
        <Data name="observedAt"><value>2026-08-26T07:46:08.361Z</value></Data>
        <Data name="locationQuality"><value>service_area_seed_median_approximate</value></Data>
      </ExtendedData>
      <Point><coordinates>77.33037885977807,28.59504615463995,0</coordinates></Point>
    </Placemark>
    <Placemark>
      <name>GGN - SUN CITY</name>
      <description>Gurugram · Haryana · baseline_coordinate_id_verified_current</description>
      <ExtendedData>
        <Data name="platformId"><value>225cd095-2106-490a-81c8-de5faa97ac65</value></Data>
        <Data name="observedAt"><value>2026-08-26T07:46:40.549Z</value></Data>
        <Data name="locationQuality"><value>baseline_coordinate_id_verified_current</value></Data>
      </ExtendedData>
      <Point><coordinates>77.105662,28.425148,0</coordinates></Point>
    </Placemark>
    <Placemark>
      <name>MUM-Marol Network</name>
      <description>Mumbai · Maharashtra · baseline_coordinate_id_verified_current</description>
      <ExtendedData>
        <Data name="platformId"><value>250d0a67-ee4b-4cdd-ac75-0c5e65c25ee9</value></Data>
        <Data name="observedAt"><value>2026-08-26T07:47:59.227Z</value></Data>
        <Data name="locationQuality"><value>baseline_coordinate_id_verified_current</value></Data>
      </ExtendedData>
      <Point><coordinates>72.88302819,19.11564642,0</coordinates></Point>
    </Placemark>
    <Placemark>
      <name>PUN-Magarpatta New</name>
      <description>Pune · Maharashtra · service_area_seed_median_approximate</description>
      <ExtendedData>
        <Data name="platformId"><value>252ed3f4-d99b-4793-951e-ae673cb9ebbf</value></Data>
        <Data name="observedAt"><value>2026-08-26T07:47:36.905Z</value></Data>
        <Data name="locationQuality"><value>service_area_seed_median_approximate</value></Data>
      </ExtendedData>
      <Point><coordinates>73.93595721,18.52101836,0</coordinates></Point>
    </Placemark>
    <Placemark>
      <name>BLR-BHADRAPPA LAYOUT NETWORK</name>
      <description>Bengaluru · Karnataka · service_area_seed_median_approximate</description>
      <ExtendedData>
        <Data name="platformId"><value>266f0f16-dcf8-4ab0-bbfb-2860b57c3c9b</value></Data>
        <Data name="observedAt"><value>2026-08-26T07:45:35.393Z</value></Data>
        <Data name="locationQuality"><value>service_area_seed_median_approximate</value></Data>
      </ExtendedData>
      <Point><coordinates>77.5589887,13.0695733,0</coordinates></Point>
    </Placemark>
    <Placemark>
      <name>DEL-Kalkaji Network</name>
      <description>Delhi · Delhi · baseline_coordinate_id_verified_current</description>
      <ExtendedData>
        <Data name="platformId"><value>266fb1d0-6495-4f65-9bcd-f03b54724799</value></Data>
        <Data name="observedAt"><value>2026-08-26T07:47:34.045Z</value></Data>
        <Data name="locationQuality"><value>baseline_coordinate_id_verified_current</value></Data>
      </ExtendedData>
      <Point><coordinates>77.261513,28.52276,0</coordinates></Point>
    </Placemark>
    <Placemark>
      <name>PUN-Kharadi Network</name>
      <description>Pune · Maharashtra · baseline_coordinate_id_verified_current</description>
      <ExtendedData>
        <Data name="platformId"><value>315e9d84-2c4a-45b2-88fb-f6733794efba</value></Data>
        <Data name="observedAt"><value>2026-08-26T07:47:49.277Z</value></Data>
        <Data name="locationQuality"><value>baseline_coordinate_id_verified_current</value></Data>
      </ExtendedData>
      <Point><coordinates>73.931427,18.54711,0</coordinates></Point>
    </Placemark>
    <Placemark>
      <name>BLR-Electronic City Network-2</name>
      <description>Bengaluru · Karnataka · baseline_coordinate_id_verified_current</description>
      <ExtendedData>
        <Data name="platformId"><value>416b9549-1413-435d-b08b-1d150131f6cd</value></Data>
        <Data name="observedAt"><value>2026-08-26T07:48:07.274Z</value></Data>
        <Data name="locationQuality"><value>baseline_coordinate_id_verified_current</value></Data>
      </ExtendedData>
      <Point><coordinates>77.65224877,12.85202043,0</coordinates></Point>
    </Placemark>
    <Placemark>
      <name>FBD-Sector 10 New</name>
      <description>Faridabad · Haryana · baseline_coordinate_id_verified_current</description>
      <ExtendedData>
        <Data name="platformId"><value>425e3ad2-0f08-4dbb-b90b-c892dc41be83</value></Data>
        <Data name="observedAt"><value>2026-08-26T07:47:31.150Z</value></Data>
        <Data name="locationQuality"><value>baseline_coordinate_id_verified_current</value></Data>
      </ExtendedData>
      <Point><coordinates>77.327767,28.375138,0</coordinates></Point>
    </Placemark>
    <Placemark>
      <name>BLR-Seegehalli</name>
      <description>Bengaluru · Karnataka · service_area_seed_median_approximate</description>
      <ExtendedData>
        <Data name="platformId"><value>9994adc8-71a8-48c9-9892-6f2a3b247ff6</value></Data>
        <Data name="observedAt"><value>2026-08-26T07:45:45.204Z</value></Data>
        <Data name="locationQuality"><value>service_area_seed_median_approximate</value></Data>
      </ExtendedData>
      <Point><coordinates>77.70943,13.015649,0</coordinates></Point>
    </Placemark>
    <Placemark>
      <name>GZB-Shalimar Garden</name>
      <description>Ghaziabad · service_area_seed_median_approximate</description>
      <ExtendedData>
        <Data name="platformId"><value>0553cf88-c712-4469-88b0-bec9e41ef03c</value></Data>
        <Data name="observedAt"><value>2026-08-26T07:48:26.519Z</value></Data>
        <Data name="locationQuality"><value>service_area_seed_median_approximate</value></Data>
      </ExtendedData>
      <Point><coordinates>77.3598611,28.6813333,0</coordinates></Point>
    </Placemark>
    <Placemark>
      <name>Zepto 658cf319-0b10-4dbe-809e-ea5c913974cb</name>
      <description>Bengaluru · service_area_seed_median_approximate</description>
      <ExtendedData>
        <Data name="platformId"><value>658cf319-0b10-4dbe-809e-ea5c913974cb</value></Data>
        <Data name="observedAt"><value>2026-08-26T07:47:17.359Z</value></Data>
        <Data name="locationQuality"><value>service_area_seed_median_approximate</value></Data>
      </ExtendedData>
      <Point><coordinates>77.519569,12.960098,0</coordinates></Point>
    </Placemark>
    <Placemark>
      <name>HYD-Gundlapochampally</name>
      <description>Hyderabad · Telangana · baseline_coordinate_id_verified_current</description>
      <ExtendedData>
        <Data name="platformId"><value>700d1509-0a10-4ca8-87b9-f8c3e612fb5c</value></Data>
        <Data name="observedAt"><value>2026-08-26T07:47:13.027Z</value></Data>
        <Data name="locationQuality"><value>baseline_coordinate_id_verified_current</value></Data>
      </ExtendedData>
      <Point><coordinates>78.4802222,17.5660556,0</coordinates></Point>
    </Placemark>
    <Placemark>
      <name>Powai</name>
      <description>Mumbai · Maharashtra · baseline_coordinate_id_verified_current</description>
      <ExtendedData>
        <Data name="platformId"><value>751c003c-bbe4-453d-ae3d-404380528149</value></Data>
        <Data name="observedAt"><value>2026-08-26T07:47:40.847Z</value></Data>
        <Data name="locationQuality"><value>baseline_coordinate_id_verified_current</value></Data>
      </ExtendedData>
      <Point><coordinates>72.9050423,19.1183474,0</coordinates></Point>
    </Placemark>
    <Placemark>
      <name>Zepto 774a725c-2c4b-4dc2-94d1-72b737f7e1f6</name>
      <description>Bengaluru · service_area_seed_median_approximate</description>
      <ExtendedData>
        <Data name="platformId"><value>774a725c-2c4b-4dc2-94d1-72b737f7e1f6</value></Data>
        <Data name="observedAt"><value>2026-08-26T07:47:41.248Z</value></Data>
        <Data name="locationQuality"><value>service_area_seed_median_approximate</value></Data>
      </ExtendedData>
      <Point><coordinates>77.54483505,12.997235,0</coordinates></Point>
    </Placemark>
    <Placemark>
      <name>Zepto 778b5c2b-0468-4f1e-8fa0-241cc91608a2</name>
      <description>Hyderabad · service_area_seed_median_approximate</description>
      <ExtendedData>
        <Data name="platformId"><value>778b5c2b-0468-4f1e-8fa0-241cc91608a2</value></Data>
        <Data name="observedAt"><value>2026-08-26T07:48:08.657Z</value></Data>
        <Data name="locationQuality"><value>service_area_seed_median_approximate</value></Data>
      </ExtendedData>
      <Point><coordinates>78.563521,17.4193227,0</coordinates></Point>
    </Placemark>
    <Placemark>
      <name>HYD-ALWAL</name>
      <description>Hyderabad · Telangana · baseline_coordinate_id_verified_current</description>
      <ExtendedData>
        <Data name="platformId"><value>819d4daf-ab7a-4291-be40-3070ebb46cec</value></Data>
        <Data name="observedAt"><value>2026-08-26T07:45:46.103Z</value></Data>
        <Data name="locationQuality"><value>baseline_coordinate_id_verified_current</value></Data>
      </ExtendedData>
      <Point><coordinates>78.48976787865101,17.51427474100308,0</coordinates></Point>
    </Placemark>
    <Placemark>
      <name>Zepto 843e630a-7896-462d-b7cf-712140483ed3</name>
      <description>Bengaluru · service_area_seed_median_approximate</description>
      <ExtendedData>
        <Data name="platformId"><value>843e630a-7896-462d-b7cf-712140483ed3</value></Data>
        <Data name="observedAt"><value>2026-08-26T07:48:24.653Z</value></Data>
        <Data name="locationQuality"><value>service_area_seed_median_approximate</value></Data>
      </ExtendedData>
      <Point><coordinates>77.580188,12.95477912,0</coordinates></Point>
    </Placemark>
    <Placemark>
      <name>BLR-Sompura</name>
      <description>Bengaluru · Karnataka · baseline_coordinate_id_verified_current</description>
      <ExtendedData>
        <Data name="platformId"><value>856b33b6-5cfb-4b67-8702-62b49fc5db26</value></Data>
        <Data name="observedAt"><value>2026-08-26T07:46:17.935Z</value></Data>
        <Data name="locationQuality"><value>baseline_coordinate_id_verified_current</value></Data>
      </ExtendedData>
      <Point><coordinates>77.77015527,12.86423227,0</coordinates></Point>
    </Placemark>
    <Placemark>
      <name>MUM-Shilphata</name>
      <description>Mumbai · Maharashtra · baseline_coordinate_id_verified_current</description>
      <ExtendedData>
        <Data name="platformId"><value>884a853d-1386-4114-a4eb-d60cc898406f</value></Data>
        <Data name="observedAt"><value>2026-08-26T07:44:32.597Z</value></Data>
        <Data name="locationQuality"><value>baseline_coordinate_id_verified_current</value></Data>
      </ExtendedData>
      <Point><coordinates>73.0439121,19.1499223,0</coordinates></Point>
    </Placemark>
    <Placemark>
      <name>Zepto 931f1ec1-e287-4412-9b52-df3f8ab9c95c</name>
      <description>Pune · service_area_seed_median_approximate</description>
      <ExtendedData>
        <Data name="platformId"><value>931f1ec1-e287-4412-9b52-df3f8ab9c95c</value></Data>
        <Data name="observedAt"><value>2026-08-26T07:47:36.523Z</value></Data>
        <Data name="locationQuality"><value>service_area_seed_median_approximate</value></Data>
      </ExtendedData>
      <Point><coordinates>73.90823118,18.583636565,0</coordinates></Point>
    </Placemark>
    <Placemark>
      <name>HYD-Singapore Town Ship</name>
      <description>Hyderabad · Telangana · baseline_coordinate_id_verified_current</description>
      <ExtendedData>
        <Data name="platformId"><value>936f8969-5c1b-4ebc-976b-ee4324c0accb</value></Data>
        <Data name="observedAt"><value>2026-08-26T07:46:20.190Z</value></Data>
        <Data name="locationQuality"><value>baseline_coordinate_id_verified_current</value></Data>
      </ExtendedData>
      <Point><coordinates>78.643496,17.436627,0</coordinates></Point>
    </Placemark>
    <Placemark>
      <name>MUM-Wadala New</name>
      <description>Mumbai · Maharashtra · baseline_coordinate_id_verified_current</description>
      <ExtendedData>
        <Data name="platformId"><value>960c0c9b-3602-42c5-bea7-b9f8a737e68f</value></Data>
        <Data name="observedAt"><value>2026-08-26T07:45:08.341Z</value></Data>
        <Data name="locationQuality"><value>baseline_coordinate_id_verified_current</value></Data>
      </ExtendedData>
      <Point><coordinates>72.87819379,19.03297391,0</coordinates></Point>
    </Placemark>
    <Placemark>
      <name>GZB-Niti Khand II</name>
      <description>Ghaziabad · Uttar Pradesh · service_area_seed_median_approximate</description>
      <ExtendedData>
        <Data name="platformId"><value>968d8cb9-f237-415d-af02-adc67bacce06</value></Data>
        <Data name="observedAt"><value>2026-08-26T07:46:22.827Z</value></Data>
        <Data name="locationQuality"><value>service_area_seed_median_approximate</value></Data>
      </ExtendedData>
      <Point><coordinates>77.34212500000001,28.645069,0</coordinates></Point>
    </Placemark>
    <Placemark>
      <name>MUM-Mahim</name>
      <description>Mumbai · Maharashtra · baseline_coordinate_id_verified_current</description>
      <ExtendedData>
        <Data name="platformId"><value>973a6df0-7634-4291-be0d-cd48a816516b</value></Data>
        <Data name="observedAt"><value>2026-08-26T07:44:25.039Z</value></Data>
        <Data name="locationQuality"><value>baseline_coordinate_id_verified_current</value></Data>
      </ExtendedData>
      <Point><coordinates>72.84312361106556,19.042160158844943,0</coordinates></Point>
    </Placemark>
    <Placemark>
      <name>Zepto 992bee8f-8936-4b04-9d17-546cd0ba1b76</name>
      <description>Bengaluru · service_area_seed_median_approximate</description>
      <ExtendedData>
        <Data name="platformId"><value>992bee8f-8936-4b04-9d17-546cd0ba1b76</value></Data>
        <Data name="observedAt"><value>2026-08-26T07:48:07.274Z</value></Data>
        <Data name="locationQuality"><value>service_area_seed_median_approximate</value></Data>
      </ExtendedData>
      <Point><coordinates>77.657509475,12.841377114575266,0</coordinates></Point>
    </Placemark>
    <Placemark>
      <name>FBD-Sector 79</name>
      <description>Faridabad · Haryana · baseline_coordinate_id_verified_current</description>
      <ExtendedData>
        <Data name="platformId"><value>2398d252-ec15-485b-bd2f-2b03432ea794</value></Data>
        <Data name="observedAt"><value>2026-08-26T07:45:43.864Z</value></Data>
        <Data name="locationQuality"><value>baseline_coordinate_id_verified_current</value></Data>
      </ExtendedData>
      <Point><coordinates>77.36254,28.389159,0</coordinates></Point>
    </Placemark>
    <Placemark>
      <name>DEL-Khanpur</name>
      <description>Delhi · Delhi · baseline_coordinate_id_verified_current</description>
      <ExtendedData>
        <Data name="platformId"><value>3072e208-7b9a-4821-a000-e121ba8a43fa</value></Data>
        <Data name="observedAt"><value>2026-08-26T07:46:02.764Z</value></Data>
        <Data name="locationQuality"><value>baseline_coordinate_id_verified_current</value></Data>
      </ExtendedData>
      <Point><coordinates>77.235137,28.500805,0</coordinates></Point>
    </Placemark>
    <Placemark>
      <name>HYD-Nallagandla 2</name>
      <description>Hyderabad · Telangana · baseline_coordinate_id_verified_current</description>
      <ExtendedData>
        <Data name="platformId"><value>3099e4ba-785d-4de5-81e1-f4a9f8707beb</value></Data>
        <Data name="observedAt"><value>2026-08-26T07:46:03.952Z</value></Data>
        <Data name="locationQuality"><value>baseline_coordinate_id_verified_current</value></Data>
      </ExtendedData>
      <Point><coordinates>78.30385401,17.45844099,0</coordinates></Point>
    </Placemark>
    <Placemark>
      <name>DEL-Pitampura network</name>
      <description>Delhi · Delhi · service_area_seed_median_approximate</description>
      <ExtendedData>
        <Data name="platformId"><value>3325a4aa-354c-4c9a-9230-178cbb4286f6</value></Data>
        <Data name="observedAt"><value>2026-08-26T07:44:43.408Z</value></Data>
        <Data name="locationQuality"><value>service_area_seed_median_approximate</value></Data>
      </ExtendedData>
      <Point><coordinates>77.114542,28.697833,0</coordinates></Point>
    </Placemark>
    <Placemark>
      <name>PUN-LIG Colony</name>
      <description>Pune · Maharashtra · baseline_coordinate_id_verified_current</description>
      <ExtendedData>
        <Data name="platformId"><value>3516f4f6-dec8-4e36-abb0-77f26d0f4a16</value></Data>
        <Data name="observedAt"><value>2026-08-26T07:46:27.261Z</value></Data>
        <Data name="locationQuality"><value>baseline_coordinate_id_verified_current</value></Data>
      </ExtendedData>
      <Point><coordinates>73.768168,18.664297,0</coordinates></Point>
    </Placemark>
    <Placemark>
      <name>Zepto 4441ba38-6245-40db-9bdd-a2ac697f16fb</name>
      <description>Mumbai · service_area_seed_median_approximate</description>
      <ExtendedData>
        <Data name="platformId"><value>4441ba38-6245-40db-9bdd-a2ac697f16fb</value></Data>
        <Data name="observedAt"><value>2026-08-26T07:46:06.292Z</value></Data>
        <Data name="locationQuality"><value>service_area_seed_median_approximate</value></Data>
      </ExtendedData>
      <Point><coordinates>72.99375557669728,19.141586414923815,0</coordinates></Point>
    </Placemark>
    <Placemark>
      <name>HYD-Uppal Network</name>
      <description>Hyderabad · Telangana · baseline_coordinate_id_verified_current</description>
      <ExtendedData>
        <Data name="platformId"><value>4565fffb-f4fa-4808-91e1-31e69f6ac9df</value></Data>
        <Data name="observedAt"><value>2026-08-26T07:48:08.657Z</value></Data>
        <Data name="locationQuality"><value>baseline_coordinate_id_verified_current</value></Data>
      </ExtendedData>
      <Point><coordinates>78.5720739,17.4193227,0</coordinates></Point>
    </Placemark>
    <Placemark>
      <name>MUM-KOPARKHAIRNE SECTOR 4A</name>
      <description>Mumbai · Maharashtra · baseline_coordinate_id_verified_current</description>
      <ExtendedData>
        <Data name="platformId"><value>5116a0c5-42bc-487c-ac82-37af432606b0</value></Data>
        <Data name="observedAt"><value>2026-08-26T07:45:28.048Z</value></Data>
        <Data name="locationQuality"><value>baseline_coordinate_id_verified_current</value></Data>
      </ExtendedData>
      <Point><coordinates>73.009048,19.109309,0</coordinates></Point>
    </Placemark>
    <Placemark>
      <name>BLR-Bannerghatta Network 2</name>
      <description>Bengaluru · Karnataka · baseline_coordinate_id_verified_current</description>
      <ExtendedData>
        <Data name="platformId"><value>5678bc9a-0e9e-4d5e-a78c-4b418df692eb</value></Data>
        <Data name="observedAt"><value>2026-08-26T07:44:38.181Z</value></Data>
        <Data name="locationQuality"><value>baseline_coordinate_id_verified_current</value></Data>
      </ExtendedData>
      <Point><coordinates>77.61872,12.86837,0</coordinates></Point>
    </Placemark>
    <Placemark>
      <name>BLR - Bhadrappa Layout</name>
      <description>Bengaluru · Karnataka · baseline_coordinate_id_verified_current</description>
      <ExtendedData>
        <Data name="platformId"><value>6047c8fe-15ed-4c61-8d3e-060e800702f5</value></Data>
        <Data name="observedAt"><value>2026-08-26T07:47:00.745Z</value></Data>
        <Data name="locationQuality"><value>baseline_coordinate_id_verified_current</value></Data>
      </ExtendedData>
      <Point><coordinates>77.57837342971322,13.04753257586126,0</coordinates></Point>
    </Placemark>
    <Placemark>
      <name>PUN-Dighi</name>
      <description>Pune · Maharashtra · baseline_coordinate_id_verified_current</description>
      <ExtendedData>
        <Data name="platformId"><value>7644b7fa-98d0-4bdd-a093-965dac5a807b</value></Data>
        <Data name="observedAt"><value>2026-08-26T07:46:50.388Z</value></Data>
        <Data name="locationQuality"><value>baseline_coordinate_id_verified_current</value></Data>
      </ExtendedData>
      <Point><coordinates>73.85725457,18.61789848,0</coordinates></Point>
    </Placemark>
    <Placemark>
      <name>HYD-HimayatNagar New</name>
      <description>Hyderabad · Telangana · baseline_coordinate_id_verified_current</description>
      <ExtendedData>
        <Data name="platformId"><value>8275a3ee-3b08-4201-9be3-6e12aed69ea9</value></Data>
        <Data name="observedAt"><value>2026-08-26T07:47:37.819Z</value></Data>
        <Data name="locationQuality"><value>baseline_coordinate_id_verified_current</value></Data>
      </ExtendedData>
      <Point><coordinates>78.48648504,17.39430829,0</coordinates></Point>
    </Placemark>
    <Placemark>
      <name>MUM-Vikhroli East</name>
      <description>Mumbai · Maharashtra · baseline_coordinate_id_verified_current</description>
      <ExtendedData>
        <Data name="platformId"><value>8988d40f-12d3-42d5-9a8e-243712f8e37f</value></Data>
        <Data name="observedAt"><value>2026-08-26T07:45:13.235Z</value></Data>
        <Data name="locationQuality"><value>baseline_coordinate_id_verified_current</value></Data>
      </ExtendedData>
      <Point><coordinates>72.93787759387904,19.12824417123806,0</coordinates></Point>
    </Placemark>
    <Placemark>
      <name>HYD_MIYAPUR</name>
      <description>Hyderabad · Telangana · baseline_coordinate_id_verified_current</description>
      <ExtendedData>
        <Data name="platformId"><value>18073c2e-7d0d-4096-b0e0-c8b5f7454446</value></Data>
        <Data name="observedAt"><value>2026-08-26T07:47:11.626Z</value></Data>
        <Data name="locationQuality"><value>baseline_coordinate_id_verified_current</value></Data>
      </ExtendedData>
      <Point><coordinates>78.35278852664352,17.49290969105258,0</coordinates></Point>
    </Placemark>
    <Placemark>
      <name>Zepto e03f540b-f6e2-4749-93fc-5c777cb31628</name>
      <description>Gurugram · service_area_seed_median_approximate</description>
      <ExtendedData>
        <Data name="platformId"><value>e03f540b-f6e2-4749-93fc-5c777cb31628</value></Data>
        <Data name="observedAt"><value>2026-08-26T07:44:53.228Z</value></Data>
        <Data name="locationQuality"><value>service_area_seed_median_approximate</value></Data>
      </ExtendedData>
      <Point><coordinates>76.990607,28.455115,0</coordinates></Point>
    </Placemark>
    <Placemark>
      <name>BLR-Goraguntepalya</name>
      <description>Bengaluru · Karnataka · baseline_coordinate_id_verified_current</description>
      <ExtendedData>
        <Data name="platformId"><value>34404f78-ff38-402a-a367-29b31e477ca3</value></Data>
        <Data name="observedAt"><value>2026-08-26T07:46:40.043Z</value></Data>
        <Data name="locationQuality"><value>baseline_coordinate_id_verified_current</value></Data>
      </ExtendedData>
      <Point><coordinates>77.537306,13.02475,0</coordinates></Point>
    </Placemark>
    <Placemark>
      <name>GGN-Sector 79</name>
      <description>Gurugram · Haryana · baseline_coordinate_id_verified_current</description>
      <ExtendedData>
        <Data name="platformId"><value>40632fc7-b3f8-4ebc-b2e7-db803accef4e</value></Data>
        <Data name="observedAt"><value>2026-08-26T07:45:47.290Z</value></Data>
        <Data name="locationQuality"><value>baseline_coordinate_id_verified_current</value></Data>
      </ExtendedData>
      <Point><coordinates>76.97115270953702,28.35374108955676,0</coordinates></Point>
    </Placemark>
    <Placemark>
      <name>MUM-Vashi New</name>
      <description>Mumbai · Maharashtra · baseline_coordinate_id_verified_current</description>
      <ExtendedData>
        <Data name="platformId"><value>66343bcf-0c12-4c87-b3b8-5e582e518ca7</value></Data>
        <Data name="observedAt"><value>2026-08-26T07:46:35.504Z</value></Data>
        <Data name="locationQuality"><value>baseline_coordinate_id_verified_current</value></Data>
      </ExtendedData>
      <Point><coordinates>72.99873718935925,19.085756569679944,0</coordinates></Point>
    </Placemark>
    <Placemark>
      <name>Zepto e2305bd9-95df-47f0-8b81-54b606b1497e</name>
      <description>Pune · service_area_seed_median_approximate</description>
      <ExtendedData>
        <Data name="platformId"><value>e2305bd9-95df-47f0-8b81-54b606b1497e</value></Data>
        <Data name="observedAt"><value>2026-08-26T07:48:02.134Z</value></Data>
        <Data name="locationQuality"><value>service_area_seed_median_approximate</value></Data>
      </ExtendedData>
      <Point><coordinates>73.90035155767262,18.468771955873734,0</coordinates></Point>
    </Placemark>
    <Placemark>
      <name>MUM-Malabar Hill</name>
      <description>Mumbai · Maharashtra · baseline_coordinate_id_verified_current</description>
      <ExtendedData>
        <Data name="platformId"><value>81822dd8-20a3-4da0-b460-671c9d1f6d27</value></Data>
        <Data name="observedAt"><value>2026-08-26T07:46:43.396Z</value></Data>
        <Data name="locationQuality"><value>baseline_coordinate_id_verified_current</value></Data>
      </ExtendedData>
      <Point><coordinates>72.79484351852422,18.951892658201917,0</coordinates></Point>
    </Placemark>
    <Placemark>
      <name>BLR-RWF Yelahanka</name>
      <description>Bengaluru · Karnataka · baseline_coordinate_id_verified_current</description>
      <ExtendedData>
        <Data name="platformId"><value>99949ff5-2335-4704-bbdf-b8f86a90c811</value></Data>
        <Data name="observedAt"><value>2026-08-26T07:45:02.502Z</value></Data>
        <Data name="locationQuality"><value>baseline_coordinate_id_verified_current</value></Data>
      </ExtendedData>
      <Point><coordinates>77.580361,13.106778,0</coordinates></Point>
    </Placemark>
    <Placemark>
      <name>NOD-Sector 49</name>
      <description>Noida · Uttar Pradesh · baseline_coordinate_id_verified_current</description>
      <ExtendedData>
        <Data name="platformId"><value>226297cf-9bae-4e84-9aa6-294d8ef080a3</value></Data>
        <Data name="observedAt"><value>2026-08-26T07:47:27.552Z</value></Data>
        <Data name="locationQuality"><value>baseline_coordinate_id_verified_current</value></Data>
      </ExtendedData>
      <Point><coordinates>77.366484,28.561056,0</coordinates></Point>
    </Placemark>
    <Placemark>
      <name>PUN-Splendor county</name>
      <description>Pune · Maharashtra · service_area_seed_median_approximate</description>
      <ExtendedData>
        <Data name="platformId"><value>231186c7-f3b9-4b6e-9e17-f29a217c4de8</value></Data>
        <Data name="observedAt"><value>2026-08-26T07:46:21.476Z</value></Data>
        <Data name="locationQuality"><value>service_area_seed_median_approximate</value></Data>
      </ExtendedData>
      <Point><coordinates>73.9912603,18.5851025,0</coordinates></Point>
    </Placemark>
    <Placemark>
      <name>Zepto 281082b4-7a69-4373-a3c3-385b02d134b1</name>
      <description>Pune · service_area_seed_median_approximate</description>
      <ExtendedData>
        <Data name="platformId"><value>281082b4-7a69-4373-a3c3-385b02d134b1</value></Data>
        <Data name="observedAt"><value>2026-08-26T07:48:24.944Z</value></Data>
        <Data name="locationQuality"><value>service_area_seed_median_approximate</value></Data>
      </ExtendedData>
      <Point><coordinates>73.940233965,18.508943289999998,0</coordinates></Point>
    </Placemark>
    <Placemark>
      <name>Zepto 554896ba-1bc3-493a-84c2-8a0ce07c2611</name>
      <description>Noida · service_area_seed_median_approximate</description>
      <ExtendedData>
        <Data name="platformId"><value>554896ba-1bc3-493a-84c2-8a0ce07c2611</value></Data>
        <Data name="observedAt"><value>2026-08-26T07:47:27.552Z</value></Data>
        <Data name="locationQuality"><value>service_area_seed_median_approximate</value></Data>
      </ExtendedData>
      <Point><coordinates>77.350386,28.561056,0</coordinates></Point>
    </Placemark>
    <Placemark>
      <name>Zepto 803931bb-511e-48bc-8611-4b9910682bb4</name>
      <description>Mumbai · service_area_seed_median_approximate</description>
      <ExtendedData>
        <Data name="platformId"><value>803931bb-511e-48bc-8611-4b9910682bb4</value></Data>
        <Data name="observedAt"><value>2026-08-26T07:47:51.119Z</value></Data>
        <Data name="locationQuality"><value>service_area_seed_median_approximate</value></Data>
      </ExtendedData>
      <Point><coordinates>72.85756565,19.1579962,0</coordinates></Point>
    </Placemark>
    <Placemark>
      <name>NOD-NOIDA EXTENSION NETWORK</name>
      <description>Noida · Uttar Pradesh · service_area_seed_median_approximate</description>
      <ExtendedData>
        <Data name="platformId"><value>eb6b329a-e514-4f86-b1b0-d11991efc00a</value></Data>
        <Data name="observedAt"><value>2026-08-26T07:46:04.566Z</value></Data>
        <Data name="locationQuality"><value>service_area_seed_median_approximate</value></Data>
      </ExtendedData>
      <Point><coordinates>77.45108394861575,28.613003741514234,0</coordinates></Point>
    </Placemark>
    <Placemark>
      <name>Zepto 2175898f-b70e-46d9-8def-aba7f0745662</name>
      <description>Mumbai · service_area_seed_median_approximate</description>
      <ExtendedData>
        <Data name="platformId"><value>2175898f-b70e-46d9-8def-aba7f0745662</value></Data>
        <Data name="observedAt"><value>2026-08-26T07:46:43.396Z</value></Data>
        <Data name="locationQuality"><value>service_area_seed_median_approximate</value></Data>
      </ExtendedData>
      <Point><coordinates>72.81948612136898,18.957252469614385,0</coordinates></Point>
    </Placemark>
    <Placemark>
      <name>BLR-Neo Town</name>
      <description>Bengaluru · Karnataka · baseline_coordinate_id_verified_current</description>
      <ExtendedData>
        <Data name="platformId"><value>2240913f-e14f-46cc-94e8-ff6f5c32ffab</value></Data>
        <Data name="observedAt"><value>2026-08-26T07:46:10.383Z</value></Data>
        <Data name="locationQuality"><value>baseline_coordinate_id_verified_current</value></Data>
      </ExtendedData>
      <Point><coordinates>77.66277018,12.81998463,0</coordinates></Point>
    </Placemark>
    <Placemark>
      <name>BLR-RAMAMURTHY NAGAR NEW</name>
      <description>Bengaluru · Karnataka · baseline_coordinate_id_verified_current</description>
      <ExtendedData>
        <Data name="platformId"><value>3169658f-77f5-47a3-a87d-e9016e7f3ebe</value></Data>
        <Data name="observedAt"><value>2026-08-26T07:48:26.296Z</value></Data>
        <Data name="locationQuality"><value>baseline_coordinate_id_verified_current</value></Data>
      </ExtendedData>
      <Point><coordinates>77.68593736936828,13.033621072324562,0</coordinates></Point>
    </Placemark>
    <Placemark>
      <name>MUM-Nerul</name>
      <description>Mumbai · Maharashtra · baseline_coordinate_id_verified_current</description>
      <ExtendedData>
        <Data name="platformId"><value>52917883-e475-4632-9fa3-9c99ba0f4b78</value></Data>
        <Data name="observedAt"><value>2026-08-26T07:47:18.243Z</value></Data>
        <Data name="locationQuality"><value>baseline_coordinate_id_verified_current</value></Data>
      </ExtendedData>
      <Point><coordinates>73.0290366887755,19.034275186412394,0</coordinates></Point>
    </Placemark>
    <Placemark>
      <name>Zepto 5223893f-f150-4fb3-9f8b-2e86a7c15af1</name>
      <description>Mumbai · service_area_seed_median_approximate</description>
      <ExtendedData>
        <Data name="platformId"><value>5223893f-f150-4fb3-9f8b-2e86a7c15af1</value></Data>
        <Data name="observedAt"><value>2026-08-26T07:48:24.103Z</value></Data>
        <Data name="locationQuality"><value>service_area_seed_median_approximate</value></Data>
      </ExtendedData>
      <Point><coordinates>72.97454663690698,19.21659162329426,0</coordinates></Point>
    </Placemark>
    <Placemark>
      <name>BLR- Sonnenahalli New</name>
      <description>Bengaluru · Karnataka · baseline_coordinate_id_verified_current</description>
      <ExtendedData>
        <Data name="platformId"><value>5400933d-3c5d-4015-a767-daed27781a0d</value></Data>
        <Data name="observedAt"><value>2026-08-26T07:47:17.359Z</value></Data>
        <Data name="locationQuality"><value>baseline_coordinate_id_verified_current</value></Data>
      </ExtendedData>
      <Point><coordinates>77.49901481825137,12.961701188648865,0</coordinates></Point>
    </Placemark>
    <Placemark>
      <name>HYD-Chanchalguda</name>
      <description>Hyderabad · Telangana · baseline_coordinate_id_verified_current</description>
      <ExtendedData>
        <Data name="platformId"><value>6671859b-cb7c-4dc7-bba6-d6554b27b7b2</value></Data>
        <Data name="observedAt"><value>2026-08-26T07:46:25.322Z</value></Data>
        <Data name="locationQuality"><value>baseline_coordinate_id_verified_current</value></Data>
      </ExtendedData>
      <Point><coordinates>78.492063,17.366977,0</coordinates></Point>
    </Placemark>
    <Placemark>
      <name>DEL-Dilshad Garden New</name>
      <description>Delhi · Delhi · baseline_coordinate_id_verified_current</description>
      <ExtendedData>
        <Data name="platformId"><value>34420157-825b-4822-acc8-9f20ae822fe3</value></Data>
        <Data name="observedAt"><value>2026-08-26T07:47:05.055Z</value></Data>
        <Data name="locationQuality"><value>baseline_coordinate_id_verified_current</value></Data>
      </ExtendedData>
      <Point><coordinates>77.308197,28.677253,0</coordinates></Point>
    </Placemark>
    <Placemark>
      <name>MUM-Tilak Nagar</name>
      <description>Mumbai · Maharashtra · baseline_coordinate_id_verified_current</description>
      <ExtendedData>
        <Data name="platformId"><value>48018697-39cd-458a-a2dc-b6ac22e6b5c0</value></Data>
        <Data name="observedAt"><value>2026-08-26T07:45:24.748Z</value></Data>
        <Data name="locationQuality"><value>baseline_coordinate_id_verified_current</value></Data>
      </ExtendedData>
      <Point><coordinates>72.89862229585934,19.067859321020833,0</coordinates></Point>
    </Placemark>
    <Placemark>
      <name>Zepto e278914b-34ce-4bd8-a961-1a4456c620cc</name>
      <description>Mumbai · service_area_seed_median_approximate</description>
      <ExtendedData>
        <Data name="platformId"><value>e278914b-34ce-4bd8-a961-1a4456c620cc</value></Data>
        <Data name="observedAt"><value>2026-08-26T07:44:58.258Z</value></Data>
        <Data name="locationQuality"><value>service_area_seed_median_approximate</value></Data>
      </ExtendedData>
      <Point><coordinates>72.87954559,19.05860442,0</coordinates></Point>
    </Placemark>
    <Placemark>
      <name>Zepto 49879539-9538-42ca-b59e-952cdd73b506</name>
      <description>Bengaluru · service_area_seed_median_approximate</description>
      <ExtendedData>
        <Data name="platformId"><value>49879539-9538-42ca-b59e-952cdd73b506</value></Data>
        <Data name="observedAt"><value>2026-08-26T07:47:09.722Z</value></Data>
        <Data name="locationQuality"><value>service_area_seed_median_approximate</value></Data>
      </ExtendedData>
      <Point><coordinates>77.66971688999999,12.985424260123011,0</coordinates></Point>
    </Placemark>
    <Placemark>
      <name>HYD-Indis Pble City</name>
      <description>Hyderabad · Telangana · baseline_coordinate_id_verified_current</description>
      <ExtendedData>
        <Data name="platformId"><value>51105160-a1d9-4c13-a33b-42f59c0ab7d1</value></Data>
        <Data name="observedAt"><value>2026-08-26T07:47:51.732Z</value></Data>
        <Data name="locationQuality"><value>baseline_coordinate_id_verified_current</value></Data>
      </ExtendedData>
      <Point><coordinates>78.36980127,17.35383641,0</coordinates></Point>
    </Placemark>
    <Placemark>
      <name>Zepto eb92685d-4aad-4424-b38f-f876e41640a8</name>
      <description>Mumbai · service_area_seed_median_approximate</description>
      <ExtendedData>
        <Data name="platformId"><value>eb92685d-4aad-4424-b38f-f876e41640a8</value></Data>
        <Data name="observedAt"><value>2026-08-26T07:48:22.129Z</value></Data>
        <Data name="locationQuality"><value>service_area_seed_median_approximate</value></Data>
      </ExtendedData>
      <Point><coordinates>72.90155,19.052412,0</coordinates></Point>
    </Placemark>
    <Placemark>
      <name>PUN-BANER</name>
      <description>Pune · Maharashtra · service_area_seed_median_approximate</description>
      <ExtendedData>
        <Data name="platformId"><value>60252717-a8c5-4891-9b23-3db778b14477</value></Data>
        <Data name="observedAt"><value>2026-08-26T07:45:30.404Z</value></Data>
        <Data name="locationQuality"><value>service_area_seed_median_approximate</value></Data>
      </ExtendedData>
      <Point><coordinates>73.7922303,18.565983,0</coordinates></Point>
    </Placemark>
    <Placemark>
      <name>BLR-Jakkur Network</name>
      <description>Bengaluru · Karnataka · service_area_seed_median_approximate</description>
      <ExtendedData>
        <Data name="platformId"><value>a3d3505f-b5c5-4ba6-8bec-2ea6533a02de</value></Data>
        <Data name="observedAt"><value>2026-08-26T07:47:39.613Z</value></Data>
        <Data name="locationQuality"><value>service_area_seed_median_approximate</value></Data>
      </ExtendedData>
      <Point><coordinates>77.60841535,13.05902434,0</coordinates></Point>
    </Placemark>
    <Placemark>
      <name>MUM-GOREGAON EAST</name>
      <description>Mumbai · Maharashtra · service_area_seed_median_approximate</description>
      <ExtendedData>
        <Data name="platformId"><value>a5d48a70-31d9-4c5f-b61f-daae4ab4e3b3</value></Data>
        <Data name="observedAt"><value>2026-08-26T07:45:05.645Z</value></Data>
        <Data name="locationQuality"><value>service_area_seed_median_approximate</value></Data>
      </ExtendedData>
      <Point><coordinates>72.865097,19.179661,0</coordinates></Point>
    </Placemark>
    <Placemark>
      <name>BLR-Kambipura</name>
      <description>Bengaluru · Karnataka · baseline_coordinate_id_verified_current</description>
      <ExtendedData>
        <Data name="platformId"><value>a09f04ca-3c1d-4523-8606-386ce213a7ae</value></Data>
        <Data name="observedAt"><value>2026-08-26T07:45:43.417Z</value></Data>
        <Data name="locationQuality"><value>baseline_coordinate_id_verified_current</value></Data>
      </ExtendedData>
      <Point><coordinates>77.45868,12.8872429,0</coordinates></Point>
    </Placemark>
    <Placemark>
      <name>BLR-Malagala</name>
      <description>Bengaluru · Karnataka · baseline_coordinate_id_verified_current</description>
      <ExtendedData>
        <Data name="platformId"><value>a16e98dd-a208-4aa2-9627-69eef07e8d69</value></Data>
        <Data name="observedAt"><value>2026-08-26T07:47:02.127Z</value></Data>
        <Data name="locationQuality"><value>baseline_coordinate_id_verified_current</value></Data>
      </ExtendedData>
      <Point><coordinates>77.51643345,12.97812065,0</coordinates></Point>
    </Placemark>
    <Placemark>
      <name>HYD-Mallapur</name>
      <description>Hyderabad · Telangana · service_area_seed_median_approximate</description>
      <ExtendedData>
        <Data name="platformId"><value>a711add6-8a26-4dde-b204-d68ea1e9386a</value></Data>
        <Data name="observedAt"><value>2026-08-26T07:47:20.863Z</value></Data>
        <Data name="locationQuality"><value>service_area_seed_median_approximate</value></Data>
      </ExtendedData>
      <Point><coordinates>78.56375634,17.46219887,0</coordinates></Point>
    </Placemark>
    <Placemark>
      <name>Zepto a95989f3-34a1-4288-b318-a01c946b6919</name>
      <description>Faridabad · service_area_seed_median_approximate</description>
      <ExtendedData>
        <Data name="platformId"><value>a95989f3-34a1-4288-b318-a01c946b6919</value></Data>
        <Data name="observedAt"><value>2026-08-26T07:47:31.731Z</value></Data>
        <Data name="locationQuality"><value>service_area_seed_median_approximate</value></Data>
      </ExtendedData>
      <Point><coordinates>77.32125149999999,28.39661925,0</coordinates></Point>
    </Placemark>
    <Placemark>
      <name>BLR-RR Nagar Network</name>
      <description>Bengaluru · Karnataka · baseline_coordinate_id_verified_current</description>
      <ExtendedData>
        <Data name="platformId"><value>fccfee31-fe80-4c19-bde6-986f2e01cd84</value></Data>
        <Data name="observedAt"><value>2026-08-26T07:47:22.226Z</value></Data>
        <Data name="locationQuality"><value>baseline_coordinate_id_verified_current</value></Data>
      </ExtendedData>
      <Point><coordinates>77.51191762,12.9031547,0</coordinates></Point>
    </Placemark>
    <Placemark>
      <name>Zepto abd85a95-f3f3-42fd-aeb0-71b9127335f5</name>
      <description>Bengaluru · service_area_seed_median_approximate</description>
      <ExtendedData>
        <Data name="platformId"><value>abd85a95-f3f3-42fd-aeb0-71b9127335f5</value></Data>
        <Data name="observedAt"><value>2026-08-26T07:48:18.389Z</value></Data>
        <Data name="locationQuality"><value>service_area_seed_median_approximate</value></Data>
      </ExtendedData>
      <Point><coordinates>77.53841299999999,13.054604826077696,0</coordinates></Point>
    </Placemark>
    <Placemark>
      <name>DEL-Najafgarh</name>
      <description>Delhi · Delhi · baseline_coordinate_id_verified_current</description>
      <ExtendedData>
        <Data name="platformId"><value>ac3b884c-75d1-48a6-b477-0a0782cf19b4</value></Data>
        <Data name="observedAt"><value>2026-08-26T07:47:15.248Z</value></Data>
        <Data name="locationQuality"><value>baseline_coordinate_id_verified_current</value></Data>
      </ExtendedData>
      <Point><coordinates>76.9890681,28.6119975,0</coordinates></Point>
    </Placemark>
    <Placemark>
      <name>Zepto ac91c141-986b-4bb1-9bb8-5b0be08b65de</name>
      <description>Pune · service_area_seed_median_approximate</description>
      <ExtendedData>
        <Data name="platformId"><value>ac91c141-986b-4bb1-9bb8-5b0be08b65de</value></Data>
        <Data name="observedAt"><value>2026-08-26T07:47:41.473Z</value></Data>
        <Data name="locationQuality"><value>service_area_seed_median_approximate</value></Data>
      </ExtendedData>
      <Point><coordinates>73.8363517,18.457239051081153,0</coordinates></Point>
    </Placemark>
    <Placemark>
      <name>MUM-Koparkhairne New</name>
      <description>Mumbai · Maharashtra · baseline_coordinate_id_verified_current</description>
      <ExtendedData>
        <Data name="platformId"><value>ae984dc5-d33f-49cd-914c-d95d51f9e0ca</value></Data>
        <Data name="observedAt"><value>2026-08-26T07:45:32.919Z</value></Data>
        <Data name="locationQuality"><value>baseline_coordinate_id_verified_current</value></Data>
      </ExtendedData>
      <Point><coordinates>72.992032,19.118582,0</coordinates></Point>
    </Placemark>
    <Placemark>
      <name>BLR-Kothnur New</name>
      <description>Bengaluru · Karnataka · baseline_coordinate_id_verified_current</description>
      <ExtendedData>
        <Data name="platformId"><value>afc14c75-c874-46d8-9877-e66bfa0c7299</value></Data>
        <Data name="observedAt"><value>2026-08-26T07:47:01.850Z</value></Data>
        <Data name="locationQuality"><value>baseline_coordinate_id_verified_current</value></Data>
      </ExtendedData>
      <Point><coordinates>77.5837238276831,12.870096566041891,0</coordinates></Point>
    </Placemark>
    <Placemark>
      <name>Zepto b0a2db37-733d-46d1-808b-7af068fc7f8a</name>
      <description>Hyderabad · service_area_seed_median_approximate</description>
      <ExtendedData>
        <Data name="platformId"><value>b0a2db37-733d-46d1-808b-7af068fc7f8a</value></Data>
        <Data name="observedAt"><value>2026-08-26T07:48:04.704Z</value></Data>
        <Data name="locationQuality"><value>service_area_seed_median_approximate</value></Data>
      </ExtendedData>
      <Point><coordinates>78.4802222,17.542619,0</coordinates></Point>
    </Placemark>
    <Placemark>
      <name>HYD-JUBLEEHILLS</name>
      <description>Hyderabad · Telangana · baseline_coordinate_id_verified_current</description>
      <ExtendedData>
        <Data name="platformId"><value>b2b682f4-7010-4945-b0bf-6e55df78f39d</value></Data>
        <Data name="observedAt"><value>2026-08-26T07:45:42.654Z</value></Data>
        <Data name="locationQuality"><value>baseline_coordinate_id_verified_current</value></Data>
      </ExtendedData>
      <Point><coordinates>78.412773,17.424047,0</coordinates></Point>
    </Placemark>
    <Placemark>
      <name>HYD-Habsiguda</name>
      <description>Hyderabad · Telangana · baseline_coordinate_id_verified_current</description>
      <ExtendedData>
        <Data name="platformId"><value>b2b8106d-74fa-4f6c-8edb-e491da91ddf1</value></Data>
        <Data name="observedAt"><value>2026-08-26T07:45:50.267Z</value></Data>
        <Data name="locationQuality"><value>baseline_coordinate_id_verified_current</value></Data>
      </ExtendedData>
      <Point><coordinates>78.542595,17.399693,0</coordinates></Point>
    </Placemark>
    <Placemark>
      <name>BLR-Whitefield New</name>
      <description>Bengaluru · Karnataka · service_area_seed_median_approximate</description>
      <ExtendedData>
        <Data name="platformId"><value>b4dc8d65-ed2e-4142-81b6-373982b13500</value></Data>
        <Data name="observedAt"><value>2026-08-26T07:47:44.520Z</value></Data>
        <Data name="locationQuality"><value>service_area_seed_median_approximate</value></Data>
      </ExtendedData>
      <Point><coordinates>77.7718582,12.97486139,0</coordinates></Point>
    </Placemark>
    <Placemark>
      <name>DEL-Vijay Vihar Phase 2</name>
      <description>Delhi · Delhi · baseline_coordinate_id_verified_current</description>
      <ExtendedData>
        <Data name="platformId"><value>b5c0eebd-0709-4d34-9530-d4540f4db62f</value></Data>
        <Data name="observedAt"><value>2026-08-26T07:47:01.565Z</value></Data>
        <Data name="locationQuality"><value>baseline_coordinate_id_verified_current</value></Data>
      </ExtendedData>
      <Point><coordinates>77.1009929175267,28.707438540041867,0</coordinates></Point>
    </Placemark>
    <Placemark>
      <name>GGN-Sector 8</name>
      <description>Gurugram · service_area_seed_median_approximate</description>
      <ExtendedData>
        <Data name="platformId"><value>d8c4ab04-68f0-483f-82be-8b9fb18d17ae</value></Data>
        <Data name="observedAt"><value>2026-08-26T07:48:17.361Z</value></Data>
        <Data name="locationQuality"><value>service_area_seed_median_approximate</value></Data>
      </ExtendedData>
      <Point><coordinates>77.01876986857638,28.471396584785257,0</coordinates></Point>
    </Placemark>
    <Placemark>
      <name>Zepto b7e326da-7679-428a-82b4-6cc1d91518ac</name>
      <description>Mumbai · service_area_seed_median_approximate</description>
      <ExtendedData>
        <Data name="platformId"><value>b7e326da-7679-428a-82b4-6cc1d91518ac</value></Data>
        <Data name="observedAt"><value>2026-08-26T07:47:51.391Z</value></Data>
        <Data name="locationQuality"><value>service_area_seed_median_approximate</value></Data>
      </ExtendedData>
      <Point><coordinates>72.93980884867533,19.16623525080987,0</coordinates></Point>
    </Placemark>
    <Placemark>
      <name>DEL-Shahdara</name>
      <description>Delhi · Delhi · baseline_coordinate_id_verified_current</description>
      <ExtendedData>
        <Data name="platformId"><value>b8aed0f4-59e0-4387-825d-406800150b71</value></Data>
        <Data name="observedAt"><value>2026-08-26T07:47:28.626Z</value></Data>
        <Data name="locationQuality"><value>baseline_coordinate_id_verified_current</value></Data>
      </ExtendedData>
      <Point><coordinates>77.273315,28.689378,0</coordinates></Point>
    </Placemark>
    <Placemark>
      <name>DEL-KAROL BAGH NEW</name>
      <description>Delhi · Delhi · service_area_seed_median_approximate</description>
      <ExtendedData>
        <Data name="platformId"><value>b8d61fbc-eb4a-4836-b785-e3b63aa3fa62</value></Data>
        <Data name="observedAt"><value>2026-08-26T07:45:29.255Z</value></Data>
        <Data name="locationQuality"><value>service_area_seed_median_approximate</value></Data>
      </ExtendedData>
      <Point><coordinates>77.143668,28.654999,0</coordinates></Point>
    </Placemark>
    <Placemark>
      <name>Zepto b26ca2be-f12b-4645-a83a-adf09ecfd28b</name>
      <description>Mumbai · service_area_seed_median_approximate</description>
      <ExtendedData>
        <Data name="platformId"><value>b26ca2be-f12b-4645-a83a-adf09ecfd28b</value></Data>
        <Data name="observedAt"><value>2026-08-26T07:47:50.261Z</value></Data>
        <Data name="locationQuality"><value>service_area_seed_median_approximate</value></Data>
      </ExtendedData>
      <Point><coordinates>72.84891699187607,19.24730310281636,0</coordinates></Point>
    </Placemark>
    <Placemark>
      <name>DEL-Palam</name>
      <description>Delhi · service_area_seed_median_approximate</description>
      <ExtendedData>
        <Data name="platformId"><value>b218aa3e-d094-4243-8262-c89476d56ae3</value></Data>
        <Data name="observedAt"><value>2026-08-26T07:48:22.436Z</value></Data>
        <Data name="locationQuality"><value>service_area_seed_median_approximate</value></Data>
      </ExtendedData>
      <Point><coordinates>77.09493649999999,28.603686,0</coordinates></Point>
    </Placemark>
    <Placemark>
      <name>FBD-NIT 2</name>
      <description>Faridabad · Haryana · baseline_coordinate_id_verified_current</description>
      <ExtendedData>
        <Data name="platformId"><value>b463b5a9-6661-4ee9-b58b-03b285ac536e</value></Data>
        <Data name="observedAt"><value>2026-08-26T07:47:31.731Z</value></Data>
        <Data name="locationQuality"><value>baseline_coordinate_id_verified_current</value></Data>
      </ExtendedData>
      <Point><coordinates>77.2994235,28.4040795,0</coordinates></Point>
    </Placemark>
    <Placemark>
      <name>HYD-APCO Colony</name>
      <description>Hyderabad · Telangana · baseline_coordinate_id_verified_current</description>
      <ExtendedData>
        <Data name="platformId"><value>b9641f44-b385-4cbd-816e-6dceeff911b0</value></Data>
        <Data name="observedAt"><value>2026-08-26T07:47:59.011Z</value></Data>
        <Data name="locationQuality"><value>baseline_coordinate_id_verified_current</value></Data>
      </ExtendedData>
      <Point><coordinates>78.576139,17.368778,0</coordinates></Point>
    </Placemark>
    <Placemark>
      <name>HYD-Bolaram Industrial Area</name>
      <description>Hyderabad · Telangana · baseline_coordinate_id_verified_current</description>
      <ExtendedData>
        <Data name="platformId"><value>b38414a7-3fac-439c-a764-2133973bf49e</value></Data>
        <Data name="observedAt"><value>2026-08-26T07:45:38.214Z</value></Data>
        <Data name="locationQuality"><value>baseline_coordinate_id_verified_current</value></Data>
      </ExtendedData>
      <Point><coordinates>78.357285,17.529276,0</coordinates></Point>
    </Placemark>
    <Placemark>
      <name>HYD-Old Alwal</name>
      <description>Hyderabad · service_area_seed_median_approximate</description>
      <ExtendedData>
        <Data name="platformId"><value>b699529f-83ba-4ce1-9780-368aaa1a146b</value></Data>
        <Data name="observedAt"><value>2026-08-26T07:46:09.148Z</value></Data>
        <Data name="locationQuality"><value>service_area_seed_median_approximate</value></Data>
      </ExtendedData>
      <Point><coordinates>78.54382416099816,17.492868447561644,0</coordinates></Point>
    </Placemark>
    <Placemark>
      <name>PUN-PIMPLE SAUDAGAR</name>
      <description>Pune · Maharashtra · baseline_coordinate_id_verified_current</description>
      <ExtendedData>
        <Data name="platformId"><value>fe4a16ca-6c7c-4f1a-88a7-fecda52d8057</value></Data>
        <Data name="observedAt"><value>2026-08-26T07:46:29.354Z</value></Data>
        <Data name="locationQuality"><value>baseline_coordinate_id_verified_current</value></Data>
      </ExtendedData>
      <Point><coordinates>73.791804,18.6039,0</coordinates></Point>
    </Placemark>
    <Placemark>
      <name>HYD-Vittal Rao Nagar</name>
      <description>Hyderabad · service_area_seed_median_approximate</description>
      <ExtendedData>
        <Data name="platformId"><value>ba16220e-b614-45d1-aed5-249acd7087ad</value></Data>
        <Data name="observedAt"><value>2026-08-26T07:46:23.419Z</value></Data>
        <Data name="locationQuality"><value>service_area_seed_median_approximate</value></Data>
      </ExtendedData>
      <Point><coordinates>78.3901131,17.4514128,0</coordinates></Point>
    </Placemark>
    <Placemark>
      <name>GGN-Udyog Vihar New</name>
      <description>Gurugram · Haryana · baseline_coordinate_id_verified_current</description>
      <ExtendedData>
        <Data name="platformId"><value>baa090fc-be13-4b34-87c5-2aea256fd4c4</value></Data>
        <Data name="observedAt"><value>2026-08-26T07:48:15.907Z</value></Data>
        <Data name="locationQuality"><value>baseline_coordinate_id_verified_current</value></Data>
      </ExtendedData>
      <Point><coordinates>77.069438,28.506127,0</coordinates></Point>
    </Placemark>
    <Placemark>
      <name>Zepto badfd8b4-f39a-41ec-8f0a-4f86184f0953</name>
      <description>Mumbai · service_area_seed_median_approximate</description>
      <ExtendedData>
        <Data name="platformId"><value>badfd8b4-f39a-41ec-8f0a-4f86184f0953</value></Data>
        <Data name="observedAt"><value>2026-08-26T07:46:35.504Z</value></Data>
        <Data name="locationQuality"><value>service_area_seed_median_approximate</value></Data>
      </ExtendedData>
      <Point><coordinates>73.009048,19.085756569679944,0</coordinates></Point>
    </Placemark>
    <Placemark>
      <name>HYD-MEHDIPATNAM</name>
      <description>Hyderabad · Telangana · baseline_coordinate_id_verified_current</description>
      <ExtendedData>
        <Data name="platformId"><value>bb713aac-cd12-4b4d-9026-704e3deaaac3</value></Data>
        <Data name="observedAt"><value>2026-08-26T07:47:14.447Z</value></Data>
        <Data name="locationQuality"><value>baseline_coordinate_id_verified_current</value></Data>
      </ExtendedData>
      <Point><coordinates>78.426308,17.394537,0</coordinates></Point>
    </Placemark>
    <Placemark>
      <name>PUN-Kalyani Nagar</name>
      <description>Pune · Maharashtra · service_area_seed_median_approximate</description>
      <ExtendedData>
        <Data name="platformId"><value>befaa444-90e6-4691-a2d0-614d59ac0f1d</value></Data>
        <Data name="observedAt"><value>2026-08-26T07:46:24.285Z</value></Data>
        <Data name="locationQuality"><value>service_area_seed_median_approximate</value></Data>
      </ExtendedData>
      <Point><coordinates>73.88536765814126,18.533569049069985,0</coordinates></Point>
    </Placemark>
    <Placemark>
      <name>MUM-Borivali East</name>
      <description>Mumbai · service_area_seed_median_approximate</description>
      <ExtendedData>
        <Data name="platformId"><value>c1a7b76d-8cfc-4195-83f0-74095169a89f</value></Data>
        <Data name="observedAt"><value>2026-08-26T07:45:12.951Z</value></Data>
        <Data name="locationQuality"><value>service_area_seed_median_approximate</value></Data>
      </ExtendedData>
      <Point><coordinates>72.85172035,19.22356982,0</coordinates></Point>
    </Placemark>
    <Placemark>
      <name>Zepto e7baa74b-172d-4b9d-9a62-a797d0cd9b3a</name>
      <description>Gurugram · service_area_seed_median_approximate</description>
      <ExtendedData>
        <Data name="platformId"><value>e7baa74b-172d-4b9d-9a62-a797d0cd9b3a</value></Data>
        <Data name="observedAt"><value>2026-08-26T07:47:35.930Z</value></Data>
        <Data name="locationQuality"><value>service_area_seed_median_approximate</value></Data>
      </ExtendedData>
      <Point><coordinates>77.0106543537185,28.44296713318302,0</coordinates></Point>
    </Placemark>
    <Placemark>
      <name>NOD-Sector 73 Network-2</name>
      <description>Noida · Uttar Pradesh · service_area_seed_median_approximate</description>
      <ExtendedData>
        <Data name="platformId"><value>c4f5c474-d916-4cf3-ba6d-7a4c5d26d326</value></Data>
        <Data name="observedAt"><value>2026-08-26T07:46:23.137Z</value></Data>
        <Data name="locationQuality"><value>service_area_seed_median_approximate</value></Data>
      </ExtendedData>
      <Point><coordinates>77.397793,28.611323,0</coordinates></Point>
    </Placemark>
    <Placemark>
      <name>PUN-HADAPSAR</name>
      <description>Pune · Maharashtra · baseline_coordinate_id_verified_current</description>
      <ExtendedData>
        <Data name="platformId"><value>c7c3f33e-7fdb-4be2-9693-9809420f5200</value></Data>
        <Data name="observedAt"><value>2026-08-26T07:47:57.468Z</value></Data>
        <Data name="locationQuality"><value>baseline_coordinate_id_verified_current</value></Data>
      </ExtendedData>
      <Point><coordinates>73.92812433956529,18.480671374256037,0</coordinates></Point>
    </Placemark>
    <Placemark>
      <name>BLR-Peenya Network</name>
      <description>Bengaluru · Karnataka · service_area_seed_median_approximate</description>
      <ExtendedData>
        <Data name="platformId"><value>c9d7d275-70b0-4f96-a48f-2a49801fdee8</value></Data>
        <Data name="observedAt"><value>2026-08-26T07:48:16.467Z</value></Data>
        <Data name="locationQuality"><value>service_area_seed_median_approximate</value></Data>
      </ExtendedData>
      <Point><coordinates>77.512076225,13.068891205,0</coordinates></Point>
    </Placemark>
    <Placemark>
      <name>BLR-Yelahanka Network</name>
      <description>Bengaluru · Karnataka · baseline_coordinate_id_verified_current</description>
      <ExtendedData>
        <Data name="platformId"><value>c30df9f0-06c1-4d33-97ff-10ed99190a4d</value></Data>
        <Data name="observedAt"><value>2026-08-26T07:47:42.428Z</value></Data>
        <Data name="locationQuality"><value>baseline_coordinate_id_verified_current</value></Data>
      </ExtendedData>
      <Point><coordinates>77.56327961,13.13749897,0</coordinates></Point>
    </Placemark>
    <Placemark>
      <name>MUM-Seawoods</name>
      <description>Mumbai · Maharashtra · baseline_coordinate_id_verified_current</description>
      <ExtendedData>
        <Data name="platformId"><value>c221bd15-b6c3-407e-a195-7f714e91db4c</value></Data>
        <Data name="observedAt"><value>2026-08-26T07:45:15.915Z</value></Data>
        <Data name="locationQuality"><value>baseline_coordinate_id_verified_current</value></Data>
      </ExtendedData>
      <Point><coordinates>73.02365402389766,19.01166619373261,0</coordinates></Point>
    </Placemark>
    <Placemark>
      <name>BLR-Kannika Nagar</name>
      <description>Bengaluru · Karnataka · baseline_coordinate_id_verified_current</description>
      <ExtendedData>
        <Data name="platformId"><value>c647bfb4-1b5a-433d-ba29-0c75c2da883e</value></Data>
        <Data name="observedAt"><value>2026-08-26T07:47:19.049Z</value></Data>
        <Data name="locationQuality"><value>baseline_coordinate_id_verified_current</value></Data>
      </ExtendedData>
      <Point><coordinates>77.66311187,12.79803706,0</coordinates></Point>
    </Placemark>
    <Placemark>
      <name>DEL-IP EXTENSION</name>
      <description>Delhi · Delhi · service_area_seed_median_approximate</description>
      <ExtendedData>
        <Data name="platformId"><value>c951a741-faf1-4189-be8c-e441b6985190</value></Data>
        <Data name="observedAt"><value>2026-08-26T07:46:50.090Z</value></Data>
        <Data name="locationQuality"><value>service_area_seed_median_approximate</value></Data>
      </ExtendedData>
      <Point><coordinates>77.29246649999999,28.6454465,0</coordinates></Point>
    </Placemark>
    <Placemark>
      <name>Zepto c978abd4-1b79-40d2-ab47-ec19b7c29d41</name>
      <description>Delhi · service_area_seed_median_approximate</description>
      <ExtendedData>
        <Data name="platformId"><value>c978abd4-1b79-40d2-ab47-ec19b7c29d41</value></Data>
        <Data name="observedAt"><value>2026-08-26T07:48:11.005Z</value></Data>
        <Data name="locationQuality"><value>service_area_seed_median_approximate</value></Data>
      </ExtendedData>
      <Point><coordinates>77.1674819,28.704421,0</coordinates></Point>
    </Placemark>
    <Placemark>
      <name>Mum-Parel</name>
      <description>Mumbai · Maharashtra · baseline_coordinate_id_verified_current</description>
      <ExtendedData>
        <Data name="platformId"><value>c2279e92-0a29-4470-861e-28a8798e031f</value></Data>
        <Data name="observedAt"><value>2026-08-26T07:45:58.585Z</value></Data>
        <Data name="locationQuality"><value>baseline_coordinate_id_verified_current</value></Data>
      </ExtendedData>
      <Point><coordinates>72.84805584890945,18.99228241814113,0</coordinates></Point>
    </Placemark>
    <Placemark>
      <name>HYD-Dulapally</name>
      <description>Hyderabad · Telangana · baseline_coordinate_id_verified_current</description>
      <ExtendedData>
        <Data name="platformId"><value>c58033dc-cb75-414a-8c20-b1e0825c812d</value></Data>
        <Data name="observedAt"><value>2026-08-26T07:48:04.704Z</value></Data>
        <Data name="locationQuality"><value>baseline_coordinate_id_verified_current</value></Data>
      </ExtendedData>
      <Point><coordinates>78.47593963,17.542619,0</coordinates></Point>
    </Placemark>
    <Placemark>
      <name>HYD-DAMMAIGUDA</name>
      <description>Hyderabad · Telangana · baseline_coordinate_id_verified_current</description>
      <ExtendedData>
        <Data name="platformId"><value>c96055f6-ed06-46e5-93af-58fa1a374792</value></Data>
        <Data name="observedAt"><value>2026-08-26T07:48:00.381Z</value></Data>
        <Data name="locationQuality"><value>baseline_coordinate_id_verified_current</value></Data>
      </ExtendedData>
      <Point><coordinates>78.5877951,17.5013263,0</coordinates></Point>
    </Placemark>
    <Placemark>
      <name>GGN-Nathupur</name>
      <description>Gurugram · Haryana · service_area_seed_median_approximate</description>
      <ExtendedData>
        <Data name="platformId"><value>cb64eb92-03c1-452a-b98d-2582d7818f74</value></Data>
        <Data name="observedAt"><value>2026-08-26T07:47:38.743Z</value></Data>
        <Data name="locationQuality"><value>service_area_seed_median_approximate</value></Data>
      </ExtendedData>
      <Point><coordinates>77.09432046322249,28.46331087447503,0</coordinates></Point>
    </Placemark>
    <Placemark>
      <name>PUN-Balewadi</name>
      <description>Pune · Maharashtra · baseline_coordinate_id_verified_current</description>
      <ExtendedData>
        <Data name="platformId"><value>cb822812-1d29-440c-8759-b33d31f78248</value></Data>
        <Data name="observedAt"><value>2026-08-26T07:46:47.343Z</value></Data>
        <Data name="locationQuality"><value>baseline_coordinate_id_verified_current</value></Data>
      </ExtendedData>
      <Point><coordinates>73.767667,18.581723,0</coordinates></Point>
    </Placemark>
    <Placemark>
      <name>HYD-Bharat Nagar</name>
      <description>Hyderabad · Telangana · service_area_seed_median_approximate</description>
      <ExtendedData>
        <Data name="platformId"><value>cc426fcd-a674-42dd-bae4-12b871b14758</value></Data>
        <Data name="observedAt"><value>2026-08-26T07:48:22.737Z</value></Data>
        <Data name="locationQuality"><value>service_area_seed_median_approximate</value></Data>
      </ExtendedData>
      <Point><coordinates>78.418955615,17.4912888,0</coordinates></Point>
    </Placemark>
    <Placemark>
      <name>BLR-Kumaraswamy Layout</name>
      <description>Bengaluru · Karnataka · service_area_seed_median_approximate</description>
      <ExtendedData>
        <Data name="platformId"><value>ccc9dc9b-9c6f-421e-bedc-f2e7463a75e9</value></Data>
        <Data name="observedAt"><value>2026-08-26T07:45:05.880Z</value></Data>
        <Data name="locationQuality"><value>service_area_seed_median_approximate</value></Data>
      </ExtendedData>
      <Point><coordinates>77.584495,12.894204,0</coordinates></Point>
    </Placemark>
    <Placemark>
      <name>GZB-Sahibabad New</name>
      <description>Ghaziabad · Uttar Pradesh · baseline_coordinate_id_verified_current</description>
      <ExtendedData>
        <Data name="platformId"><value>cd3f5394-9700-484e-97d7-7d68e3a620af</value></Data>
        <Data name="observedAt"><value>2026-08-26T07:47:07.771Z</value></Data>
        <Data name="locationQuality"><value>baseline_coordinate_id_verified_current</value></Data>
      </ExtendedData>
      <Point><coordinates>77.33111451,28.66749031,0</coordinates></Point>
    </Placemark>
    <Placemark>
      <name>HYD-Chengicherla</name>
      <description>Hyderabad · Telangana · baseline_coordinate_id_verified_current</description>
      <ExtendedData>
        <Data name="platformId"><value>cd6c08c9-56dc-4f63-8aee-c53fbd38927b</value></Data>
        <Data name="observedAt"><value>2026-08-26T07:45:11.032Z</value></Data>
        <Data name="locationQuality"><value>baseline_coordinate_id_verified_current</value></Data>
      </ExtendedData>
      <Point><coordinates>78.597353,17.432703,0</coordinates></Point>
    </Placemark>
    <Placemark>
      <name>HYD-Chandanagar New</name>
      <description>Hyderabad · Telangana · service_area_seed_median_approximate</description>
      <ExtendedData>
        <Data name="platformId"><value>cdfc1ee0-04f2-4bf1-afa7-ce41be802b28</value></Data>
        <Data name="observedAt"><value>2026-08-26T07:45:19.534Z</value></Data>
        <Data name="locationQuality"><value>service_area_seed_median_approximate</value></Data>
      </ExtendedData>
      <Point><coordinates>78.31925768,17.52584138,0</coordinates></Point>
    </Placemark>
    <Placemark>
      <name>MUM-Bhayendarpada</name>
      <description>Mumbai · Maharashtra · baseline_coordinate_id_verified_current</description>
      <ExtendedData>
        <Data name="platformId"><value>cf7f18ae-84f3-429a-a19d-f35f08e97c58</value></Data>
        <Data name="observedAt"><value>2026-08-26T07:47:15.512Z</value></Data>
        <Data name="locationQuality"><value>baseline_coordinate_id_verified_current</value></Data>
      </ExtendedData>
      <Point><coordinates>72.95811157114244,19.27645289501628,0</coordinates></Point>
    </Placemark>
    <Placemark>
      <name>BLR-JAYANAGAR New</name>
      <description>Bengaluru · Karnataka · baseline_coordinate_id_verified_current</description>
      <ExtendedData>
        <Data name="platformId"><value>cf384ecd-5e1f-47e9-9194-8e9dc940e8c3</value></Data>
        <Data name="observedAt"><value>2026-08-26T07:48:24.653Z</value></Data>
        <Data name="locationQuality"><value>baseline_coordinate_id_verified_current</value></Data>
      </ExtendedData>
      <Point><coordinates>77.580188,12.941703,0</coordinates></Point>
    </Placemark>
    <Placemark>
      <name>HYD-Bairaghiguda</name>
      <description>Hyderabad · Telangana · baseline_coordinate_id_verified_current</description>
      <ExtendedData>
        <Data name="platformId"><value>d3b1134c-67ad-483b-ae21-de0d090cd4df</value></Data>
        <Data name="observedAt"><value>2026-08-26T07:47:04.129Z</value></Data>
        <Data name="locationQuality"><value>baseline_coordinate_id_verified_current</value></Data>
      </ExtendedData>
      <Point><coordinates>78.3854925,17.3570581,0</coordinates></Point>
    </Placemark>
    <Placemark>
      <name>BLR-Mico Layout Network</name>
      <description>Bengaluru · Karnataka · baseline_coordinate_id_verified_current</description>
      <ExtendedData>
        <Data name="platformId"><value>d6e7afa1-5e3c-48e4-be20-227555f7984c</value></Data>
        <Data name="observedAt"><value>2026-08-26T07:48:00.071Z</value></Data>
        <Data name="locationQuality"><value>baseline_coordinate_id_verified_current</value></Data>
      </ExtendedData>
      <Point><coordinates>77.64508193,12.87771825,0</coordinates></Point>
    </Placemark>
    <Placemark>
      <name>DEL-Bagdola</name>
      <description>Delhi · Delhi · baseline_coordinate_id_verified_current</description>
      <ExtendedData>
        <Data name="platformId"><value>d9b656fe-41ad-4645-9fad-af3bf1cf7d8f</value></Data>
        <Data name="observedAt"><value>2026-08-26T07:45:21.717Z</value></Data>
        <Data name="locationQuality"><value>baseline_coordinate_id_verified_current</value></Data>
      </ExtendedData>
      <Point><coordinates>77.07253362,28.57344104,0</coordinates></Point>
    </Placemark>
    <Placemark>
      <name>DEL-Tri Nagar</name>
      <description>Delhi · Delhi · service_area_seed_median_approximate</description>
      <ExtendedData>
        <Data name="platformId"><value>d13c1520-9614-4788-940b-b94ebdfa434f</value></Data>
        <Data name="observedAt"><value>2026-08-26T07:47:26.744Z</value></Data>
        <Data name="locationQuality"><value>service_area_seed_median_approximate</value></Data>
      </ExtendedData>
      <Point><coordinates>77.1528689,28.6618098,0</coordinates></Point>
    </Placemark>
    <Placemark>
      <name>Zepto d38c9d04-5703-4156-8431-c27aebbf3dc1</name>
      <description>Gurugram · service_area_seed_median_approximate</description>
      <ExtendedData>
        <Data name="platformId"><value>d38c9d04-5703-4156-8431-c27aebbf3dc1</value></Data>
        <Data name="observedAt"><value>2026-08-26T07:48:15.907Z</value></Data>
        <Data name="locationQuality"><value>service_area_seed_median_approximate</value></Data>
      </ExtendedData>
      <Point><coordinates>77.038629,28.506127,0</coordinates></Point>
    </Placemark>
    <Placemark>
      <name>Zepto d71ff3ac-0dbd-43de-bf48-6a1b0ba17c12</name>
      <description>Hyderabad · service_area_seed_median_approximate</description>
      <ExtendedData>
        <Data name="platformId"><value>d71ff3ac-0dbd-43de-bf48-6a1b0ba17c12</value></Data>
        <Data name="observedAt"><value>2026-08-26T07:47:11.626Z</value></Data>
        <Data name="locationQuality"><value>service_area_seed_median_approximate</value></Data>
      </ExtendedData>
      <Point><coordinates>78.336183,17.507607,0</coordinates></Point>
    </Placemark>
    <Placemark>
      <name>MUM-Malad Network</name>
      <description>Mumbai · Maharashtra · baseline_coordinate_id_verified_current</description>
      <ExtendedData>
        <Data name="platformId"><value>d390ee2b-1c8f-4236-9c8b-b60173fd330a</value></Data>
        <Data name="observedAt"><value>2026-08-26T07:46:04.262Z</value></Data>
        <Data name="locationQuality"><value>baseline_coordinate_id_verified_current</value></Data>
      </ExtendedData>
      <Point><coordinates>72.83888913,19.18963269,0</coordinates></Point>
    </Placemark>
    <Placemark>
      <name>Zepto d890c3ec-bdf4-4253-b3b4-60742f691584</name>
      <description>Gurugram · service_area_seed_median_approximate</description>
      <ExtendedData>
        <Data name="platformId"><value>d890c3ec-bdf4-4253-b3b4-60742f691584</value></Data>
        <Data name="observedAt"><value>2026-08-26T07:47:38.743Z</value></Data>
        <Data name="locationQuality"><value>service_area_seed_median_approximate</value></Data>
      </ExtendedData>
      <Point><coordinates>77.09687273161124,28.475224437237515,0</coordinates></Point>
    </Placemark>
    <Placemark>
      <name>Zepto d4205b92-165a-4ad5-89c1-f857521a047f</name>
      <description>Bengaluru · service_area_seed_median_approximate</description>
      <ExtendedData>
        <Data name="platformId"><value>d4205b92-165a-4ad5-89c1-f857521a047f</value></Data>
        <Data name="observedAt"><value>2026-08-26T07:47:43.919Z</value></Data>
        <Data name="locationQuality"><value>service_area_seed_median_approximate</value></Data>
      </ExtendedData>
      <Point><coordinates>77.59946145767019,13.0324086,0</coordinates></Point>
    </Placemark>
    <Placemark>
      <name>GGN-Maruti Kunj</name>
      <description>Gurugram · Haryana · baseline_coordinate_id_verified_current</description>
      <ExtendedData>
        <Data name="platformId"><value>d8507dc4-e2dc-4b97-96f6-c7d285da48bf</value></Data>
        <Data name="observedAt"><value>2026-08-26T07:48:12.466Z</value></Data>
        <Data name="locationQuality"><value>baseline_coordinate_id_verified_current</value></Data>
      </ExtendedData>
      <Point><coordinates>77.08228446,28.36132554,0</coordinates></Point>
    </Placemark>
    <Placemark>
      <name>DEL-Malviya Nagar Network</name>
      <description>Delhi · Delhi · baseline_coordinate_id_verified_current</description>
      <ExtendedData>
        <Data name="platformId"><value>da285a58-89f2-448e-b5d7-dddce15e9bba</value></Data>
        <Data name="observedAt"><value>2026-08-26T07:47:45.776Z</value></Data>
        <Data name="locationQuality"><value>baseline_coordinate_id_verified_current</value></Data>
      </ExtendedData>
      <Point><coordinates>77.207585,28.537299,0</coordinates></Point>
    </Placemark>
    <Placemark>
      <name>DEL-Samaypur</name>
      <description>Delhi · Delhi · baseline_coordinate_id_verified_current</description>
      <ExtendedData>
        <Data name="platformId"><value>da5125c1-14c6-4407-b8a3-7e2749ecbc51</value></Data>
        <Data name="observedAt"><value>2026-08-26T07:45:58.823Z</value></Data>
        <Data name="locationQuality"><value>baseline_coordinate_id_verified_current</value></Data>
      </ExtendedData>
      <Point><coordinates>77.148151,28.755682,0</coordinates></Point>
    </Placemark>
    <Placemark>
      <name>DEL-JANAKPURI</name>
      <description>Delhi · Delhi · service_area_seed_median_approximate</description>
      <ExtendedData>
        <Data name="platformId"><value>dad7f2ba-1d52-4c30-8c5a-c7fa01f705a1</value></Data>
        <Data name="observedAt"><value>2026-08-26T07:48:16.759Z</value></Data>
        <Data name="locationQuality"><value>service_area_seed_median_approximate</value></Data>
      </ExtendedData>
      <Point><coordinates>77.092152,28.642622024719767,0</coordinates></Point>
    </Placemark>
    <Placemark>
      <name>PUN-Ambegaon</name>
      <description>Pune · Maharashtra · baseline_coordinate_id_verified_current</description>
      <ExtendedData>
        <Data name="platformId"><value>db4ee2ab-1f56-4e37-9969-3407620c48f5</value></Data>
        <Data name="observedAt"><value>2026-08-26T07:46:13.446Z</value></Data>
        <Data name="locationQuality"><value>baseline_coordinate_id_verified_current</value></Data>
      </ExtendedData>
      <Point><coordinates>73.8363517,18.4485458,0</coordinates></Point>
    </Placemark>
    <Placemark>
      <name>GGN-Manesar</name>
      <description>Gurugram · Haryana · baseline_coordinate_id_verified_current</description>
      <ExtendedData>
        <Data name="platformId"><value>dbce85ee-e3de-44b6-994d-72bc38c63389</value></Data>
        <Data name="observedAt"><value>2026-08-26T07:47:02.975Z</value></Data>
        <Data name="locationQuality"><value>baseline_coordinate_id_verified_current</value></Data>
      </ExtendedData>
      <Point><coordinates>76.949587,28.361335,0</coordinates></Point>
    </Placemark>
    <Placemark>
      <name>DEL-Model Town Network</name>
      <description>Delhi · Delhi · baseline_coordinate_id_verified_current</description>
      <ExtendedData>
        <Data name="platformId"><value>dc8d6b1b-1d01-46bd-809c-606fca125ab1</value></Data>
        <Data name="observedAt"><value>2026-08-26T07:46:41.105Z</value></Data>
        <Data name="locationQuality"><value>baseline_coordinate_id_verified_current</value></Data>
      </ExtendedData>
      <Point><coordinates>77.195459,28.704421,0</coordinates></Point>
    </Placemark>
    <Placemark>
      <name>BLR-Sanjaynagar</name>
      <description>Bengaluru · Karnataka · baseline_coordinate_id_verified_current</description>
      <ExtendedData>
        <Data name="platformId"><value>dc47f38a-1d35-4144-a6b2-d1470a32faf3</value></Data>
        <Data name="observedAt"><value>2026-08-26T07:45:30.673Z</value></Data>
        <Data name="locationQuality"><value>baseline_coordinate_id_verified_current</value></Data>
      </ExtendedData>
      <Point><coordinates>77.58054019,13.03273924,0</coordinates></Point>
    </Placemark>
    <Placemark>
      <name>Zepto dd0aebf0-fb91-4644-bf64-5ac156a4b57f</name>
      <description>Mumbai · service_area_seed_median_approximate</description>
      <ExtendedData>
        <Data name="platformId"><value>dd0aebf0-fb91-4644-bf64-5ac156a4b57f</value></Data>
        <Data name="observedAt"><value>2026-08-26T07:45:58.585Z</value></Data>
        <Data name="locationQuality"><value>service_area_seed_median_approximate</value></Data>
      </ExtendedData>
      <Point><coordinates>72.83806561,18.992952,0</coordinates></Point>
    </Placemark>
    <Placemark>
      <name>GGN-Sector 28 New</name>
      <description>Gurugram · Haryana · service_area_seed_median_approximate</description>
      <ExtendedData>
        <Data name="platformId"><value>de5f724c-2832-47fb-b811-d0cdcc00157d</value></Data>
        <Data name="observedAt"><value>2026-08-26T07:46:59.424Z</value></Data>
        <Data name="locationQuality"><value>service_area_seed_median_approximate</value></Data>
      </ExtendedData>
      <Point><coordinates>77.099425,28.487138,0</coordinates></Point>
    </Placemark>
    <Placemark>
      <name>Zepto de95e00b-0ebf-4f65-8f27-df66fd91dc13</name>
      <description>Hyderabad · service_area_seed_median_approximate</description>
      <ExtendedData>
        <Data name="platformId"><value>de95e00b-0ebf-4f65-8f27-df66fd91dc13</value></Data>
        <Data name="observedAt"><value>2026-08-26T07:47:30.932Z</value></Data>
        <Data name="locationQuality"><value>service_area_seed_median_approximate</value></Data>
      </ExtendedData>
      <Point><coordinates>78.377369,17.40972287,0</coordinates></Point>
    </Placemark>
    <Placemark>
      <name>BLR-Malleshpalya</name>
      <description>Bengaluru · service_area_seed_median_approximate</description>
      <ExtendedData>
        <Data name="platformId"><value>de4610e9-8f06-4b8f-950b-f4c4824ced43</value></Data>
        <Data name="observedAt"><value>2026-08-26T07:47:09.722Z</value></Data>
        <Data name="locationQuality"><value>service_area_seed_median_approximate</value></Data>
      </ExtendedData>
      <Point><coordinates>77.66771313,13.0047881,0</coordinates></Point>
    </Placemark>
    <Placemark>
      <name>Zepto e0a0c84c-0819-482e-8b95-55d4b32592d8</name>
      <description>Delhi · service_area_seed_median_approximate</description>
      <ExtendedData>
        <Data name="platformId"><value>e0a0c84c-0819-482e-8b95-55d4b32592d8</value></Data>
        <Data name="observedAt"><value>2026-08-26T07:46:50.090Z</value></Data>
        <Data name="locationQuality"><value>service_area_seed_median_approximate</value></Data>
      </ExtendedData>
      <Point><coordinates>77.2936104,28.641917,0</coordinates></Point>
    </Placemark>
    <Placemark>
      <name>HYD-MUSHEERABAD NEW</name>
      <description>Hyderabad · Telangana · baseline_coordinate_id_verified_current</description>
      <ExtendedData>
        <Data name="platformId"><value>e4cb21ce-7d08-43cf-af28-bf84bac6e094</value></Data>
        <Data name="observedAt"><value>2026-08-26T07:47:48.451Z</value></Data>
        <Data name="locationQuality"><value>baseline_coordinate_id_verified_current</value></Data>
      </ExtendedData>
      <Point><coordinates>78.499561,17.421277,0</coordinates></Point>
    </Placemark>
    <Placemark>
      <name>PUN-Bhekrai Nagar</name>
      <description>Pune · Maharashtra · service_area_seed_median_approximate</description>
      <ExtendedData>
        <Data name="platformId"><value>e8d2b0f5-541c-4bc5-812d-67f6ed429043</value></Data>
        <Data name="observedAt"><value>2026-08-26T07:47:14.926Z</value></Data>
        <Data name="locationQuality"><value>service_area_seed_median_approximate</value></Data>
      </ExtendedData>
      <Point><coordinates>73.94451072,18.51127658,0</coordinates></Point>
    </Placemark>
    <Placemark>
      <name>HYD-BAIRAMALGUDA</name>
      <description>Hyderabad · Telangana · baseline_coordinate_id_verified_current</description>
      <ExtendedData>
        <Data name="platformId"><value>e9c206f4-5e36-40ea-9d34-071b0c016be3</value></Data>
        <Data name="observedAt"><value>2026-08-26T07:46:31.308Z</value></Data>
        <Data name="locationQuality"><value>baseline_coordinate_id_verified_current</value></Data>
      </ExtendedData>
      <Point><coordinates>78.55255546,17.33527595,0</coordinates></Point>
    </Placemark>
    <Placemark>
      <name>GGN-Sector 86</name>
      <description>Gurugram · Haryana · baseline_coordinate_id_verified_current</description>
      <ExtendedData>
        <Data name="platformId"><value>e09e8bac-2aad-4634-9d2c-d19833956f3a</value></Data>
        <Data name="observedAt"><value>2026-08-26T07:46:01.203Z</value></Data>
        <Data name="locationQuality"><value>baseline_coordinate_id_verified_current</value></Data>
      </ExtendedData>
      <Point><coordinates>76.933179,28.394882,0</coordinates></Point>
    </Placemark>
    <Placemark>
      <name>Zepto e052e083-dbfe-4156-a86e-e2fd848f8c3e</name>
      <description>Hyderabad · service_area_seed_median_approximate</description>
      <ExtendedData>
        <Data name="platformId"><value>e052e083-dbfe-4156-a86e-e2fd848f8c3e</value></Data>
        <Data name="observedAt"><value>2026-08-26T07:48:10.777Z</value></Data>
        <Data name="locationQuality"><value>service_area_seed_median_approximate</value></Data>
      </ExtendedData>
      <Point><coordinates>78.41953626909108,17.374244372403176,0</coordinates></Point>
    </Placemark>
    <Placemark>
      <name>BLR-Belathur</name>
      <description>Bengaluru · Karnataka · baseline_coordinate_id_verified_current</description>
      <ExtendedData>
        <Data name="platformId"><value>e58fff62-7695-44c2-aba0-6bc96074bc64</value></Data>
        <Data name="observedAt"><value>2026-08-26T07:45:56.492Z</value></Data>
        <Data name="locationQuality"><value>baseline_coordinate_id_verified_current</value></Data>
      </ExtendedData>
      <Point><coordinates>77.7464722,12.9996667,0</coordinates></Point>
    </Placemark>
    <Placemark>
      <name>GZB-Loni</name>
      <description>Ghaziabad · Uttar Pradesh · baseline_coordinate_id_verified_current</description>
      <ExtendedData>
        <Data name="platformId"><value>e85e67f1-ab37-4e67-be93-1a2d5ab95185</value></Data>
        <Data name="observedAt"><value>2026-08-26T07:47:21.719Z</value></Data>
        <Data name="locationQuality"><value>baseline_coordinate_id_verified_current</value></Data>
      </ExtendedData>
      <Point><coordinates>77.28761,28.74279,0</coordinates></Point>
    </Placemark>
    <Placemark>
      <name>Zepto e096acfe-3139-4927-b2c8-f36e3587fcf8</name>
      <description>Hyderabad · service_area_seed_median_approximate</description>
      <ExtendedData>
        <Data name="platformId"><value>e096acfe-3139-4927-b2c8-f36e3587fcf8</value></Data>
        <Data name="observedAt"><value>2026-08-26T07:48:00.381Z</value></Data>
        <Data name="locationQuality"><value>service_area_seed_median_approximate</value></Data>
      </ExtendedData>
      <Point><coordinates>78.553837,17.47762315,0</coordinates></Point>
    </Placemark>
    <Placemark>
      <name>Zepto e531dd78-694e-4025-afdb-76adec0f6d48</name>
      <description>Hyderabad · service_area_seed_median_approximate</description>
      <ExtendedData>
        <Data name="platformId"><value>e531dd78-694e-4025-afdb-76adec0f6d48</value></Data>
        <Data name="observedAt"><value>2026-08-26T07:46:03.952Z</value></Data>
        <Data name="locationQuality"><value>service_area_seed_median_approximate</value></Data>
      </ExtendedData>
      <Point><coordinates>78.30622769469727,17.462769613041992,0</coordinates></Point>
    </Placemark>
    <Placemark>
      <name>NOD-Sector 149</name>
      <description>Noida · Uttar Pradesh · baseline_coordinate_id_verified_current</description>
      <ExtendedData>
        <Data name="platformId"><value>eb94a416-fd5b-4c8d-a9c2-a5d93a3069d9</value></Data>
        <Data name="observedAt"><value>2026-08-26T07:47:26.264Z</value></Data>
        <Data name="locationQuality"><value>baseline_coordinate_id_verified_current</value></Data>
      </ExtendedData>
      <Point><coordinates>77.479131,28.435224,0</coordinates></Point>
    </Placemark>
    <Placemark>
      <name>GGN- Hayatpur</name>
      <description>Gurugram · Haryana · baseline_coordinate_id_verified_current</description>
      <ExtendedData>
        <Data name="platformId"><value>ebc97fa4-aae3-4ece-9ce9-8025aa679e49</value></Data>
        <Data name="observedAt"><value>2026-08-26T07:45:33.795Z</value></Data>
        <Data name="locationQuality"><value>baseline_coordinate_id_verified_current</value></Data>
      </ExtendedData>
      <Point><coordinates>76.934209,28.421887,0</coordinates></Point>
    </Placemark>
    <Placemark>
      <name>MUM-WAGHLE ESTATE</name>
      <description>Mumbai · Maharashtra · baseline_coordinate_id_verified_current</description>
      <ExtendedData>
        <Data name="platformId"><value>edf1aca4-600d-45b6-b7f8-8d83157bb84f</value></Data>
        <Data name="observedAt"><value>2026-08-26T07:47:51.391Z</value></Data>
        <Data name="locationQuality"><value>baseline_coordinate_id_verified_current</value></Data>
      </ExtendedData>
      <Point><coordinates>72.94593366861521,19.19617470535646,0</coordinates></Point>
    </Placemark>
    <Placemark>
      <name>Zepto efaa6e99-a68b-4c31-a50a-1bc5712533d7</name>
      <description>Delhi · service_area_seed_median_approximate</description>
      <ExtendedData>
        <Data name="platformId"><value>efaa6e99-a68b-4c31-a50a-1bc5712533d7</value></Data>
        <Data name="observedAt"><value>2026-08-26T07:48:05.214Z</value></Data>
        <Data name="locationQuality"><value>service_area_seed_median_approximate</value></Data>
      </ExtendedData>
      <Point><coordinates>77.25255899999999,28.54506518503261,0</coordinates></Point>
    </Placemark>
    <Placemark>
      <name>BLR-RAGHAVENDRA LAYOUT NETWORK</name>
      <description>Bengaluru · Karnataka · baseline_coordinate_id_verified_current</description>
      <ExtendedData>
        <Data name="platformId"><value>f3aab636-1e25-4da4-b9f4-e8a1ccde5b4a</value></Data>
        <Data name="observedAt"><value>2026-08-26T07:47:55.750Z</value></Data>
        <Data name="locationQuality"><value>baseline_coordinate_id_verified_current</value></Data>
      </ExtendedData>
      <Point><coordinates>77.55881835,12.8845944,0</coordinates></Point>
    </Placemark>
    <Placemark>
      <name>Zepto f88dd0bb-dc4a-400c-badc-d8fc18aeaeb7</name>
      <description>Delhi · service_area_seed_median_approximate</description>
      <ExtendedData>
        <Data name="platformId"><value>f88dd0bb-dc4a-400c-badc-d8fc18aeaeb7</value></Data>
        <Data name="observedAt"><value>2026-08-26T07:47:58.228Z</value></Data>
        <Data name="locationQuality"><value>service_area_seed_median_approximate</value></Data>
      </ExtendedData>
      <Point><coordinates>77.1553515,28.5293375,0</coordinates></Point>
    </Placemark>
    <Placemark>
      <name>Zepto f4626c02-1bd4-4396-9a7c-e111d2fc0170</name>
      <description>Gurugram · service_area_seed_median_approximate</description>
      <ExtendedData>
        <Data name="platformId"><value>f4626c02-1bd4-4396-9a7c-e111d2fc0170</value></Data>
        <Data name="observedAt"><value>2026-08-26T07:45:18.825Z</value></Data>
        <Data name="locationQuality"><value>service_area_seed_median_approximate</value></Data>
      </ExtendedData>
      <Point><coordinates>77.090524,28.435337,0</coordinates></Point>
    </Placemark>
    <Placemark>
      <name>MUM-Waghbil Network-3</name>
      <description>Mumbai · Maharashtra · service_area_seed_median_approximate</description>
      <ExtendedData>
        <Data name="platformId"><value>f4877d26-05ba-4844-8609-1de598d206a5</value></Data>
        <Data name="observedAt"><value>2026-08-26T07:47:29.104Z</value></Data>
        <Data name="locationQuality"><value>service_area_seed_median_approximate</value></Data>
      </ExtendedData>
      <Point><coordinates>72.97454663690698,19.249464668378334,0</coordinates></Point>
    </Placemark>
    <Placemark>
      <name>DEL-Wazirpur Network</name>
      <description>Delhi · Delhi · service_area_seed_median_approximate</description>
      <ExtendedData>
        <Data name="platformId"><value>f36075d2-40c9-4e63-a9d0-4fe36b2ca31f</value></Data>
        <Data name="observedAt"><value>2026-08-26T07:48:11.005Z</value></Data>
        <Data name="locationQuality"><value>service_area_seed_median_approximate</value></Data>
      </ExtendedData>
      <Point><coordinates>77.15517475,28.70404345,0</coordinates></Point>
    </Placemark>
    <Placemark>
      <name>Zepto f931724a-0140-4c06-b832-027e03fc320a</name>
      <description>Pune · service_area_seed_median_approximate</description>
      <ExtendedData>
        <Data name="platformId"><value>f931724a-0140-4c06-b832-027e03fc320a</value></Data>
        <Data name="observedAt"><value>2026-08-26T07:47:16.559Z</value></Data>
        <Data name="locationQuality"><value>service_area_seed_median_approximate</value></Data>
      </ExtendedData>
      <Point><coordinates>73.74013889559649,18.58575838,0</coordinates></Point>
    </Placemark>
    <Placemark>
      <name>Zepto f2818431-48b5-4b57-9ec5-02e8eef7bc92</name>
      <description>Delhi · service_area_seed_median_approximate</description>
      <ExtendedData>
        <Data name="platformId"><value>f2818431-48b5-4b57-9ec5-02e8eef7bc92</value></Data>
        <Data name="observedAt"><value>2026-08-26T07:47:01.565Z</value></Data>
        <Data name="locationQuality"><value>service_area_seed_median_approximate</value></Data>
      </ExtendedData>
      <Point><coordinates>77.10776745876335,28.702635770020933,0</coordinates></Point>
    </Placemark>
    <Placemark>
      <name>Zepto fc88e94a-f4b7-4eab-8ce0-fdecf2e29d5f</name>
      <description>Hyderabad · service_area_seed_median_approximate</description>
      <ExtendedData>
        <Data name="platformId"><value>fc88e94a-f4b7-4eab-8ce0-fdecf2e29d5f</value></Data>
        <Data name="observedAt"><value>2026-08-26T07:48:03.229Z</value></Data>
        <Data name="locationQuality"><value>service_area_seed_median_approximate</value></Data>
      </ExtendedData>
      <Point><coordinates>78.39050015000001,17.513896635000002,0</coordinates></Point>
    </Placemark>
    <Placemark>
      <name>Zepto fc05177a-ca9e-4c93-9811-dbb101b0c8f7</name>
      <description>Noida · service_area_seed_median_approximate</description>
      <ExtendedData>
        <Data name="platformId"><value>fc05177a-ca9e-4c93-9811-dbb101b0c8f7</value></Data>
        <Data name="observedAt"><value>2026-08-26T07:48:08.052Z</value></Data>
        <Data name="locationQuality"><value>service_area_seed_median_approximate</value></Data>
      </ExtendedData>
      <Point><coordinates>77.4483112,28.571107,0</coordinates></Point>
    </Placemark>
    <Placemark>
      <name>GGN-Palam Vihar</name>
      <description>Gurugram · Haryana · baseline_coordinate_id_verified_current</description>
      <ExtendedData>
        <Data name="platformId"><value>fd647cf6-e1e8-417e-b2ce-e3f9cb4fbb4f</value></Data>
        <Data name="observedAt"><value>2026-08-26T07:47:25.648Z</value></Data>
        <Data name="locationQuality"><value>baseline_coordinate_id_verified_current</value></Data>
      </ExtendedData>
      <Point><coordinates>77.031636,28.503209,0</coordinates></Point>
    </Placemark>
    <Placemark>
      <name>MUM-Palava City</name>
      <description>Mumbai · Maharashtra · baseline_coordinate_id_verified_current</description>
      <ExtendedData>
        <Data name="platformId"><value>fe7c8d05-02c0-4358-a794-1d5f862d74e8</value></Data>
        <Data name="observedAt"><value>2026-08-26T07:46:05.903Z</value></Data>
        <Data name="locationQuality"><value>baseline_coordinate_id_verified_current</value></Data>
      </ExtendedData>
      <Point><coordinates>73.07617957680532,19.163821031630718,0</coordinates></Point>
    </Placemark>
    <Placemark>
      <name>PUN-KHARADI New</name>
      <description>Pune · Maharashtra · baseline_coordinate_id_verified_current</description>
      <ExtendedData>
        <Data name="platformId"><value>fe32a518-baf9-4645-9232-f3db7f77c5db</value></Data>
        <Data name="observedAt"><value>2026-08-26T07:47:23.250Z</value></Data>
        <Data name="locationQuality"><value>baseline_coordinate_id_verified_current</value></Data>
      </ExtendedData>
      <Point><coordinates>73.94403395,18.550326,0</coordinates></Point>
    </Placemark>
    <Placemark>
      <name>BLR-BANNERGHATTA</name>
      <description>Bengaluru · Karnataka · service_area_seed_median_approximate</description>
      <ExtendedData>
        <Data name="platformId"><value>ff1fc8e6-9f22-4c75-b7cf-15a5bd19be91</value></Data>
        <Data name="observedAt"><value>2026-08-26T07:48:08.954Z</value></Data>
        <Data name="locationQuality"><value>service_area_seed_median_approximate</value></Data>
      </ExtendedData>
      <Point><coordinates>77.60549641,12.89932425,0</coordinates></Point>
    </Placemark>
    <Placemark>
      <name>BLR-Cholayanakanalli</name>
      <description>Bengaluru · Karnataka · service_area_seed_median_approximate</description>
      <ExtendedData>
        <Data name="platformId"><value>ff56ec59-36c7-41a0-ab98-1a3390126da5</value></Data>
        <Data name="observedAt"><value>2026-08-26T07:47:43.919Z</value></Data>
        <Data name="locationQuality"><value>service_area_seed_median_approximate</value></Data>
      </ExtendedData>
      <Point><coordinates>77.617309,13.0324086,0</coordinates></Point>
    </Placemark>
  </Folder>
  <Folder>
    <name>Instamart</name>
    <Placemark>
      <name>MALVIYA</name>
      <description>baseline_coordinate_id_verified_current</description>
      <ExtendedData>
        <Data name="platformId"><value>406774</value></Data>
        <Data name="observedAt"><value>2026-08-26T07:50:19.544Z</value></Data>
        <Data name="locationQuality"><value>baseline_coordinate_id_verified_current</value></Data>
      </ExtendedData>
      <Point><coordinates>77.2146898,28.538353,0</coordinates></Point>
    </Placemark>
    <Placemark>
      <name>RAJOURI</name>
      <description>baseline_coordinate_id_verified_current</description>
      <ExtendedData>
        <Data name="platformId"><value>649851</value></Data>
        <Data name="observedAt"><value>2026-08-26T08:06:34.184Z</value></Data>
        <Data name="locationQuality"><value>baseline_coordinate_id_verified_current</value></Data>
      </ExtendedData>
      <Point><coordinates>77.123928,28.6485387,0</coordinates></Point>
    </Placemark>
    <Placemark>
      <name>Madhapur</name>
      <description>baseline_coordinate_id_verified_current</description>
      <ExtendedData>
        <Data name="platformId"><value>737088</value></Data>
        <Data name="observedAt"><value>2026-08-26T07:56:17.744Z</value></Data>
        <Data name="locationQuality"><value>baseline_coordinate_id_verified_current</value></Data>
      </ExtendedData>
      <Point><coordinates>78.39823,17.438922,0</coordinates></Point>
    </Placemark>
    <Placemark>
      <name>JANAKPURI</name>
      <description>baseline_coordinate_id_verified_current</description>
      <ExtendedData>
        <Data name="platformId"><value>762550</value></Data>
        <Data name="observedAt"><value>2026-08-26T08:05:14.170Z</value></Data>
        <Data name="locationQuality"><value>baseline_coordinate_id_verified_current</value></Data>
      </ExtendedData>
      <Point><coordinates>77.0832374,28.6215296,0</coordinates></Point>
    </Placemark>
    <Placemark>
      <name>SPENCER</name>
      <description>baseline_coordinate_id_verified_current</description>
      <ExtendedData>
        <Data name="platformId"><value>762551</value></Data>
        <Data name="observedAt"><value>2026-08-26T07:50:45.954Z</value></Data>
        <Data name="locationQuality"><value>baseline_coordinate_id_verified_current</value></Data>
      </ExtendedData>
      <Point><coordinates>77.08170687,28.45296959,0</coordinates></Point>
    </Placemark>
    <Placemark>
      <name>Kothapet</name>
      <description>baseline_coordinate_id_verified_current</description>
      <ExtendedData>
        <Data name="platformId"><value>762613</value></Data>
        <Data name="observedAt"><value>2026-08-26T07:46:12.581Z</value></Data>
        <Data name="locationQuality"><value>baseline_coordinate_id_verified_current</value></Data>
      </ExtendedData>
      <Point><coordinates>78.540314625,17.37062406,0</coordinates></Point>
    </Placemark>
    <Placemark>
      <name>Bhandup</name>
      <description>baseline_coordinate_id_verified_current</description>
      <ExtendedData>
        <Data name="platformId"><value>788745</value></Data>
        <Data name="observedAt"><value>2026-08-26T07:58:40.215Z</value></Data>
        <Data name="locationQuality"><value>baseline_coordinate_id_verified_current</value></Data>
      </ExtendedData>
      <Point><coordinates>72.941495,19.158428,0</coordinates></Point>
    </Placemark>
    <Placemark>
      <name>Miyapur</name>
      <description>baseline_coordinate_id_verified_current</description>
      <ExtendedData>
        <Data name="platformId"><value>810364</value></Data>
        <Data name="observedAt"><value>2026-08-26T07:56:25.775Z</value></Data>
        <Data name="locationQuality"><value>baseline_coordinate_id_verified_current</value></Data>
      </ExtendedData>
      <Point><coordinates>78.34031515,17.49591301,0</coordinates></Point>
    </Placemark>
    <Placemark>
      <name>Munirika</name>
      <description>baseline_coordinate_id_verified_current</description>
      <ExtendedData>
        <Data name="platformId"><value>810368</value></Data>
        <Data name="observedAt"><value>2026-08-26T08:05:04.666Z</value></Data>
        <Data name="locationQuality"><value>baseline_coordinate_id_verified_current</value></Data>
      </ExtendedData>
      <Point><coordinates>77.174751,28.55629,0</coordinates></Point>
    </Placemark>
    <Placemark>
      <name>Tarnaka</name>
      <description>baseline_coordinate_id_verified_current</description>
      <ExtendedData>
        <Data name="platformId"><value>816649</value></Data>
        <Data name="observedAt"><value>2026-08-26T07:46:17.768Z</value></Data>
        <Data name="locationQuality"><value>baseline_coordinate_id_verified_current</value></Data>
      </ExtendedData>
      <Point><coordinates>78.532424,17.428589,0</coordinates></Point>
    </Placemark>
    <Placemark>
      <name>YOSUFGUDA</name>
      <description>baseline_coordinate_id_verified_current</description>
      <ExtendedData>
        <Data name="platformId"><value>886521</value></Data>
        <Data name="observedAt"><value>2026-08-26T07:56:21.499Z</value></Data>
        <Data name="locationQuality"><value>baseline_coordinate_id_verified_current</value></Data>
      </ExtendedData>
      <Point><coordinates>78.427051,17.43329,0</coordinates></Point>
    </Placemark>
    <Placemark>
      <name>Laggere</name>
      <description>baseline_coordinate_id_verified_current</description>
      <ExtendedData>
        <Data name="platformId"><value>911033</value></Data>
        <Data name="observedAt"><value>2026-08-26T07:45:15.887Z</value></Data>
        <Data name="locationQuality"><value>baseline_coordinate_id_verified_current</value></Data>
      </ExtendedData>
      <Point><coordinates>77.538017,12.99166,0</coordinates></Point>
    </Placemark>
    <Placemark>
      <name>YOJIT ESTATES</name>
      <description>baseline_coordinate_id_verified_current</description>
      <ExtendedData>
        <Data name="platformId"><value>929911</value></Data>
        <Data name="observedAt"><value>2026-08-26T07:58:48.155Z</value></Data>
        <Data name="locationQuality"><value>baseline_coordinate_id_verified_current</value></Data>
      </ExtendedData>
      <Point><coordinates>72.956769,19.1932313,0</coordinates></Point>
    </Placemark>
    <Placemark>
      <name>Kondapur</name>
      <description>baseline_coordinate_id_verified_current</description>
      <ExtendedData>
        <Data name="platformId"><value>1061926</value></Data>
        <Data name="observedAt"><value>2026-08-26T07:56:22.302Z</value></Data>
        <Data name="locationQuality"><value>baseline_coordinate_id_verified_current</value></Data>
      </ExtendedData>
      <Point><coordinates>78.3695787,17.4635604,0</coordinates></Point>
    </Placemark>
    <Placemark>
      <name>Rohini</name>
      <description>baseline_coordinate_id_verified_current</description>
      <ExtendedData>
        <Data name="platformId"><value>1062023</value></Data>
        <Data name="observedAt"><value>2026-08-26T08:06:49.907Z</value></Data>
        <Data name="locationQuality"><value>baseline_coordinate_id_verified_current</value></Data>
      </ExtendedData>
      <Point><coordinates>77.114781,28.716239,0</coordinates></Point>
    </Placemark>
    <Placemark>
      <name>DAHISAR WEST</name>
      <description>baseline_coordinate_id_verified_current</description>
      <ExtendedData>
        <Data name="platformId"><value>1062418</value></Data>
        <Data name="observedAt"><value>2026-08-26T07:59:04.045Z</value></Data>
        <Data name="locationQuality"><value>baseline_coordinate_id_verified_current</value></Data>
      </ExtendedData>
      <Point><coordinates>72.858646,19.251583,0</coordinates></Point>
    </Placemark>
    <Placemark>
      <name>KAROL BAGH2</name>
      <description>baseline_coordinate_id_verified_current</description>
      <ExtendedData>
        <Data name="platformId"><value>1062419</value></Data>
        <Data name="observedAt"><value>2026-08-26T08:05:24.918Z</value></Data>
        <Data name="locationQuality"><value>baseline_coordinate_id_verified_current</value></Data>
      </ExtendedData>
      <Point><coordinates>77.200924,28.644846,0</coordinates></Point>
    </Placemark>
    <Placemark>
      <name>JANAKPURI_ RAJOURI</name>
      <description>baseline_coordinate_id_verified_current</description>
      <ExtendedData>
        <Data name="platformId"><value>1062420</value></Data>
        <Data name="observedAt"><value>2026-08-26T08:06:33.385Z</value></Data>
        <Data name="locationQuality"><value>baseline_coordinate_id_verified_current</value></Data>
      </ExtendedData>
      <Point><coordinates>77.1077267,28.640135199999996,0</coordinates></Point>
    </Placemark>
    <Placemark>
      <name>Kharghar</name>
      <description>baseline_coordinate_id_verified_current</description>
      <ExtendedData>
        <Data name="platformId"><value>1082435</value></Data>
        <Data name="observedAt"><value>2026-08-26T07:58:09.529Z</value></Data>
        <Data name="locationQuality"><value>baseline_coordinate_id_verified_current</value></Data>
      </ExtendedData>
      <Point><coordinates>73.081064,19.05184,0</coordinates></Point>
    </Placemark>
    <Placemark>
      <name>Tilak Nagar</name>
      <description>baseline_coordinate_id_verified_current</description>
      <ExtendedData>
        <Data name="platformId"><value>1099457</value></Data>
        <Data name="observedAt"><value>2026-08-26T08:05:28.039Z</value></Data>
        <Data name="locationQuality"><value>baseline_coordinate_id_verified_current</value></Data>
      </ExtendedData>
      <Point><coordinates>77.09112262402711,28.63501728433219,0</coordinates></Point>
    </Placemark>
    <Placemark>
      <name>LAXMI NAGAR2</name>
      <description>baseline_coordinate_id_verified_current</description>
      <ExtendedData>
        <Data name="platformId"><value>1099458</value></Data>
        <Data name="observedAt"><value>2026-08-26T08:06:32.652Z</value></Data>
        <Data name="locationQuality"><value>baseline_coordinate_id_verified_current</value></Data>
      </ExtendedData>
      <Point><coordinates>77.2924796,28.6080012,0</coordinates></Point>
    </Placemark>
    <Placemark>
      <name>Dilshad garden 2</name>
      <description>baseline_coordinate_id_verified_current</description>
      <ExtendedData>
        <Data name="platformId"><value>1099459</value></Data>
        <Data name="observedAt"><value>2026-08-26T08:06:35.004Z</value></Data>
        <Data name="locationQuality"><value>baseline_coordinate_id_verified_current</value></Data>
      </ExtendedData>
      <Point><coordinates>77.2818721,28.6559234,0</coordinates></Point>
    </Placemark>
    <Placemark>
      <name>POWAI2</name>
      <description>baseline_coordinate_id_verified_current</description>
      <ExtendedData>
        <Data name="platformId"><value>1135720</value></Data>
        <Data name="observedAt"><value>2026-08-26T07:58:32.014Z</value></Data>
        <Data name="locationQuality"><value>baseline_coordinate_id_verified_current</value></Data>
      </ExtendedData>
      <Point><coordinates>72.9052,19.1188,0</coordinates></Point>
    </Placemark>
    <Placemark>
      <name>CHRAMJPET3</name>
      <description>baseline_coordinate_id_verified_current</description>
      <ExtendedData>
        <Data name="platformId"><value>1181690</value></Data>
        <Data name="observedAt"><value>2026-08-26T07:45:06.574Z</value></Data>
        <Data name="locationQuality"><value>baseline_coordinate_id_verified_current</value></Data>
      </ExtendedData>
      <Point><coordinates>77.5738297,12.9296793,0</coordinates></Point>
    </Placemark>
    <Placemark>
      <name>Indiranagar 5</name>
      <description>baseline_coordinate_id_verified_current</description>
      <ExtendedData>
        <Data name="platformId"><value>1190778</value></Data>
        <Data name="observedAt"><value>2026-08-26T07:45:16.330Z</value></Data>
        <Data name="locationQuality"><value>baseline_coordinate_id_verified_current</value></Data>
      </ExtendedData>
      <Point><coordinates>77.6408181,12.9743252,0</coordinates></Point>
    </Placemark>
    <Placemark>
      <name>VILEPARLE</name>
      <description>baseline_coordinate_id_verified_current</description>
      <ExtendedData>
        <Data name="platformId"><value>1190780</value></Data>
        <Data name="observedAt"><value>2026-08-26T07:58:10.340Z</value></Data>
        <Data name="locationQuality"><value>baseline_coordinate_id_verified_current</value></Data>
      </ExtendedData>
      <Point><coordinates>72.8374707,19.0866481,0</coordinates></Point>
    </Placemark>
    <Placemark>
      <name>Sahakar Nagar</name>
      <description>baseline_coordinate_id_verified_current</description>
      <ExtendedData>
        <Data name="platformId"><value>1229990</value></Data>
        <Data name="observedAt"><value>2026-08-26T07:45:27.207Z</value></Data>
        <Data name="locationQuality"><value>baseline_coordinate_id_verified_current</value></Data>
      </ExtendedData>
      <Point><coordinates>77.576374,13.05629,0</coordinates></Point>
    </Placemark>
    <Placemark>
      <name>Punjagutta</name>
      <description>baseline_coordinate_id_verified_current</description>
      <ExtendedData>
        <Data name="platformId"><value>1229994</value></Data>
        <Data name="observedAt"><value>2026-08-26T07:46:20.127Z</value></Data>
        <Data name="locationQuality"><value>baseline_coordinate_id_verified_current</value></Data>
      </ExtendedData>
      <Point><coordinates>78.442604,17.420833,0</coordinates></Point>
    </Placemark>
    <Placemark>
      <name>Oberoi Mall</name>
      <description>baseline_coordinate_id_verified_current</description>
      <ExtendedData>
        <Data name="platformId"><value>1230883</value></Data>
        <Data name="observedAt"><value>2026-08-26T07:58:44.393Z</value></Data>
        <Data name="locationQuality"><value>baseline_coordinate_id_verified_current</value></Data>
      </ExtendedData>
      <Point><coordinates>72.856488,19.173818,0</coordinates></Point>
    </Placemark>
    <Placemark>
      <name>HSR 3</name>
      <description>service_area_seed_median_approximate</description>
      <ExtendedData>
        <Data name="platformId"><value>1231052</value></Data>
        <Data name="observedAt"><value>2026-08-26T07:45:00.115Z</value></Data>
        <Data name="locationQuality"><value>service_area_seed_median_approximate</value></Data>
      </ExtendedData>
      <Point><coordinates>77.636736,12.912565,0</coordinates></Point>
    </Placemark>
    <Placemark>
      <name>Hebbal</name>
      <description>baseline_coordinate_id_verified_current</description>
      <ExtendedData>
        <Data name="platformId"><value>1231805</value></Data>
        <Data name="observedAt"><value>2026-08-26T07:50:31.813Z</value></Data>
        <Data name="locationQuality"><value>baseline_coordinate_id_verified_current</value></Data>
      </ExtendedData>
      <Point><coordinates>77.607834,13.022278,0</coordinates></Point>
    </Placemark>
    <Placemark>
      <name>Yapral</name>
      <description>baseline_coordinate_id_verified_current</description>
      <ExtendedData>
        <Data name="platformId"><value>1237254</value></Data>
        <Data name="observedAt"><value>2026-08-26T07:56:49.396Z</value></Data>
        <Data name="locationQuality"><value>baseline_coordinate_id_verified_current</value></Data>
      </ExtendedData>
      <Point><coordinates>78.542142,17.512562,0</coordinates></Point>
    </Placemark>
    <Placemark>
      <name>Borivali East</name>
      <description>baseline_coordinate_id_verified_current</description>
      <ExtendedData>
        <Data name="platformId"><value>1237261</value></Data>
        <Data name="observedAt"><value>2026-08-26T07:59:00.908Z</value></Data>
        <Data name="locationQuality"><value>baseline_coordinate_id_verified_current</value></Data>
      </ExtendedData>
      <Point><coordinates>72.860731,19.231257,0</coordinates></Point>
    </Placemark>
    <Placemark>
      <name>Nizampet 6</name>
      <description>baseline_coordinate_id_verified_current</description>
      <ExtendedData>
        <Data name="platformId"><value>1238352</value></Data>
        <Data name="observedAt"><value>2026-08-26T07:50:38.603Z</value></Data>
        <Data name="locationQuality"><value>baseline_coordinate_id_verified_current</value></Data>
      </ExtendedData>
      <Point><coordinates>78.3694765,17.5266505,0</coordinates></Point>
    </Placemark>
    <Placemark>
      <name>SAGARLI GAON</name>
      <description>baseline_coordinate_id_verified_current</description>
      <ExtendedData>
        <Data name="platformId"><value>1238357</value></Data>
        <Data name="observedAt"><value>2026-08-26T07:58:49.717Z</value></Data>
        <Data name="locationQuality"><value>baseline_coordinate_id_verified_current</value></Data>
      </ExtendedData>
      <Point><coordinates>73.098347,19.207338,0</coordinates></Point>
    </Placemark>
    <Placemark>
      <name>Begur</name>
      <description>baseline_coordinate_id_verified_current</description>
      <ExtendedData>
        <Data name="platformId"><value>1239157</value></Data>
        <Data name="observedAt"><value>2026-08-26T07:44:49.213Z</value></Data>
        <Data name="locationQuality"><value>baseline_coordinate_id_verified_current</value></Data>
      </ExtendedData>
      <Point><coordinates>77.637238,12.877897,0</coordinates></Point>
    </Placemark>
    <Placemark>
      <name>Inorbit Mall Malad West</name>
      <description>baseline_coordinate_id_verified_current</description>
      <ExtendedData>
        <Data name="platformId"><value>1239162</value></Data>
        <Data name="observedAt"><value>2026-08-26T07:58:48.937Z</value></Data>
        <Data name="locationQuality"><value>baseline_coordinate_id_verified_current</value></Data>
      </ExtendedData>
      <Point><coordinates>72.83422,19.17681,0</coordinates></Point>
    </Placemark>
    <Placemark>
      <name>DLF PHASE 1 (SEC 42)</name>
      <description>baseline_coordinate_id_verified_current</description>
      <ExtendedData>
        <Data name="platformId"><value>1239163</value></Data>
        <Data name="observedAt"><value>2026-08-26T08:04:41.120Z</value></Data>
        <Data name="locationQuality"><value>baseline_coordinate_id_verified_current</value></Data>
      </ExtendedData>
      <Point><coordinates>77.087471,28.4627016,0</coordinates></Point>
    </Placemark>
    <Placemark>
      <name>Kirti Nagar</name>
      <description>baseline_coordinate_id_verified_current</description>
      <ExtendedData>
        <Data name="platformId"><value>1261842</value></Data>
        <Data name="observedAt"><value>2026-08-26T08:06:40.465Z</value></Data>
        <Data name="locationQuality"><value>baseline_coordinate_id_verified_current</value></Data>
      </ExtendedData>
      <Point><coordinates>77.141291,28.651164,0</coordinates></Point>
    </Placemark>
    <Placemark>
      <name>MITHILA NAGAR</name>
      <description>baseline_coordinate_id_verified_current</description>
      <ExtendedData>
        <Data name="platformId"><value>1267913</value></Data>
        <Data name="observedAt"><value>2026-08-26T08:08:00.668Z</value></Data>
        <Data name="locationQuality"><value>baseline_coordinate_id_verified_current</value></Data>
      </ExtendedData>
      <Point><coordinates>78.44997806958645,17.40860659492986,0</coordinates></Point>
    </Placemark>
    <Placemark>
      <name>Kailash Colony</name>
      <description>baseline_coordinate_id_verified_current</description>
      <ExtendedData>
        <Data name="platformId"><value>1267917</value></Data>
        <Data name="observedAt"><value>2026-08-26T08:05:07.935Z</value></Data>
        <Data name="locationQuality"><value>baseline_coordinate_id_verified_current</value></Data>
      </ExtendedData>
      <Point><coordinates>77.236092,28.557799,0</coordinates></Point>
    </Placemark>
    <Placemark>
      <name>Mulund West</name>
      <description>baseline_coordinate_id_verified_current</description>
      <ExtendedData>
        <Data name="platformId"><value>1278165</value></Data>
        <Data name="observedAt"><value>2026-08-26T07:58:45.191Z</value></Data>
        <Data name="locationQuality"><value>baseline_coordinate_id_verified_current</value></Data>
      </ExtendedData>
      <Point><coordinates>72.953872,19.170386,0</coordinates></Point>
    </Placemark>
    <Placemark>
      <name>VILEPARLE EAST</name>
      <description>baseline_coordinate_id_verified_current</description>
      <ExtendedData>
        <Data name="platformId"><value>1295147</value></Data>
        <Data name="observedAt"><value>2026-08-26T07:58:31.228Z</value></Data>
        <Data name="locationQuality"><value>baseline_coordinate_id_verified_current</value></Data>
      </ExtendedData>
      <Point><coordinates>72.8502962,19.1147357,0</coordinates></Point>
    </Placemark>
    <Placemark>
      <name>RCITY MALL, GHATKOPAR WEST</name>
      <description>baseline_coordinate_id_verified_current</description>
      <ExtendedData>
        <Data name="platformId"><value>1298955</value></Data>
        <Data name="observedAt"><value>2026-08-26T07:58:30.433Z</value></Data>
        <Data name="locationQuality"><value>baseline_coordinate_id_verified_current</value></Data>
      </ExtendedData>
      <Point><coordinates>72.91765477568399,19.09506265121198,0</coordinates></Point>
    </Placemark>
    <Placemark>
      <name>Shivaji Nagar</name>
      <description>baseline_coordinate_id_verified_current</description>
      <ExtendedData>
        <Data name="platformId"><value>1313712</value></Data>
        <Data name="observedAt"><value>2026-08-26T07:45:13.761Z</value></Data>
        <Data name="locationQuality"><value>baseline_coordinate_id_verified_current</value></Data>
      </ExtendedData>
      <Point><coordinates>77.601807,12.981516,0</coordinates></Point>
    </Placemark>
    <Placemark>
      <name>Vasai virar</name>
      <description>baseline_coordinate_id_verified_current</description>
      <ExtendedData>
        <Data name="platformId"><value>1314371</value></Data>
        <Data name="observedAt"><value>2026-08-26T07:59:11.856Z</value></Data>
        <Data name="locationQuality"><value>baseline_coordinate_id_verified_current</value></Data>
      </ExtendedData>
      <Point><coordinates>72.830382,19.384573,0</coordinates></Point>
    </Placemark>
    <Placemark>
      <name>SEAWOODS (NAVI MUMBAI)</name>
      <description>baseline_coordinate_id_verified_current</description>
      <ExtendedData>
        <Data name="platformId"><value>1335483</value></Data>
        <Data name="observedAt"><value>2026-08-26T07:58:11.268Z</value></Data>
        <Data name="locationQuality"><value>baseline_coordinate_id_verified_current</value></Data>
      </ExtendedData>
      <Point><coordinates>73.012567,19.017979,0</coordinates></Point>
    </Placemark>
    <Placemark>
      <name>KR Puram</name>
      <description>baseline_coordinate_id_verified_current</description>
      <ExtendedData>
        <Data name="platformId"><value>1373485</value></Data>
        <Data name="observedAt"><value>2026-08-26T07:45:21.375Z</value></Data>
        <Data name="locationQuality"><value>baseline_coordinate_id_verified_current</value></Data>
      </ExtendedData>
      <Point><coordinates>77.70608358999996,13.023334633566627,0</coordinates></Point>
    </Placemark>
    <Placemark>
      <name>Abhyudaya Nagar</name>
      <description>baseline_coordinate_id_verified_current</description>
      <ExtendedData>
        <Data name="platformId"><value>1380523</value></Data>
        <Data name="observedAt"><value>2026-08-26T07:46:09.220Z</value></Data>
        <Data name="locationQuality"><value>baseline_coordinate_id_verified_current</value></Data>
      </ExtendedData>
      <Point><coordinates>78.39493261464521,17.362362394488436,0</coordinates></Point>
    </Placemark>
    <Placemark>
      <name>DLF Cyber Hub</name>
      <description>baseline_coordinate_id_verified_current</description>
      <ExtendedData>
        <Data name="platformId"><value>1380623</value></Data>
        <Data name="observedAt"><value>2026-08-26T08:04:40.342Z</value></Data>
        <Data name="locationQuality"><value>baseline_coordinate_id_verified_current</value></Data>
      </ExtendedData>
      <Point><coordinates>77.09683819496018,28.4894406555492,0</coordinates></Point>
    </Placemark>
    <Placemark>
      <name>Babarpur</name>
      <description>baseline_coordinate_id_verified_current</description>
      <ExtendedData>
        <Data name="platformId"><value>1380671</value></Data>
        <Data name="observedAt"><value>2026-08-26T08:06:44.448Z</value></Data>
        <Data name="locationQuality"><value>baseline_coordinate_id_verified_current</value></Data>
      </ExtendedData>
      <Point><coordinates>77.283795,28.690066,0</coordinates></Point>
    </Placemark>
    <Placemark>
      <name>Rayasandra</name>
      <description>baseline_coordinate_id_verified_current</description>
      <ExtendedData>
        <Data name="platformId"><value>1380710</value></Data>
        <Data name="observedAt"><value>2026-08-26T07:44:43.907Z</value></Data>
        <Data name="locationQuality"><value>baseline_coordinate_id_verified_current</value></Data>
      </ExtendedData>
      <Point><coordinates>77.68438360894112,12.84618903692565,0</coordinates></Point>
    </Placemark>
    <Placemark>
      <name>BOTANICAL GARDEN</name>
      <description>baseline_coordinate_id_verified_current</description>
      <ExtendedData>
        <Data name="platformId"><value>1380712</value></Data>
        <Data name="observedAt"><value>2026-08-26T08:07:59.819Z</value></Data>
        <Data name="locationQuality"><value>baseline_coordinate_id_verified_current</value></Data>
      </ExtendedData>
      <Point><coordinates>78.36389012823284,17.453386812523647,0</coordinates></Point>
    </Placemark>
    <Placemark>
      <name>BT Purshottam Layout</name>
      <description>baseline_coordinate_id_verified_current</description>
      <ExtendedData>
        <Data name="platformId"><value>1380898</value></Data>
        <Data name="observedAt"><value>2026-08-26T07:45:31.895Z</value></Data>
        <Data name="locationQuality"><value>baseline_coordinate_id_verified_current</value></Data>
      </ExtendedData>
      <Point><coordinates>77.52062339076602,13.07836012956186,0</coordinates></Point>
    </Placemark>
    <Placemark>
      <name>Hoshalli Extension</name>
      <description>baseline_coordinate_id_verified_current</description>
      <ExtendedData>
        <Data name="platformId"><value>1380899</value></Data>
        <Data name="observedAt"><value>2026-08-26T07:45:10.638Z</value></Data>
        <Data name="locationQuality"><value>baseline_coordinate_id_verified_current</value></Data>
      </ExtendedData>
      <Point><coordinates>77.54620300375257,12.973853516216405,0</coordinates></Point>
    </Placemark>
    <Placemark>
      <name>Mullur</name>
      <description>baseline_coordinate_id_verified_current</description>
      <ExtendedData>
        <Data name="platformId"><value>1381157</value></Data>
        <Data name="observedAt"><value>2026-08-26T08:08:04.810Z</value></Data>
        <Data name="locationQuality"><value>baseline_coordinate_id_verified_current</value></Data>
      </ExtendedData>
      <Point><coordinates>77.72350950736907,12.901863873524025,0</coordinates></Point>
    </Placemark>
    <Placemark>
      <name>Chinthal</name>
      <description>baseline_coordinate_id_verified_current</description>
      <ExtendedData>
        <Data name="platformId"><value>1381278</value></Data>
        <Data name="observedAt"><value>2026-08-26T07:56:33.635Z</value></Data>
        <Data name="locationQuality"><value>baseline_coordinate_id_verified_current</value></Data>
      </ExtendedData>
      <Point><coordinates>78.46433527859948,17.512116883396622,0</coordinates></Point>
    </Placemark>
    <Placemark>
      <name>Barkatpura</name>
      <description>baseline_coordinate_id_verified_current</description>
      <ExtendedData>
        <Data name="platformId"><value>1381355</value></Data>
        <Data name="observedAt"><value>2026-08-26T07:46:13.491Z</value></Data>
        <Data name="locationQuality"><value>baseline_coordinate_id_verified_current</value></Data>
      </ExtendedData>
      <Point><coordinates>78.50012586938801,17.394383139152424,0</coordinates></Point>
    </Placemark>
    <Placemark>
      <name>Hitech City</name>
      <description>baseline_coordinate_id_verified_current</description>
      <ExtendedData>
        <Data name="platformId"><value>1381356</value></Data>
        <Data name="observedAt"><value>2026-08-26T07:57:06.716Z</value></Data>
        <Data name="locationQuality"><value>baseline_coordinate_id_verified_current</value></Data>
      </ExtendedData>
      <Point><coordinates>78.38797606133495,17.4425210158527,0</coordinates></Point>
    </Placemark>
    <Placemark>
      <name>SECTOR 88</name>
      <description>service_area_seed_median_approximate</description>
      <ExtendedData>
        <Data name="platformId"><value>1381444</value></Data>
        <Data name="observedAt"><value>2026-08-26T07:50:18.424Z</value></Data>
        <Data name="locationQuality"><value>service_area_seed_median_approximate</value></Data>
      </ExtendedData>
      <Point><coordinates>77.3485,28.4042,0</coordinates></Point>
    </Placemark>
    <Placemark>
      <name>Manjari</name>
      <description>baseline_coordinate_id_verified_current</description>
      <ExtendedData>
        <Data name="platformId"><value>1381445</value></Data>
        <Data name="observedAt"><value>2026-08-26T07:57:20.225Z</value></Data>
        <Data name="locationQuality"><value>baseline_coordinate_id_verified_current</value></Data>
      </ExtendedData>
      <Point><coordinates>73.95863565695147,18.525571059822948,0</coordinates></Point>
    </Placemark>
    <Placemark>
      <name>Telecom Factory</name>
      <description>baseline_coordinate_id_verified_current</description>
      <ExtendedData>
        <Data name="platformId"><value>1381500</value></Data>
        <Data name="observedAt"><value>2026-08-26T07:58:04.761Z</value></Data>
        <Data name="locationQuality"><value>baseline_coordinate_id_verified_current</value></Data>
      </ExtendedData>
      <Point><coordinates>72.91657932289746,19.049923563348713,0</coordinates></Point>
    </Placemark>
    <Placemark>
      <name>Uthalsar</name>
      <description>baseline_coordinate_id_verified_current</description>
      <ExtendedData>
        <Data name="platformId"><value>1381643</value></Data>
        <Data name="observedAt"><value>2026-08-26T07:50:44.039Z</value></Data>
        <Data name="locationQuality"><value>baseline_coordinate_id_verified_current</value></Data>
      </ExtendedData>
      <Point><coordinates>72.97739835634864,19.20830328701137,0</coordinates></Point>
    </Placemark>
    <Placemark>
      <name>Rajendra Place</name>
      <description>baseline_coordinate_id_verified_current</description>
      <ExtendedData>
        <Data name="platformId"><value>1381835</value></Data>
        <Data name="observedAt"><value>2026-08-26T08:15:46.430Z</value></Data>
        <Data name="locationQuality"><value>baseline_coordinate_id_verified_current</value></Data>
      </ExtendedData>
      <Point><coordinates>77.1766378649398,28.644290788705238,0</coordinates></Point>
    </Placemark>
    <Placemark>
      <name>Vinayaka Nagar</name>
      <description>baseline_coordinate_id_verified_current</description>
      <ExtendedData>
        <Data name="platformId"><value>1381848</value></Data>
        <Data name="observedAt"><value>2026-08-26T07:50:26.212Z</value></Data>
        <Data name="locationQuality"><value>baseline_coordinate_id_verified_current</value></Data>
      </ExtendedData>
      <Point><coordinates>77.66399533106575,12.818141329077713,0</coordinates></Point>
    </Placemark>
    <Placemark>
      <name>INDIRA NAGAR</name>
      <description>baseline_coordinate_id_verified_current</description>
      <ExtendedData>
        <Data name="platformId"><value>1381966</value></Data>
        <Data name="observedAt"><value>2026-08-26T07:58:08.736Z</value></Data>
        <Data name="locationQuality"><value>baseline_coordinate_id_verified_current</value></Data>
      </ExtendedData>
      <Point><coordinates>72.8918191,19.0662856,0</coordinates></Point>
    </Placemark>
    <Placemark>
      <name>Mahim</name>
      <description>baseline_coordinate_id_verified_current</description>
      <ExtendedData>
        <Data name="platformId"><value>1381967</value></Data>
        <Data name="observedAt"><value>2026-08-26T07:57:42.517Z</value></Data>
        <Data name="locationQuality"><value>baseline_coordinate_id_verified_current</value></Data>
      </ExtendedData>
      <Point><coordinates>72.8467828,19.0361932,0</coordinates></Point>
    </Placemark>
    <Placemark>
      <name>Lingarajapuram</name>
      <description>baseline_coordinate_id_verified_current</description>
      <ExtendedData>
        <Data name="platformId"><value>1381969</value></Data>
        <Data name="observedAt"><value>2026-08-26T07:50:32.289Z</value></Data>
        <Data name="locationQuality"><value>baseline_coordinate_id_verified_current</value></Data>
      </ExtendedData>
      <Point><coordinates>77.644208,13.010016,0</coordinates></Point>
    </Placemark>
    <Placemark>
      <name>SECTOR 76</name>
      <description>baseline_coordinate_id_verified_current</description>
      <ExtendedData>
        <Data name="platformId"><value>1382167</value></Data>
        <Data name="observedAt"><value>2026-08-26T08:05:02.782Z</value></Data>
        <Data name="locationQuality"><value>baseline_coordinate_id_verified_current</value></Data>
      </ExtendedData>
      <Point><coordinates>77.396113,28.565747,0</coordinates></Point>
    </Placemark>
    <Placemark>
      <name>Yemalur</name>
      <description>baseline_coordinate_id_verified_current</description>
      <ExtendedData>
        <Data name="platformId"><value>1382254</value></Data>
        <Data name="observedAt"><value>2026-08-26T07:45:03.695Z</value></Data>
        <Data name="locationQuality"><value>baseline_coordinate_id_verified_current</value></Data>
      </ExtendedData>
      <Point><coordinates>77.67924248758122,12.930061193208351,0</coordinates></Point>
    </Placemark>
    <Placemark>
      <name>Musheerabad</name>
      <description>baseline_coordinate_id_verified_current</description>
      <ExtendedData>
        <Data name="platformId"><value>1382255</value></Data>
        <Data name="observedAt"><value>2026-08-26T07:49:58.666Z</value></Data>
        <Data name="locationQuality"><value>baseline_coordinate_id_verified_current</value></Data>
      </ExtendedData>
      <Point><coordinates>78.498253,17.414711,0</coordinates></Point>
    </Placemark>
    <Placemark>
      <name>Tulip Society Sec 70</name>
      <description>service_area_seed_median_approximate</description>
      <ExtendedData>
        <Data name="platformId"><value>1382258</value></Data>
        <Data name="observedAt"><value>2026-08-26T08:04:19.460Z</value></Data>
        <Data name="locationQuality"><value>service_area_seed_median_approximate</value></Data>
      </ExtendedData>
      <Point><coordinates>77.057603,28.391181,0</coordinates></Point>
    </Placemark>
    <Placemark>
      <name>Ranka Colony</name>
      <description>baseline_coordinate_id_verified_current</description>
      <ExtendedData>
        <Data name="platformId"><value>1382349</value></Data>
        <Data name="observedAt"><value>2026-08-26T07:44:54.838Z</value></Data>
        <Data name="locationQuality"><value>baseline_coordinate_id_verified_current</value></Data>
      </ExtendedData>
      <Point><coordinates>77.60063990096421,12.904161227966792,0</coordinates></Point>
    </Placemark>
    <Placemark>
      <name>Masjid Banda</name>
      <description>baseline_coordinate_id_verified_current</description>
      <ExtendedData>
        <Data name="platformId"><value>1382391</value></Data>
        <Data name="observedAt"><value>2026-08-26T07:56:23.232Z</value></Data>
        <Data name="locationQuality"><value>baseline_coordinate_id_verified_current</value></Data>
      </ExtendedData>
      <Point><coordinates>78.3487325,17.468918,0</coordinates></Point>
    </Placemark>
    <Placemark>
      <name>Thakur Village</name>
      <description>baseline_coordinate_id_verified_current</description>
      <ExtendedData>
        <Data name="platformId"><value>1382439</value></Data>
        <Data name="observedAt"><value>2026-08-26T07:58:51.270Z</value></Data>
        <Data name="locationQuality"><value>baseline_coordinate_id_verified_current</value></Data>
      </ExtendedData>
      <Point><coordinates>72.8741,19.20579,0</coordinates></Point>
    </Placemark>
    <Placemark>
      <name>Jangpura</name>
      <description>baseline_coordinate_id_verified_current</description>
      <ExtendedData>
        <Data name="platformId"><value>1382494</value></Data>
        <Data name="observedAt"><value>2026-08-26T08:05:09.487Z</value></Data>
        <Data name="locationQuality"><value>baseline_coordinate_id_verified_current</value></Data>
      </ExtendedData>
      <Point><coordinates>77.2583288910118,28.57112485610387,0</coordinates></Point>
    </Placemark>
    <Placemark>
      <name>AV PHASE 3</name>
      <description>baseline_coordinate_id_verified_current</description>
      <ExtendedData>
        <Data name="platformId"><value>1382659</value></Data>
        <Data name="observedAt"><value>2026-08-26T08:04:37.087Z</value></Data>
        <Data name="locationQuality"><value>baseline_coordinate_id_verified_current</value></Data>
      </ExtendedData>
      <Point><coordinates>77.021668,28.483541,0</coordinates></Point>
    </Placemark>
    <Placemark>
      <name>Gottigere</name>
      <description>service_area_seed_median_approximate</description>
      <ExtendedData>
        <Data name="platformId"><value>1382707</value></Data>
        <Data name="observedAt"><value>2026-08-26T07:44:42.611Z</value></Data>
        <Data name="locationQuality"><value>service_area_seed_median_approximate</value></Data>
      </ExtendedData>
      <Point><coordinates>77.58992,12.842334,0</coordinates></Point>
    </Placemark>
    <Placemark>
      <name>Airport Road</name>
      <description>baseline_coordinate_id_verified_current</description>
      <ExtendedData>
        <Data name="platformId"><value>1382708</value></Data>
        <Data name="observedAt"><value>2026-08-26T07:57:19.452Z</value></Data>
        <Data name="locationQuality"><value>baseline_coordinate_id_verified_current</value></Data>
      </ExtendedData>
      <Point><coordinates>73.9131688,18.5757279,0</coordinates></Point>
    </Placemark>
    <Placemark>
      <name>Chandar Vihar</name>
      <description>baseline_coordinate_id_verified_current</description>
      <ExtendedData>
        <Data name="platformId"><value>1382871</value></Data>
        <Data name="observedAt"><value>2026-08-26T08:05:03.830Z</value></Data>
        <Data name="locationQuality"><value>baseline_coordinate_id_verified_current</value></Data>
      </ExtendedData>
      <Point><coordinates>77.06909538597029,28.58479880479905,0</coordinates></Point>
    </Placemark>
    <Placemark>
      <name>Kukatpally</name>
      <description>baseline_coordinate_id_verified_current</description>
      <ExtendedData>
        <Data name="platformId"><value>1383129</value></Data>
        <Data name="observedAt"><value>2026-08-26T07:50:37.688Z</value></Data>
        <Data name="locationQuality"><value>baseline_coordinate_id_verified_current</value></Data>
      </ExtendedData>
      <Point><coordinates>78.394226,17.480457,0</coordinates></Point>
    </Placemark>
    <Placemark>
      <name>Dhobi Talao</name>
      <description>baseline_coordinate_id_verified_current</description>
      <ExtendedData>
        <Data name="platformId"><value>1383130</value></Data>
        <Data name="observedAt"><value>2026-08-26T07:57:36.077Z</value></Data>
        <Data name="locationQuality"><value>baseline_coordinate_id_verified_current</value></Data>
      </ExtendedData>
      <Point><coordinates>72.838211,18.936506,0</coordinates></Point>
    </Placemark>
    <Placemark>
      <name>SECTOR 59</name>
      <description>baseline_coordinate_id_verified_current</description>
      <ExtendedData>
        <Data name="platformId"><value>1383133</value></Data>
        <Data name="observedAt"><value>2026-08-26T08:05:21.628Z</value></Data>
        <Data name="locationQuality"><value>baseline_coordinate_id_verified_current</value></Data>
      </ExtendedData>
      <Point><coordinates>77.36476632913116,28.60668364273302,0</coordinates></Point>
    </Placemark>
    <Placemark>
      <name>SECTOR 44</name>
      <description>baseline_coordinate_id_verified_current</description>
      <ExtendedData>
        <Data name="platformId"><value>1383134</value></Data>
        <Data name="observedAt"><value>2026-08-26T07:50:19.952Z</value></Data>
        <Data name="locationQuality"><value>baseline_coordinate_id_verified_current</value></Data>
      </ExtendedData>
      <Point><coordinates>77.346292,28.558014,0</coordinates></Point>
    </Placemark>
    <Placemark>
      <name>Jublee hills checkpost</name>
      <description>baseline_coordinate_id_verified_current</description>
      <ExtendedData>
        <Data name="platformId"><value>1383572</value></Data>
        <Data name="observedAt"><value>2026-08-26T07:46:17.344Z</value></Data>
        <Data name="locationQuality"><value>baseline_coordinate_id_verified_current</value></Data>
      </ExtendedData>
      <Point><coordinates>78.4142841,17.4259923,0</coordinates></Point>
    </Placemark>
    <Placemark>
      <name>Instamart 1383827</name>
      <description>service_area_seed_median_approximate</description>
      <ExtendedData>
        <Data name="platformId"><value>1383827</value></Data>
        <Data name="observedAt"><value>2026-08-26T08:04:29.382Z</value></Data>
        <Data name="locationQuality"><value>service_area_seed_median_approximate</value></Data>
      </ExtendedData>
      <Point><coordinates>77.04575,28.426861,0</coordinates></Point>
    </Placemark>
    <Placemark>
      <name>Tin Factory</name>
      <description>baseline_coordinate_id_verified_current</description>
      <ExtendedData>
        <Data name="platformId"><value>1384139</value></Data>
        <Data name="observedAt"><value>2026-08-26T07:45:17.337Z</value></Data>
        <Data name="locationQuality"><value>baseline_coordinate_id_verified_current</value></Data>
      </ExtendedData>
      <Point><coordinates>77.674232,12.998405,0</coordinates></Point>
    </Placemark>
    <Placemark>
      <name>KAKROLA DWARKA</name>
      <description>baseline_coordinate_id_verified_current</description>
      <ExtendedData>
        <Data name="platformId"><value>1384143</value></Data>
        <Data name="observedAt"><value>2026-08-26T08:05:12.688Z</value></Data>
        <Data name="locationQuality"><value>baseline_coordinate_id_verified_current</value></Data>
      </ExtendedData>
      <Point><coordinates>77.025226,28.594436,0</coordinates></Point>
    </Placemark>
    <Placemark>
      <name>PV Ranikhet</name>
      <description>baseline_coordinate_id_verified_current</description>
      <ExtendedData>
        <Data name="platformId"><value>1384511</value></Data>
        <Data name="observedAt"><value>2026-08-26T08:06:52.981Z</value></Data>
        <Data name="locationQuality"><value>baseline_coordinate_id_verified_current</value></Data>
      </ExtendedData>
      <Point><coordinates>77.138837,28.715442,0</coordinates></Point>
    </Placemark>
    <Placemark>
      <name>Om Vihar</name>
      <description>baseline_coordinate_id_verified_current</description>
      <ExtendedData>
        <Data name="platformId"><value>1384513</value></Data>
        <Data name="observedAt"><value>2026-08-26T08:04:47.469Z</value></Data>
        <Data name="locationQuality"><value>baseline_coordinate_id_verified_current</value></Data>
      </ExtendedData>
      <Point><coordinates>77.04455361,28.5016315,0</coordinates></Point>
    </Placemark>
    <Placemark>
      <name>Beratena Agrahara</name>
      <description>service_area_seed_median_approximate</description>
      <ExtendedData>
        <Data name="platformId"><value>1385835</value></Data>
        <Data name="observedAt"><value>2026-08-26T07:44:47.881Z</value></Data>
        <Data name="locationQuality"><value>service_area_seed_median_approximate</value></Data>
      </ExtendedData>
      <Point><coordinates>77.63964841192902,12.840915330375966,0</coordinates></Point>
    </Placemark>
    <Placemark>
      <name>Kasavanahalli</name>
      <description>baseline_coordinate_id_verified_current</description>
      <ExtendedData>
        <Data name="platformId"><value>1385836</value></Data>
        <Data name="observedAt"><value>2026-08-26T07:44:59.049Z</value></Data>
        <Data name="locationQuality"><value>baseline_coordinate_id_verified_current</value></Data>
      </ExtendedData>
      <Point><coordinates>77.675316,12.907659,0</coordinates></Point>
    </Placemark>
    <Placemark>
      <name>Thigalarapalya</name>
      <description>baseline_coordinate_id_verified_current</description>
      <ExtendedData>
        <Data name="platformId"><value>1385942</value></Data>
        <Data name="observedAt"><value>2026-08-26T07:45:17.747Z</value></Data>
        <Data name="locationQuality"><value>baseline_coordinate_id_verified_current</value></Data>
      </ExtendedData>
      <Point><coordinates>77.722766,12.993544,0</coordinates></Point>
    </Placemark>
    <Placemark>
      <name>Habsiguda</name>
      <description>baseline_coordinate_id_verified_current</description>
      <ExtendedData>
        <Data name="platformId"><value>1385944</value></Data>
        <Data name="observedAt"><value>2026-08-26T07:46:19.737Z</value></Data>
        <Data name="locationQuality"><value>baseline_coordinate_id_verified_current</value></Data>
      </ExtendedData>
      <Point><coordinates>78.5439744964242,17.40528104514001,0</coordinates></Point>
    </Placemark>
    <Placemark>
      <name>Keventers</name>
      <description>baseline_coordinate_id_verified_current</description>
      <ExtendedData>
        <Data name="platformId"><value>1385945</value></Data>
        <Data name="observedAt"><value>2026-08-26T08:06:38.889Z</value></Data>
        <Data name="locationQuality"><value>baseline_coordinate_id_verified_current</value></Data>
      </ExtendedData>
      <Point><coordinates>77.321404,28.66404,0</coordinates></Point>
    </Placemark>
    <Placemark>
      <name>HSR Sec 2</name>
      <description>baseline_coordinate_id_verified_current</description>
      <ExtendedData>
        <Data name="platformId"><value>1386090</value></Data>
        <Data name="observedAt"><value>2026-08-26T07:44:56.311Z</value></Data>
        <Data name="locationQuality"><value>baseline_coordinate_id_verified_current</value></Data>
      </ExtendedData>
      <Point><coordinates>77.642027,12.904262,0</coordinates></Point>
    </Placemark>
    <Placemark>
      <name>Venkata Ramana Colony</name>
      <description>baseline_coordinate_id_verified_current</description>
      <ExtendedData>
        <Data name="platformId"><value>1386093</value></Data>
        <Data name="observedAt"><value>2026-08-26T07:56:31.194Z</value></Data>
        <Data name="locationQuality"><value>baseline_coordinate_id_verified_current</value></Data>
      </ExtendedData>
      <Point><coordinates>78.38126063690974,17.488374062531527,0</coordinates></Point>
    </Placemark>
    <Placemark>
      <name>Kothaguda</name>
      <description>baseline_coordinate_id_verified_current</description>
      <ExtendedData>
        <Data name="platformId"><value>1386094</value></Data>
        <Data name="observedAt"><value>2026-08-26T07:50:38.159Z</value></Data>
        <Data name="locationQuality"><value>baseline_coordinate_id_verified_current</value></Data>
      </ExtendedData>
      <Point><coordinates>78.363979,17.473188,0</coordinates></Point>
    </Placemark>
    <Placemark>
      <name>Datar Manzil</name>
      <description>baseline_coordinate_id_verified_current</description>
      <ExtendedData>
        <Data name="platformId"><value>1386268</value></Data>
        <Data name="observedAt"><value>2026-08-26T07:46:19.300Z</value></Data>
        <Data name="locationQuality"><value>baseline_coordinate_id_verified_current</value></Data>
      </ExtendedData>
      <Point><coordinates>78.3792554122228,17.407012389859826,0</coordinates></Point>
    </Placemark>
    <Placemark>
      <name>TCS Synergy Park</name>
      <description>baseline_coordinate_id_verified_current</description>
      <ExtendedData>
        <Data name="platformId"><value>1386269</value></Data>
        <Data name="observedAt"><value>2026-08-26T07:56:27.340Z</value></Data>
        <Data name="locationQuality"><value>baseline_coordinate_id_verified_current</value></Data>
      </ExtendedData>
      <Point><coordinates>78.345367,17.46447,0</coordinates></Point>
    </Placemark>
    <Placemark>
      <name>Kohat Enclave</name>
      <description>baseline_coordinate_id_verified_current</description>
      <ExtendedData>
        <Data name="platformId"><value>1386271</value></Data>
        <Data name="observedAt"><value>2026-08-26T08:06:56.987Z</value></Data>
        <Data name="locationQuality"><value>baseline_coordinate_id_verified_current</value></Data>
      </ExtendedData>
      <Point><coordinates>77.147173,28.702855,0</coordinates></Point>
    </Placemark>
    <Placemark>
      <name>Bengaluru Badootaa</name>
      <description>baseline_coordinate_id_verified_current</description>
      <ExtendedData>
        <Data name="platformId"><value>1386385</value></Data>
        <Data name="observedAt"><value>2026-08-26T07:50:31.300Z</value></Data>
        <Data name="locationQuality"><value>baseline_coordinate_id_verified_current</value></Data>
      </ExtendedData>
      <Point><coordinates>77.5176215423516,12.958886335992364,0</coordinates></Point>
    </Placemark>
    <Placemark>
      <name>Puttanahalli</name>
      <description>baseline_coordinate_id_verified_current</description>
      <ExtendedData>
        <Data name="platformId"><value>1386386</value></Data>
        <Data name="observedAt"><value>2026-08-26T07:45:39.606Z</value></Data>
        <Data name="locationQuality"><value>baseline_coordinate_id_verified_current</value></Data>
      </ExtendedData>
      <Point><coordinates>77.571561,13.114128,0</coordinates></Point>
    </Placemark>
    <Placemark>
      <name>VASANT SQUARE MALL</name>
      <description>baseline_coordinate_id_verified_current</description>
      <ExtendedData>
        <Data name="platformId"><value>1386536</value></Data>
        <Data name="observedAt"><value>2026-08-26T08:04:45.885Z</value></Data>
        <Data name="locationQuality"><value>baseline_coordinate_id_verified_current</value></Data>
      </ExtendedData>
      <Point><coordinates>77.154404,28.525244,0</coordinates></Point>
    </Placemark>
    <Placemark>
      <name>Yelahanka New Town</name>
      <description>baseline_coordinate_id_verified_current</description>
      <ExtendedData>
        <Data name="platformId"><value>1386712</value></Data>
        <Data name="observedAt"><value>2026-08-26T07:49:50.159Z</value></Data>
        <Data name="locationQuality"><value>baseline_coordinate_id_verified_current</value></Data>
      </ExtendedData>
      <Point><coordinates>77.574441,13.098619,0</coordinates></Point>
    </Placemark>
    <Placemark>
      <name>Suchitra</name>
      <description>baseline_coordinate_id_verified_current</description>
      <ExtendedData>
        <Data name="platformId"><value>1386717</value></Data>
        <Data name="observedAt"><value>2026-08-26T07:50:39.066Z</value></Data>
        <Data name="locationQuality"><value>baseline_coordinate_id_verified_current</value></Data>
      </ExtendedData>
      <Point><coordinates>78.479014,17.513169,0</coordinates></Point>
    </Placemark>
    <Placemark>
      <name>Attapur</name>
      <description>baseline_coordinate_id_verified_current</description>
      <ExtendedData>
        <Data name="platformId"><value>1386816</value></Data>
        <Data name="observedAt"><value>2026-08-26T07:46:09.724Z</value></Data>
        <Data name="locationQuality"><value>baseline_coordinate_id_verified_current</value></Data>
      </ExtendedData>
      <Point><coordinates>78.419833,17.355889,0</coordinates></Point>
    </Placemark>
    <Placemark>
      <name>Taloja Jail Road</name>
      <description>service_area_seed_median_approximate</description>
      <ExtendedData>
        <Data name="platformId"><value>1386846</value></Data>
        <Data name="observedAt"><value>2026-08-26T07:58:07.134Z</value></Data>
        <Data name="locationQuality"><value>service_area_seed_median_approximate</value></Data>
      </ExtendedData>
      <Point><coordinates>73.095683,19.071998,0</coordinates></Point>
    </Placemark>
    <Placemark>
      <name>MAYUR VIHAR PHASE 3</name>
      <description>baseline_coordinate_id_verified_current</description>
      <ExtendedData>
        <Data name="platformId"><value>1386943</value></Data>
        <Data name="observedAt"><value>2026-08-26T08:05:17.362Z</value></Data>
        <Data name="locationQuality"><value>baseline_coordinate_id_verified_current</value></Data>
      </ExtendedData>
      <Point><coordinates>77.319807,28.595272,0</coordinates></Point>
    </Placemark>
    <Placemark>
      <name>PVR VVIP GHAZIABAD</name>
      <description>baseline_coordinate_id_verified_current</description>
      <ExtendedData>
        <Data name="platformId"><value>1387080</value></Data>
        <Data name="observedAt"><value>2026-08-26T08:06:49.054Z</value></Data>
        <Data name="locationQuality"><value>baseline_coordinate_id_verified_current</value></Data>
      </ExtendedData>
      <Point><coordinates>77.422718,28.698797,0</coordinates></Point>
    </Placemark>
    <Placemark>
      <name>Anantnagar</name>
      <description>baseline_coordinate_id_verified_current</description>
      <ExtendedData>
        <Data name="platformId"><value>1387560</value></Data>
        <Data name="observedAt"><value>2026-08-26T07:50:26.668Z</value></Data>
        <Data name="locationQuality"><value>baseline_coordinate_id_verified_current</value></Data>
      </ExtendedData>
      <Point><coordinates>77.6906079,12.8319844,0</coordinates></Point>
    </Placemark>
    <Placemark>
      <name>Gandhipura</name>
      <description>baseline_coordinate_id_verified_current</description>
      <ExtendedData>
        <Data name="platformId"><value>1387561</value></Data>
        <Data name="observedAt"><value>2026-08-26T07:45:18.232Z</value></Data>
        <Data name="locationQuality"><value>baseline_coordinate_id_verified_current</value></Data>
      </ExtendedData>
      <Point><coordinates>77.7671685,12.9745268,0</coordinates></Point>
    </Placemark>
    <Placemark>
      <name>Bachupally 2</name>
      <description>baseline_coordinate_id_verified_current</description>
      <ExtendedData>
        <Data name="platformId"><value>1387564</value></Data>
        <Data name="observedAt"><value>2026-08-26T07:56:35.067Z</value></Data>
        <Data name="locationQuality"><value>baseline_coordinate_id_verified_current</value></Data>
      </ExtendedData>
      <Point><coordinates>78.363,17.547,0</coordinates></Point>
    </Placemark>
    <Placemark>
      <name>Waverock</name>
      <description>baseline_coordinate_id_verified_current</description>
      <ExtendedData>
        <Data name="platformId"><value>1387565</value></Data>
        <Data name="observedAt"><value>2026-08-26T07:50:00.226Z</value></Data>
        <Data name="locationQuality"><value>baseline_coordinate_id_verified_current</value></Data>
      </ExtendedData>
      <Point><coordinates>78.347434,17.422039,0</coordinates></Point>
    </Placemark>
    <Placemark>
      <name>Beeramguda</name>
      <description>baseline_coordinate_id_verified_current</description>
      <ExtendedData>
        <Data name="platformId"><value>1387634</value></Data>
        <Data name="observedAt"><value>2026-08-26T07:56:43.110Z</value></Data>
        <Data name="locationQuality"><value>baseline_coordinate_id_verified_current</value></Data>
      </ExtendedData>
      <Point><coordinates>78.294638,17.530593,0</coordinates></Point>
    </Placemark>
    <Placemark>
      <name>RK Studios</name>
      <description>baseline_coordinate_id_verified_current</description>
      <ExtendedData>
        <Data name="platformId"><value>1387703</value></Data>
        <Data name="observedAt"><value>2026-08-26T07:50:01.888Z</value></Data>
        <Data name="locationQuality"><value>baseline_coordinate_id_verified_current</value></Data>
      </ExtendedData>
      <Point><coordinates>72.90815,19.047268,0</coordinates></Point>
    </Placemark>
    <Placemark>
      <name>NFC</name>
      <description>baseline_coordinate_id_verified_current</description>
      <ExtendedData>
        <Data name="platformId"><value>1387704</value></Data>
        <Data name="observedAt"><value>2026-08-26T08:05:00.421Z</value></Data>
        <Data name="locationQuality"><value>baseline_coordinate_id_verified_current</value></Data>
      </ExtendedData>
      <Point><coordinates>77.272838,28.57283,0</coordinates></Point>
    </Placemark>
    <Placemark>
      <name>Nawada</name>
      <description>baseline_coordinate_id_verified_current</description>
      <ExtendedData>
        <Data name="platformId"><value>1387705</value></Data>
        <Data name="observedAt"><value>2026-08-26T08:05:16.562Z</value></Data>
        <Data name="locationQuality"><value>baseline_coordinate_id_verified_current</value></Data>
      </ExtendedData>
      <Point><coordinates>77.04032745212317,28.620369159124,0</coordinates></Point>
    </Placemark>
    <Placemark>
      <name>SECTOR 62</name>
      <description>baseline_coordinate_id_verified_current</description>
      <ExtendedData>
        <Data name="platformId"><value>1388198</value></Data>
        <Data name="observedAt"><value>2026-08-26T08:05:18.164Z</value></Data>
        <Data name="locationQuality"><value>baseline_coordinate_id_verified_current</value></Data>
      </ExtendedData>
      <Point><coordinates>77.369682,28.619795,0</coordinates></Point>
    </Placemark>
    <Placemark>
      <name>Instamart 1388200</name>
      <description>service_area_seed_median_approximate</description>
      <ExtendedData>
        <Data name="platformId"><value>1388200</value></Data>
        <Data name="observedAt"><value>2026-08-26T08:05:01.911Z</value></Data>
        <Data name="locationQuality"><value>service_area_seed_median_approximate</value></Data>
      </ExtendedData>
      <Point><coordinates>77.374933,28.554394,0</coordinates></Point>
    </Placemark>
    <Placemark>
      <name>Kompally</name>
      <description>baseline_coordinate_id_verified_current</description>
      <ExtendedData>
        <Data name="platformId"><value>1388312</value></Data>
        <Data name="observedAt"><value>2026-08-26T07:57:08.298Z</value></Data>
        <Data name="locationQuality"><value>baseline_coordinate_id_verified_current</value></Data>
      </ExtendedData>
      <Point><coordinates>78.4926065,17.5443971,0</coordinates></Point>
    </Placemark>
    <Placemark>
      <name>Wanwadi New</name>
      <description>baseline_coordinate_id_verified_current</description>
      <ExtendedData>
        <Data name="platformId"><value>1388314</value></Data>
        <Data name="observedAt"><value>2026-08-26T07:57:12.354Z</value></Data>
        <Data name="locationQuality"><value>baseline_coordinate_id_verified_current</value></Data>
      </ExtendedData>
      <Point><coordinates>73.901195,18.505552,0</coordinates></Point>
    </Placemark>
    <Placemark>
      <name>DAMAIGUDA</name>
      <description>baseline_coordinate_id_verified_current</description>
      <ExtendedData>
        <Data name="platformId"><value>1388385</value></Data>
        <Data name="observedAt"><value>2026-08-26T07:56:29.720Z</value></Data>
        <Data name="locationQuality"><value>baseline_coordinate_id_verified_current</value></Data>
      </ExtendedData>
      <Point><coordinates>78.58725,17.503279,0</coordinates></Point>
    </Placemark>
    <Placemark>
      <name>Instamart 1388453</name>
      <description>service_area_seed_median_approximate</description>
      <ExtendedData>
        <Data name="platformId"><value>1388453</value></Data>
        <Data name="observedAt"><value>2026-08-26T07:57:17.854Z</value></Data>
        <Data name="locationQuality"><value>service_area_seed_median_approximate</value></Data>
      </ExtendedData>
      <Point><coordinates>73.77609,18.564926,0</coordinates></Point>
    </Placemark>
    <Placemark>
      <name>Guttahalli</name>
      <description>baseline_coordinate_id_verified_current</description>
      <ExtendedData>
        <Data name="platformId"><value>1388682</value></Data>
        <Data name="observedAt"><value>2026-08-26T07:45:09.575Z</value></Data>
        <Data name="locationQuality"><value>baseline_coordinate_id_verified_current</value></Data>
      </ExtendedData>
      <Point><coordinates>77.578353,12.999125,0</coordinates></Point>
    </Placemark>
    <Placemark>
      <name>Dilshad Colony</name>
      <description>baseline_coordinate_id_verified_current</description>
      <ExtendedData>
        <Data name="platformId"><value>1388689</value></Data>
        <Data name="observedAt"><value>2026-08-26T08:06:45.997Z</value></Data>
        <Data name="locationQuality"><value>baseline_coordinate_id_verified_current</value></Data>
      </ExtendedData>
      <Point><coordinates>77.314262,28.678051,0</coordinates></Point>
    </Placemark>
    <Placemark>
      <name>Samarth Colony</name>
      <description>service_area_seed_median_approximate</description>
      <ExtendedData>
        <Data name="platformId"><value>1389001</value></Data>
        <Data name="observedAt"><value>2026-08-26T07:57:15.515Z</value></Data>
        <Data name="locationQuality"><value>service_area_seed_median_approximate</value></Data>
      </ExtendedData>
      <Point><coordinates>73.801971,18.562691,0</coordinates></Point>
    </Placemark>
    <Placemark>
      <name>Sector 10A</name>
      <description>baseline_coordinate_id_verified_current</description>
      <ExtendedData>
        <Data name="platformId"><value>1389006</value></Data>
        <Data name="observedAt"><value>2026-08-26T08:04:27.732Z</value></Data>
        <Data name="locationQuality"><value>baseline_coordinate_id_verified_current</value></Data>
      </ExtendedData>
      <Point><coordinates>77.001076,28.449587,0</coordinates></Point>
    </Placemark>
    <Placemark>
      <name>Kannamangala</name>
      <description>baseline_coordinate_id_verified_current</description>
      <ExtendedData>
        <Data name="platformId"><value>1389251</value></Data>
        <Data name="observedAt"><value>2026-08-26T08:08:03.130Z</value></Data>
        <Data name="locationQuality"><value>baseline_coordinate_id_verified_current</value></Data>
      </ExtendedData>
      <Point><coordinates>77.759705,13.00845,0</coordinates></Point>
    </Placemark>
    <Placemark>
      <name>Ravet</name>
      <description>baseline_coordinate_id_verified_current</description>
      <ExtendedData>
        <Data name="platformId"><value>1389254</value></Data>
        <Data name="observedAt"><value>2026-08-26T07:57:30.440Z</value></Data>
        <Data name="locationQuality"><value>baseline_coordinate_id_verified_current</value></Data>
      </ExtendedData>
      <Point><coordinates>73.744494,18.655879,0</coordinates></Point>
    </Placemark>
    <Placemark>
      <name>Gaothan</name>
      <description>baseline_coordinate_id_verified_current</description>
      <ExtendedData>
        <Data name="platformId"><value>1389632</value></Data>
        <Data name="observedAt"><value>2026-08-26T07:58:37.773Z</value></Data>
        <Data name="locationQuality"><value>baseline_coordinate_id_verified_current</value></Data>
      </ExtendedData>
      <Point><coordinates>72.996665,19.165497,0</coordinates></Point>
    </Placemark>
    <Placemark>
      <name>Sapphire Mall</name>
      <description>service_area_seed_median_approximate</description>
      <ExtendedData>
        <Data name="platformId"><value>1389633</value></Data>
        <Data name="observedAt"><value>2026-08-26T08:04:25.279Z</value></Data>
        <Data name="locationQuality"><value>service_area_seed_median_approximate</value></Data>
      </ExtendedData>
      <Point><coordinates>77.04871914103353,28.401572464934098,0</coordinates></Point>
    </Placemark>
    <Placemark>
      <name>GAUR CITY 2</name>
      <description>baseline_coordinate_id_verified_current</description>
      <ExtendedData>
        <Data name="platformId"><value>1389634</value></Data>
        <Data name="observedAt"><value>2026-08-26T07:50:20.419Z</value></Data>
        <Data name="locationQuality"><value>baseline_coordinate_id_verified_current</value></Data>
      </ExtendedData>
      <Point><coordinates>77.425346,28.622773,0</coordinates></Point>
    </Placemark>
    <Placemark>
      <name>Kalpataru</name>
      <description>baseline_coordinate_id_verified_current</description>
      <ExtendedData>
        <Data name="platformId"><value>1389638</value></Data>
        <Data name="observedAt"><value>2026-08-26T07:46:21.463Z</value></Data>
        <Data name="locationQuality"><value>baseline_coordinate_id_verified_current</value></Data>
      </ExtendedData>
      <Point><coordinates>78.432707,17.458318,0</coordinates></Point>
    </Placemark>
    <Placemark>
      <name>Uttam Nagar</name>
      <description>baseline_coordinate_id_verified_current</description>
      <ExtendedData>
        <Data name="platformId"><value>1389689</value></Data>
        <Data name="observedAt"><value>2026-08-26T08:07:00.848Z</value></Data>
        <Data name="locationQuality"><value>baseline_coordinate_id_verified_current</value></Data>
      </ExtendedData>
      <Point><coordinates>77.069461,28.622128,0</coordinates></Point>
    </Placemark>
    <Placemark>
      <name>CR Park</name>
      <description>baseline_coordinate_id_verified_current</description>
      <ExtendedData>
        <Data name="platformId"><value>1389690</value></Data>
        <Data name="observedAt"><value>2026-08-26T08:04:51.533Z</value></Data>
        <Data name="locationQuality"><value>baseline_coordinate_id_verified_current</value></Data>
      </ExtendedData>
      <Point><coordinates>77.257278,28.54237,0</coordinates></Point>
    </Placemark>
    <Placemark>
      <name>ECO CITY</name>
      <description>baseline_coordinate_id_verified_current</description>
      <ExtendedData>
        <Data name="platformId"><value>1390227</value></Data>
        <Data name="observedAt"><value>2026-08-26T08:05:10.250Z</value></Data>
        <Data name="locationQuality"><value>baseline_coordinate_id_verified_current</value></Data>
      </ExtendedData>
      <Point><coordinates>77.384428,28.578416,0</coordinates></Point>
    </Placemark>
    <Placemark>
      <name>SECTOR 37</name>
      <description>baseline_coordinate_id_verified_current</description>
      <ExtendedData>
        <Data name="platformId"><value>1391899</value></Data>
        <Data name="observedAt"><value>2026-08-26T08:04:32.890Z</value></Data>
        <Data name="locationQuality"><value>baseline_coordinate_id_verified_current</value></Data>
      </ExtendedData>
      <Point><coordinates>77.311602,28.455094,0</coordinates></Point>
    </Placemark>
    <Placemark>
      <name>SECTOR 20B</name>
      <description>baseline_coordinate_id_verified_current</description>
      <ExtendedData>
        <Data name="platformId"><value>1391900</value></Data>
        <Data name="observedAt"><value>2026-08-26T08:04:22.787Z</value></Data>
        <Data name="locationQuality"><value>baseline_coordinate_id_verified_current</value></Data>
      </ExtendedData>
      <Point><coordinates>77.318897,28.409797,0</coordinates></Point>
    </Placemark>
    <Placemark>
      <name>Sector 53</name>
      <description>baseline_coordinate_id_verified_current</description>
      <ExtendedData>
        <Data name="platformId"><value>1392083</value></Data>
        <Data name="observedAt"><value>2026-08-26T08:04:37.914Z</value></Data>
        <Data name="locationQuality"><value>baseline_coordinate_id_verified_current</value></Data>
      </ExtendedData>
      <Point><coordinates>77.094724,28.441902,0</coordinates></Point>
    </Placemark>
    <Placemark>
      <name>CARMELARAM</name>
      <description>baseline_coordinate_id_verified_current</description>
      <ExtendedData>
        <Data name="platformId"><value>1392421</value></Data>
        <Data name="observedAt"><value>2026-08-26T08:08:02.318Z</value></Data>
        <Data name="locationQuality"><value>baseline_coordinate_id_verified_current</value></Data>
      </ExtendedData>
      <Point><coordinates>77.697731,12.909483,0</coordinates></Point>
    </Placemark>
    <Placemark>
      <name>Chintalkunta</name>
      <description>baseline_coordinate_id_verified_current</description>
      <ExtendedData>
        <Data name="platformId"><value>1392530</value></Data>
        <Data name="observedAt"><value>2026-08-26T07:46:08.232Z</value></Data>
        <Data name="locationQuality"><value>baseline_coordinate_id_verified_current</value></Data>
      </ExtendedData>
      <Point><coordinates>78.568657,17.329996,0</coordinates></Point>
    </Placemark>
    <Placemark>
      <name>Lower parel</name>
      <description>baseline_coordinate_id_verified_current</description>
      <ExtendedData>
        <Data name="platformId"><value>1392531</value></Data>
        <Data name="observedAt"><value>2026-08-26T07:58:36.914Z</value></Data>
        <Data name="locationQuality"><value>baseline_coordinate_id_verified_current</value></Data>
      </ExtendedData>
      <Point><coordinates>72.830223,19.000903,0</coordinates></Point>
    </Placemark>
    <Placemark>
      <name>DLF Woodland</name>
      <description>baseline_coordinate_id_verified_current</description>
      <ExtendedData>
        <Data name="platformId"><value>1393562</value></Data>
        <Data name="observedAt"><value>2026-08-26T07:44:44.350Z</value></Data>
        <Data name="locationQuality"><value>baseline_coordinate_id_verified_current</value></Data>
      </ExtendedData>
      <Point><coordinates>77.660056,12.784306,0</coordinates></Point>
    </Placemark>
    <Placemark>
      <name>Dattawadi</name>
      <description>baseline_coordinate_id_verified_current</description>
      <ExtendedData>
        <Data name="platformId"><value>1393573</value></Data>
        <Data name="observedAt"><value>2026-08-26T07:57:26.544Z</value></Data>
        <Data name="locationQuality"><value>baseline_coordinate_id_verified_current</value></Data>
      </ExtendedData>
      <Point><coordinates>73.752173,18.616601,0</coordinates></Point>
    </Placemark>
    <Placemark>
      <name>KUNAL ICON PIMPLE SAUDAGAR</name>
      <description>baseline_coordinate_id_verified_current</description>
      <ExtendedData>
        <Data name="platformId"><value>1393574</value></Data>
        <Data name="observedAt"><value>2026-08-26T07:57:27.289Z</value></Data>
        <Data name="locationQuality"><value>baseline_coordinate_id_verified_current</value></Data>
      </ExtendedData>
      <Point><coordinates>73.803717,18.593686,0</coordinates></Point>
    </Placemark>
    <Placemark>
      <name>Vikas Udyan</name>
      <description>baseline_coordinate_id_verified_current</description>
      <ExtendedData>
        <Data name="platformId"><value>1393575</value></Data>
        <Data name="observedAt"><value>2026-08-26T07:56:59.647Z</value></Data>
        <Data name="locationQuality"><value>baseline_coordinate_id_verified_current</value></Data>
      </ExtendedData>
      <Point><coordinates>73.826389,18.46125,0</coordinates></Point>
    </Placemark>
    <Placemark>
      <name>NEHRU COLONY</name>
      <description>baseline_coordinate_id_verified_current</description>
      <ExtendedData>
        <Data name="platformId"><value>1393826</value></Data>
        <Data name="observedAt"><value>2026-08-26T08:04:15.458Z</value></Data>
        <Data name="locationQuality"><value>baseline_coordinate_id_verified_current</value></Data>
      </ExtendedData>
      <Point><coordinates>77.2935421,28.3919602,0</coordinates></Point>
    </Placemark>
    <Placemark>
      <name>West Marredpally</name>
      <description>baseline_coordinate_id_verified_current</description>
      <ExtendedData>
        <Data name="platformId"><value>1393828</value></Data>
        <Data name="observedAt"><value>2026-08-26T07:56:20.720Z</value></Data>
        <Data name="locationQuality"><value>baseline_coordinate_id_verified_current</value></Data>
      </ExtendedData>
      <Point><coordinates>78.504005,17.449091,0</coordinates></Point>
    </Placemark>
    <Placemark>
      <name>Mehroli</name>
      <description>baseline_coordinate_id_verified_current</description>
      <ExtendedData>
        <Data name="platformId"><value>1394450</value></Data>
        <Data name="observedAt"><value>2026-08-26T08:04:38.665Z</value></Data>
        <Data name="locationQuality"><value>baseline_coordinate_id_verified_current</value></Data>
      </ExtendedData>
      <Point><coordinates>77.184889,28.492417,0</coordinates></Point>
    </Placemark>
    <Placemark>
      <name>Sector 14 Main</name>
      <description>baseline_coordinate_id_verified_current</description>
      <ExtendedData>
        <Data name="platformId"><value>1394451</value></Data>
        <Data name="observedAt"><value>2026-08-26T08:04:39.463Z</value></Data>
        <Data name="locationQuality"><value>baseline_coordinate_id_verified_current</value></Data>
      </ExtendedData>
      <Point><coordinates>77.041298,28.47073,0</coordinates></Point>
    </Placemark>
    <Placemark>
      <name>RAJ NAGAR GZB</name>
      <description>baseline_coordinate_id_verified_current</description>
      <ExtendedData>
        <Data name="platformId"><value>1394453</value></Data>
        <Data name="observedAt"><value>2026-08-26T07:50:22.592Z</value></Data>
        <Data name="locationQuality"><value>baseline_coordinate_id_verified_current</value></Data>
      </ExtendedData>
      <Point><coordinates>77.440055,28.672261,0</coordinates></Point>
    </Placemark>
    <Placemark>
      <name>BHEKRAI</name>
      <description>baseline_coordinate_id_verified_current</description>
      <ExtendedData>
        <Data name="platformId"><value>1394673</value></Data>
        <Data name="observedAt"><value>2026-08-26T07:57:04.457Z</value></Data>
        <Data name="locationQuality"><value>baseline_coordinate_id_verified_current</value></Data>
      </ExtendedData>
      <Point><coordinates>73.952528,18.48775,0</coordinates></Point>
    </Placemark>
    <Placemark>
      <name>Kalamandir</name>
      <description>baseline_coordinate_id_verified_current</description>
      <ExtendedData>
        <Data name="platformId"><value>1395425</value></Data>
        <Data name="observedAt"><value>2026-08-26T07:45:12.656Z</value></Data>
        <Data name="locationQuality"><value>baseline_coordinate_id_verified_current</value></Data>
      </ExtendedData>
      <Point><coordinates>77.704895,12.961962,0</coordinates></Point>
    </Placemark>
    <Placemark>
      <name>DLF SEC 54</name>
      <description>baseline_coordinate_id_verified_current</description>
      <ExtendedData>
        <Data name="platformId"><value>1395428</value></Data>
        <Data name="observedAt"><value>2026-08-26T08:04:26.157Z</value></Data>
        <Data name="locationQuality"><value>baseline_coordinate_id_verified_current</value></Data>
      </ExtendedData>
      <Point><coordinates>77.103333,28.43975,0</coordinates></Point>
    </Placemark>
    <Placemark>
      <name>SECTOR 9</name>
      <description>baseline_coordinate_id_verified_current</description>
      <ExtendedData>
        <Data name="platformId"><value>1395430</value></Data>
        <Data name="observedAt"><value>2026-08-26T08:05:08.739Z</value></Data>
        <Data name="locationQuality"><value>baseline_coordinate_id_verified_current</value></Data>
      </ExtendedData>
      <Point><coordinates>77.322784,28.581507,0</coordinates></Point>
    </Placemark>
    <Placemark>
      <name>HOODI</name>
      <description>baseline_coordinate_id_verified_current</description>
      <ExtendedData>
        <Data name="platformId"><value>1395434</value></Data>
        <Data name="observedAt"><value>2026-08-26T07:45:24.903Z</value></Data>
        <Data name="locationQuality"><value>baseline_coordinate_id_verified_current</value></Data>
      </ExtendedData>
      <Point><coordinates>77.712083,12.990111,0</coordinates></Point>
    </Placemark>
    <Placemark>
      <name>SOMASUNDARAPALYA</name>
      <description>baseline_coordinate_id_verified_current</description>
      <ExtendedData>
        <Data name="platformId"><value>1395720</value></Data>
        <Data name="observedAt"><value>2026-08-26T07:45:00.613Z</value></Data>
        <Data name="locationQuality"><value>baseline_coordinate_id_verified_current</value></Data>
      </ExtendedData>
      <Point><coordinates>77.6600807,12.9001419,0</coordinates></Point>
    </Placemark>
    <Placemark>
      <name>Kodihalli</name>
      <description>baseline_coordinate_id_verified_current</description>
      <ExtendedData>
        <Data name="platformId"><value>1395721</value></Data>
        <Data name="observedAt"><value>2026-08-26T07:45:14.280Z</value></Data>
        <Data name="locationQuality"><value>baseline_coordinate_id_verified_current</value></Data>
      </ExtendedData>
      <Point><coordinates>77.6458945,12.9624916,0</coordinates></Point>
    </Placemark>
    <Placemark>
      <name>MURGESH PALYA</name>
      <description>baseline_coordinate_id_verified_current</description>
      <ExtendedData>
        <Data name="platformId"><value>1395722</value></Data>
        <Data name="observedAt"><value>2026-08-26T07:45:05.191Z</value></Data>
        <Data name="locationQuality"><value>baseline_coordinate_id_verified_current</value></Data>
      </ExtendedData>
      <Point><coordinates>77.662917,12.957306,0</coordinates></Point>
    </Placemark>
    <Placemark>
      <name>Katai Village</name>
      <description>baseline_coordinate_id_verified_current</description>
      <ExtendedData>
        <Data name="platformId"><value>1395728</value></Data>
        <Data name="observedAt"><value>2026-08-26T07:58:39.319Z</value></Data>
        <Data name="locationQuality"><value>baseline_coordinate_id_verified_current</value></Data>
      </ExtendedData>
      <Point><coordinates>73.076,19.163778,0</coordinates></Point>
    </Placemark>
    <Placemark>
      <name>Undri</name>
      <description>baseline_coordinate_id_verified_current</description>
      <ExtendedData>
        <Data name="platformId"><value>1395729</value></Data>
        <Data name="observedAt"><value>2026-08-26T07:56:57.274Z</value></Data>
        <Data name="locationQuality"><value>baseline_coordinate_id_verified_current</value></Data>
      </ExtendedData>
      <Point><coordinates>73.91541,18.45324,0</coordinates></Point>
    </Placemark>
    <Placemark>
      <name>Instamart 1396027</name>
      <description>service_area_seed_median_approximate</description>
      <ExtendedData>
        <Data name="platformId"><value>1396027</value></Data>
        <Data name="observedAt"><value>2026-08-26T07:56:34.364Z</value></Data>
        <Data name="locationQuality"><value>service_area_seed_median_approximate</value></Data>
      </ExtendedData>
      <Point><coordinates>78.393675,17.538314,0</coordinates></Point>
    </Placemark>
    <Placemark>
      <name>KORAMANAGALA</name>
      <description>baseline_coordinate_id_verified_current</description>
      <ExtendedData>
        <Data name="platformId"><value>1396284</value></Data>
        <Data name="observedAt"><value>2026-08-26T07:45:02.769Z</value></Data>
        <Data name="locationQuality"><value>baseline_coordinate_id_verified_current</value></Data>
      </ExtendedData>
      <Point><coordinates>77.626694,12.937972,0</coordinates></Point>
    </Placemark>
    <Placemark>
      <name>RR NAGAR</name>
      <description>baseline_coordinate_id_verified_current</description>
      <ExtendedData>
        <Data name="platformId"><value>1396285</value></Data>
        <Data name="observedAt"><value>2026-08-26T07:44:55.475Z</value></Data>
        <Data name="locationQuality"><value>baseline_coordinate_id_verified_current</value></Data>
      </ExtendedData>
      <Point><coordinates>77.514306,12.92475,0</coordinates></Point>
    </Placemark>
    <Placemark>
      <name>Anand Bagh</name>
      <description>baseline_coordinate_id_verified_current</description>
      <ExtendedData>
        <Data name="platformId"><value>1396289</value></Data>
        <Data name="observedAt"><value>2026-08-26T07:46:22.783Z</value></Data>
        <Data name="locationQuality"><value>baseline_coordinate_id_verified_current</value></Data>
      </ExtendedData>
      <Point><coordinates>78.536028,17.45175,0</coordinates></Point>
    </Placemark>
    <Placemark>
      <name>BODUPPAL</name>
      <description>baseline_coordinate_id_verified_current</description>
      <ExtendedData>
        <Data name="platformId"><value>1396294</value></Data>
        <Data name="observedAt"><value>2026-08-26T07:46:14.858Z</value></Data>
        <Data name="locationQuality"><value>baseline_coordinate_id_verified_current</value></Data>
      </ExtendedData>
      <Point><coordinates>78.567028,17.401222,0</coordinates></Point>
    </Placemark>
    <Placemark>
      <name>SION EAST</name>
      <description>baseline_coordinate_id_verified_current</description>
      <ExtendedData>
        <Data name="platformId"><value>1396295</value></Data>
        <Data name="observedAt"><value>2026-08-26T07:50:41.451Z</value></Data>
        <Data name="locationQuality"><value>baseline_coordinate_id_verified_current</value></Data>
      </ExtendedData>
      <Point><coordinates>72.86825,19.022056,0</coordinates></Point>
    </Placemark>
    <Placemark>
      <name>HIRANANDANI MBC PARK</name>
      <description>baseline_coordinate_id_verified_current</description>
      <ExtendedData>
        <Data name="platformId"><value>1396296</value></Data>
        <Data name="observedAt"><value>2026-08-26T07:50:03.154Z</value></Data>
        <Data name="locationQuality"><value>baseline_coordinate_id_verified_current</value></Data>
      </ExtendedData>
      <Point><coordinates>72.965698,19.265951,0</coordinates></Point>
    </Placemark>
    <Placemark>
      <name>BHARTIYA CITY</name>
      <description>baseline_coordinate_id_verified_current</description>
      <ExtendedData>
        <Data name="platformId"><value>1396660</value></Data>
        <Data name="observedAt"><value>2026-08-26T07:50:35.108Z</value></Data>
        <Data name="locationQuality"><value>baseline_coordinate_id_verified_current</value></Data>
      </ExtendedData>
      <Point><coordinates>77.634172,13.088326,0</coordinates></Point>
    </Placemark>
    <Placemark>
      <name>BAGALURU ROAD</name>
      <description>baseline_coordinate_id_verified_current</description>
      <ExtendedData>
        <Data name="platformId"><value>1397024</value></Data>
        <Data name="observedAt"><value>2026-08-26T07:45:37.388Z</value></Data>
        <Data name="locationQuality"><value>baseline_coordinate_id_verified_current</value></Data>
      </ExtendedData>
      <Point><coordinates>77.623694,13.123083,0</coordinates></Point>
    </Placemark>
    <Placemark>
      <name>Bannerghatta Road</name>
      <description>baseline_coordinate_id_verified_current</description>
      <ExtendedData>
        <Data name="platformId"><value>1397048</value></Data>
        <Data name="observedAt"><value>2026-08-26T07:44:50.557Z</value></Data>
        <Data name="locationQuality"><value>baseline_coordinate_id_verified_current</value></Data>
      </ExtendedData>
      <Point><coordinates>77.5985,12.888222,0</coordinates></Point>
    </Placemark>
    <Placemark>
      <name>VILE PARLE</name>
      <description>baseline_coordinate_id_verified_current</description>
      <ExtendedData>
        <Data name="platformId"><value>1397051</value></Data>
        <Data name="observedAt"><value>2026-08-26T07:58:13.739Z</value></Data>
        <Data name="locationQuality"><value>baseline_coordinate_id_verified_current</value></Data>
      </ExtendedData>
      <Point><coordinates>72.838066,19.104799,0</coordinates></Point>
    </Placemark>
    <Placemark>
      <name>Sector 142 Noida</name>
      <description>baseline_coordinate_id_verified_current</description>
      <ExtendedData>
        <Data name="platformId"><value>1397625</value></Data>
        <Data name="observedAt"><value>2026-08-26T08:04:50.813Z</value></Data>
        <Data name="locationQuality"><value>baseline_coordinate_id_verified_current</value></Data>
      </ExtendedData>
      <Point><coordinates>77.41475,28.504167,0</coordinates></Point>
    </Placemark>
    <Placemark>
      <name>NS PALYA</name>
      <description>baseline_coordinate_id_verified_current</description>
      <ExtendedData>
        <Data name="platformId"><value>1397796</value></Data>
        <Data name="observedAt"><value>2026-08-26T08:07:58.955Z</value></Data>
        <Data name="locationQuality"><value>baseline_coordinate_id_verified_current</value></Data>
      </ExtendedData>
      <Point><coordinates>77.602889,12.909667,0</coordinates></Point>
    </Placemark>
    <Placemark>
      <name>HAZIPUR SECTOR 104</name>
      <description>baseline_coordinate_id_verified_current</description>
      <ExtendedData>
        <Data name="platformId"><value>1398130</value></Data>
        <Data name="observedAt"><value>2026-08-26T08:04:53.132Z</value></Data>
        <Data name="locationQuality"><value>baseline_coordinate_id_verified_current</value></Data>
      </ExtendedData>
      <Point><coordinates>77.3725,28.540333,0</coordinates></Point>
    </Placemark>
    <Placemark>
      <name>KENGERI SATELLITE TOWN</name>
      <description>baseline_coordinate_id_verified_current</description>
      <ExtendedData>
        <Data name="platformId"><value>1398437</value></Data>
        <Data name="observedAt"><value>2026-08-26T07:44:54.309Z</value></Data>
        <Data name="locationQuality"><value>baseline_coordinate_id_verified_current</value></Data>
      </ExtendedData>
      <Point><coordinates>77.485417,12.913417,0</coordinates></Point>
    </Placemark>
    <Placemark>
      <name>Kamalanagar</name>
      <description>baseline_coordinate_id_verified_current</description>
      <ExtendedData>
        <Data name="platformId"><value>1398441</value></Data>
        <Data name="observedAt"><value>2026-08-26T07:56:36.858Z</value></Data>
        <Data name="locationQuality"><value>baseline_coordinate_id_verified_current</value></Data>
      </ExtendedData>
      <Point><coordinates>78.558306,17.461389,0</coordinates></Point>
    </Placemark>
    <Placemark>
      <name>Andheri West</name>
      <description>baseline_coordinate_id_verified_current</description>
      <ExtendedData>
        <Data name="platformId"><value>1398452</value></Data>
        <Data name="observedAt"><value>2026-08-26T07:58:42.029Z</value></Data>
        <Data name="locationQuality"><value>baseline_coordinate_id_verified_current</value></Data>
      </ExtendedData>
      <Point><coordinates>72.833722,19.137528,0</coordinates></Point>
    </Placemark>
    <Placemark>
      <name>Instamart 1398749</name>
      <description>service_area_seed_median_approximate</description>
      <ExtendedData>
        <Data name="platformId"><value>1398749</value></Data>
        <Data name="observedAt"><value>2026-08-26T07:57:16.304Z</value></Data>
        <Data name="locationQuality"><value>service_area_seed_median_approximate</value></Data>
      </ExtendedData>
      <Point><coordinates>78.470333,17.391417,0</coordinates></Point>
    </Placemark>
    <Placemark>
      <name>Urit Nagar Warje</name>
      <description>baseline_coordinate_id_verified_current</description>
      <ExtendedData>
        <Data name="platformId"><value>1398754</value></Data>
        <Data name="observedAt"><value>2026-08-26T07:57:03.684Z</value></Data>
        <Data name="locationQuality"><value>baseline_coordinate_id_verified_current</value></Data>
      </ExtendedData>
      <Point><coordinates>73.793789,18.48931,0</coordinates></Point>
    </Placemark>
    <Placemark>
      <name>AIIMS</name>
      <description>baseline_coordinate_id_verified_current</description>
      <ExtendedData>
        <Data name="platformId"><value>1398755</value></Data>
        <Data name="observedAt"><value>2026-08-26T08:04:58.710Z</value></Data>
        <Data name="locationQuality"><value>baseline_coordinate_id_verified_current</value></Data>
      </ExtendedData>
      <Point><coordinates>77.2115,28.562528,0</coordinates></Point>
    </Placemark>
    <Placemark>
      <name>Phase I Sector 20 GGN</name>
      <description>baseline_coordinate_id_verified_current</description>
      <ExtendedData>
        <Data name="platformId"><value>1398757</value></Data>
        <Data name="observedAt"><value>2026-08-26T08:04:45.145Z</value></Data>
        <Data name="locationQuality"><value>baseline_coordinate_id_verified_current</value></Data>
      </ExtendedData>
      <Point><coordinates>77.069317,28.505851,0</coordinates></Point>
    </Placemark>
    <Placemark>
      <name>Millennium Avanish</name>
      <description>baseline_coordinate_id_verified_current</description>
      <ExtendedData>
        <Data name="platformId"><value>1398759</value></Data>
        <Data name="observedAt"><value>2026-08-26T07:50:03.613Z</value></Data>
        <Data name="locationQuality"><value>baseline_coordinate_id_verified_current</value></Data>
      </ExtendedData>
      <Point><coordinates>72.9913945,19.1426207,0</coordinates></Point>
    </Placemark>
    <Placemark>
      <name>Marathi Patrakar</name>
      <description>baseline_coordinate_id_verified_current</description>
      <ExtendedData>
        <Data name="platformId"><value>1398760</value></Data>
        <Data name="observedAt"><value>2026-08-26T07:57:41.693Z</value></Data>
        <Data name="locationQuality"><value>baseline_coordinate_id_verified_current</value></Data>
      </ExtendedData>
      <Point><coordinates>72.844694,19.014972,0</coordinates></Point>
    </Placemark>
    <Placemark>
      <name>Jakkur</name>
      <description>baseline_coordinate_id_verified_current</description>
      <ExtendedData>
        <Data name="platformId"><value>1399355</value></Data>
        <Data name="observedAt"><value>2026-08-26T07:45:32.385Z</value></Data>
        <Data name="locationQuality"><value>baseline_coordinate_id_verified_current</value></Data>
      </ExtendedData>
      <Point><coordinates>77.601417,13.091389,0</coordinates></Point>
    </Placemark>
    <Placemark>
      <name>Dommasandra</name>
      <description>baseline_coordinate_id_verified_current</description>
      <ExtendedData>
        <Data name="platformId"><value>1399695</value></Data>
        <Data name="observedAt"><value>2026-08-26T07:44:41.476Z</value></Data>
        <Data name="locationQuality"><value>baseline_coordinate_id_verified_current</value></Data>
      </ExtendedData>
      <Point><coordinates>77.780746,12.861425,0</coordinates></Point>
    </Placemark>
    <Placemark>
      <name>Mahipalpur</name>
      <description>baseline_coordinate_id_verified_current</description>
      <ExtendedData>
        <Data name="platformId"><value>1399699</value></Data>
        <Data name="observedAt"><value>2026-08-26T08:04:54.796Z</value></Data>
        <Data name="locationQuality"><value>baseline_coordinate_id_verified_current</value></Data>
      </ExtendedData>
      <Point><coordinates>77.129278,28.541028,0</coordinates></Point>
    </Placemark>
    <Placemark>
      <name>Malviya Nagar Main</name>
      <description>baseline_coordinate_id_verified_current</description>
      <ExtendedData>
        <Data name="platformId"><value>1399700</value></Data>
        <Data name="observedAt"><value>2026-08-26T08:04:52.303Z</value></Data>
        <Data name="locationQuality"><value>baseline_coordinate_id_verified_current</value></Data>
      </ExtendedData>
      <Point><coordinates>77.218636,28.534481,0</coordinates></Point>
    </Placemark>
    <Placemark>
      <name>Devicha Pada</name>
      <description>baseline_coordinate_id_verified_current</description>
      <ExtendedData>
        <Data name="platformId"><value>1399706</value></Data>
        <Data name="observedAt"><value>2026-08-26T07:59:03.321Z</value></Data>
        <Data name="locationQuality"><value>baseline_coordinate_id_verified_current</value></Data>
      </ExtendedData>
      <Point><coordinates>73.083389,19.226694,0</coordinates></Point>
    </Placemark>
    <Placemark>
      <name>Kaushambi</name>
      <description>baseline_coordinate_id_verified_current</description>
      <ExtendedData>
        <Data name="platformId"><value>1399806</value></Data>
        <Data name="observedAt"><value>2026-08-26T08:06:38.114Z</value></Data>
        <Data name="locationQuality"><value>baseline_coordinate_id_verified_current</value></Data>
      </ExtendedData>
      <Point><coordinates>77.334667,28.642278,0</coordinates></Point>
    </Placemark>
    <Placemark>
      <name>Marol</name>
      <description>baseline_coordinate_id_verified_current</description>
      <ExtendedData>
        <Data name="platformId"><value>1399809</value></Data>
        <Data name="observedAt"><value>2026-08-26T07:58:12.913Z</value></Data>
        <Data name="locationQuality"><value>baseline_coordinate_id_verified_current</value></Data>
      </ExtendedData>
      <Point><coordinates>72.887194,19.110389,0</coordinates></Point>
    </Placemark>
    <Placemark>
      <name>SNN Clermont</name>
      <description>baseline_coordinate_id_verified_current</description>
      <ExtendedData>
        <Data name="platformId"><value>1400216</value></Data>
        <Data name="observedAt"><value>2026-08-26T07:50:50.605Z</value></Data>
        <Data name="locationQuality"><value>baseline_coordinate_id_verified_current</value></Data>
      </ExtendedData>
      <Point><coordinates>77.612453,13.04222,0</coordinates></Point>
    </Placemark>
    <Placemark>
      <name>Shalibanda</name>
      <description>baseline_coordinate_id_verified_current</description>
      <ExtendedData>
        <Data name="platformId"><value>1400220</value></Data>
        <Data name="observedAt"><value>2026-08-26T07:46:10.595Z</value></Data>
        <Data name="locationQuality"><value>baseline_coordinate_id_verified_current</value></Data>
      </ExtendedData>
      <Point><coordinates>78.471556,17.353944,0</coordinates></Point>
    </Placemark>
    <Placemark>
      <name>Vasundhara</name>
      <description>baseline_coordinate_id_verified_current</description>
      <ExtendedData>
        <Data name="platformId"><value>1400226</value></Data>
        <Data name="observedAt"><value>2026-08-26T08:06:47.556Z</value></Data>
        <Data name="locationQuality"><value>baseline_coordinate_id_verified_current</value></Data>
      </ExtendedData>
      <Point><coordinates>77.361778,28.654556,0</coordinates></Point>
    </Placemark>
    <Placemark>
      <name>Kandivali</name>
      <description>baseline_coordinate_id_verified_current</description>
      <ExtendedData>
        <Data name="platformId"><value>1400231</value></Data>
        <Data name="observedAt"><value>2026-08-26T07:58:50.518Z</value></Data>
        <Data name="locationQuality"><value>baseline_coordinate_id_verified_current</value></Data>
      </ExtendedData>
      <Point><coordinates>72.825028,19.208417,0</coordinates></Point>
    </Placemark>
    <Placemark>
      <name>Instamart 1400546</name>
      <description>service_area_seed_median_approximate</description>
      <ExtendedData>
        <Data name="platformId"><value>1400546</value></Data>
        <Data name="observedAt"><value>2026-08-26T07:45:32.889Z</value></Data>
        <Data name="locationQuality"><value>service_area_seed_median_approximate</value></Data>
      </ExtendedData>
      <Point><coordinates>77.63343,13.057804,0</coordinates></Point>
    </Placemark>
    <Placemark>
      <name>Shalimar Bagh</name>
      <description>baseline_coordinate_id_verified_current</description>
      <ExtendedData>
        <Data name="platformId"><value>1400547</value></Data>
        <Data name="observedAt"><value>2026-08-26T08:06:42.856Z</value></Data>
        <Data name="locationQuality"><value>baseline_coordinate_id_verified_current</value></Data>
      </ExtendedData>
      <Point><coordinates>77.163306,28.700417,0</coordinates></Point>
    </Placemark>
    <Placemark>
      <name>Paschim Vihar</name>
      <description>baseline_coordinate_id_verified_current</description>
      <ExtendedData>
        <Data name="platformId"><value>1400548</value></Data>
        <Data name="observedAt"><value>2026-08-26T08:05:26.471Z</value></Data>
        <Data name="locationQuality"><value>baseline_coordinate_id_verified_current</value></Data>
      </ExtendedData>
      <Point><coordinates>77.069527,28.639064,0</coordinates></Point>
    </Placemark>
    <Placemark>
      <name>Jharsa Village</name>
      <description>baseline_coordinate_id_verified_current</description>
      <ExtendedData>
        <Data name="platformId"><value>1400549</value></Data>
        <Data name="observedAt"><value>2026-08-26T08:04:35.356Z</value></Data>
        <Data name="locationQuality"><value>baseline_coordinate_id_verified_current</value></Data>
      </ExtendedData>
      <Point><coordinates>77.060062,28.4444684,0</coordinates></Point>
    </Placemark>
    <Placemark>
      <name>Rethibowli</name>
      <description>baseline_coordinate_id_verified_current</description>
      <ExtendedData>
        <Data name="platformId"><value>1400550</value></Data>
        <Data name="observedAt"><value>2026-08-26T07:46:12.192Z</value></Data>
        <Data name="locationQuality"><value>baseline_coordinate_id_verified_current</value></Data>
      </ExtendedData>
      <Point><coordinates>78.429583,17.380417,0</coordinates></Point>
    </Placemark>
    <Placemark>
      <name>Kalwa</name>
      <description>baseline_coordinate_id_verified_current</description>
      <ExtendedData>
        <Data name="platformId"><value>1400553</value></Data>
        <Data name="observedAt"><value>2026-08-26T07:58:52.845Z</value></Data>
        <Data name="locationQuality"><value>baseline_coordinate_id_verified_current</value></Data>
      </ExtendedData>
      <Point><coordinates>72.999932,19.200708,0</coordinates></Point>
    </Placemark>
    <Placemark>
      <name>Prateek Grand City</name>
      <description>baseline_coordinate_id_verified_current</description>
      <ExtendedData>
        <Data name="platformId"><value>1400555</value></Data>
        <Data name="observedAt"><value>2026-08-26T08:06:35.792Z</value></Data>
        <Data name="locationQuality"><value>baseline_coordinate_id_verified_current</value></Data>
      </ExtendedData>
      <Point><coordinates>77.400871,28.655319,0</coordinates></Point>
    </Placemark>
    <Placemark>
      <name>B Block Sec 122</name>
      <description>baseline_coordinate_id_verified_current</description>
      <ExtendedData>
        <Data name="platformId"><value>1400556</value></Data>
        <Data name="observedAt"><value>2026-08-26T08:05:20.896Z</value></Data>
        <Data name="locationQuality"><value>baseline_coordinate_id_verified_current</value></Data>
      </ExtendedData>
      <Point><coordinates>77.403139,28.593778,0</coordinates></Point>
    </Placemark>
    <Placemark>
      <name>Tingre Nagar</name>
      <description>baseline_coordinate_id_verified_current</description>
      <ExtendedData>
        <Data name="platformId"><value>1400557</value></Data>
        <Data name="observedAt"><value>2026-08-26T07:57:18.570Z</value></Data>
        <Data name="locationQuality"><value>baseline_coordinate_id_verified_current</value></Data>
      </ExtendedData>
      <Point><coordinates>73.884861,18.579306,0</coordinates></Point>
    </Placemark>
    <Placemark>
      <name>DLF Cyber City</name>
      <description>baseline_coordinate_id_verified_current</description>
      <ExtendedData>
        <Data name="platformId"><value>1400561</value></Data>
        <Data name="observedAt"><value>2026-08-26T07:46:21.953Z</value></Data>
        <Data name="locationQuality"><value>baseline_coordinate_id_verified_current</value></Data>
      </ExtendedData>
      <Point><coordinates>78.356194,17.44541,0</coordinates></Point>
    </Placemark>
    <Placemark>
      <name>Munnekolala</name>
      <description>baseline_coordinate_id_verified_current</description>
      <ExtendedData>
        <Data name="platformId"><value>1400609</value></Data>
        <Data name="observedAt"><value>2026-08-26T08:08:01.513Z</value></Data>
        <Data name="locationQuality"><value>baseline_coordinate_id_verified_current</value></Data>
      </ExtendedData>
      <Point><coordinates>77.719778,12.956667,0</coordinates></Point>
    </Placemark>
    <Placemark>
      <name>Kempapura</name>
      <description>baseline_coordinate_id_verified_current</description>
      <ExtendedData>
        <Data name="platformId"><value>1400610</value></Data>
        <Data name="observedAt"><value>2026-08-26T07:45:11.636Z</value></Data>
        <Data name="locationQuality"><value>baseline_coordinate_id_verified_current</value></Data>
      </ExtendedData>
      <Point><coordinates>77.690139,12.950417,0</coordinates></Point>
    </Placemark>
    <Placemark>
      <name>Provident Sunworth</name>
      <description>baseline_coordinate_id_verified_current</description>
      <ExtendedData>
        <Data name="platformId"><value>1400922</value></Data>
        <Data name="observedAt"><value>2026-08-26T07:44:47.460Z</value></Data>
        <Data name="locationQuality"><value>baseline_coordinate_id_verified_current</value></Data>
      </ExtendedData>
      <Point><coordinates>77.458389,12.887056,0</coordinates></Point>
    </Placemark>
    <Placemark>
      <name>Karampura</name>
      <description>baseline_coordinate_id_verified_current</description>
      <ExtendedData>
        <Data name="platformId"><value>1400924</value></Data>
        <Data name="observedAt"><value>2026-08-26T08:06:41.194Z</value></Data>
        <Data name="locationQuality"><value>baseline_coordinate_id_verified_current</value></Data>
      </ExtendedData>
      <Point><coordinates>77.155944,28.662389,0</coordinates></Point>
    </Placemark>
    <Placemark>
      <name>Moshi</name>
      <description>baseline_coordinate_id_verified_current</description>
      <ExtendedData>
        <Data name="platformId"><value>1400927</value></Data>
        <Data name="observedAt"><value>2026-08-26T07:57:32.065Z</value></Data>
        <Data name="locationQuality"><value>baseline_coordinate_id_verified_current</value></Data>
      </ExtendedData>
      <Point><coordinates>73.838417,18.681222,0</coordinates></Point>
    </Placemark>
    <Placemark>
      <name>Red Rhino</name>
      <description>baseline_coordinate_id_verified_current</description>
      <ExtendedData>
        <Data name="platformId"><value>1400929</value></Data>
        <Data name="observedAt"><value>2026-08-26T07:45:27.681Z</value></Data>
        <Data name="locationQuality"><value>baseline_coordinate_id_verified_current</value></Data>
      </ExtendedData>
      <Point><coordinates>77.762389,13.028861,0</coordinates></Point>
    </Placemark>
    <Placemark>
      <name>Adonai Church</name>
      <description>baseline_coordinate_id_verified_current</description>
      <ExtendedData>
        <Data name="platformId"><value>1400930</value></Data>
        <Data name="observedAt"><value>2026-08-26T07:50:47.443Z</value></Data>
        <Data name="locationQuality"><value>baseline_coordinate_id_verified_current</value></Data>
      </ExtendedData>
      <Point><coordinates>77.650452,13.016234,0</coordinates></Point>
    </Placemark>
    <Placemark>
      <name>Nangloi</name>
      <description>baseline_coordinate_id_verified_current</description>
      <ExtendedData>
        <Data name="platformId"><value>1400967</value></Data>
        <Data name="observedAt"><value>2026-08-26T08:06:37.332Z</value></Data>
        <Data name="locationQuality"><value>baseline_coordinate_id_verified_current</value></Data>
      </ExtendedData>
      <Point><coordinates>77.058778,28.682167,0</coordinates></Point>
    </Placemark>
    <Placemark>
      <name>Gajula Ramaram</name>
      <description>baseline_coordinate_id_verified_current</description>
      <ExtendedData>
        <Data name="platformId"><value>1401107</value></Data>
        <Data name="observedAt"><value>2026-08-26T07:56:38.617Z</value></Data>
        <Data name="locationQuality"><value>baseline_coordinate_id_verified_current</value></Data>
      </ExtendedData>
      <Point><coordinates>78.418472,17.527389,0</coordinates></Point>
    </Placemark>
    <Placemark>
      <name>Magarpatta City</name>
      <description>baseline_coordinate_id_verified_current</description>
      <ExtendedData>
        <Data name="platformId"><value>1401109</value></Data>
        <Data name="observedAt"><value>2026-08-26T07:57:09.144Z</value></Data>
        <Data name="locationQuality"><value>baseline_coordinate_id_verified_current</value></Data>
      </ExtendedData>
      <Point><coordinates>73.939142,18.512999,0</coordinates></Point>
    </Placemark>
    <Placemark>
      <name>Kalena Agrahara</name>
      <description>baseline_coordinate_id_verified_current</description>
      <ExtendedData>
        <Data name="platformId"><value>1401110</value></Data>
        <Data name="observedAt"><value>2026-08-26T07:50:46.944Z</value></Data>
        <Data name="locationQuality"><value>baseline_coordinate_id_verified_current</value></Data>
      </ExtendedData>
      <Point><coordinates>77.591164,12.875824,0</coordinates></Point>
    </Placemark>
    <Placemark>
      <name>Ullal</name>
      <description>baseline_coordinate_id_verified_current</description>
      <ExtendedData>
        <Data name="platformId"><value>1401246</value></Data>
        <Data name="observedAt"><value>2026-08-26T07:49:51.664Z</value></Data>
        <Data name="locationQuality"><value>baseline_coordinate_id_verified_current</value></Data>
      </ExtendedData>
      <Point><coordinates>77.480528,12.958528,0</coordinates></Point>
    </Placemark>
    <Placemark>
      <name>Instamart 1401248</name>
      <description>service_area_seed_median_approximate</description>
      <ExtendedData>
        <Data name="platformId"><value>1401248</value></Data>
        <Data name="observedAt"><value>2026-08-26T07:44:56.818Z</value></Data>
        <Data name="locationQuality"><value>service_area_seed_median_approximate</value></Data>
      </ExtendedData>
      <Point><coordinates>77.542526,12.89231,0</coordinates></Point>
    </Placemark>
    <Placemark>
      <name>Sector 19</name>
      <description>baseline_coordinate_id_verified_current</description>
      <ExtendedData>
        <Data name="platformId"><value>1401254</value></Data>
        <Data name="observedAt"><value>2026-08-26T08:04:44.308Z</value></Data>
        <Data name="locationQuality"><value>baseline_coordinate_id_verified_current</value></Data>
      </ExtendedData>
      <Point><coordinates>77.084889,28.4765,0</coordinates></Point>
    </Placemark>
    <Placemark>
      <name>KL Reddy Nagar</name>
      <description>baseline_coordinate_id_verified_current</description>
      <ExtendedData>
        <Data name="platformId"><value>1401257</value></Data>
        <Data name="observedAt"><value>2026-08-26T07:50:37.211Z</value></Data>
        <Data name="locationQuality"><value>baseline_coordinate_id_verified_current</value></Data>
      </ExtendedData>
      <Point><coordinates>78.573028,17.446944,0</coordinates></Point>
    </Placemark>
    <Placemark>
      <name>Osman Nagar</name>
      <description>baseline_coordinate_id_verified_current</description>
      <ExtendedData>
        <Data name="platformId"><value>1401258</value></Data>
        <Data name="observedAt"><value>2026-08-26T07:46:23.765Z</value></Data>
        <Data name="locationQuality"><value>baseline_coordinate_id_verified_current</value></Data>
      </ExtendedData>
      <Point><coordinates>78.279889,17.44575,0</coordinates></Point>
    </Placemark>
    <Placemark>
      <name>Runwal Garden</name>
      <description>baseline_coordinate_id_verified_current</description>
      <ExtendedData>
        <Data name="platformId"><value>1401266</value></Data>
        <Data name="observedAt"><value>2026-08-26T07:58:47.376Z</value></Data>
        <Data name="locationQuality"><value>baseline_coordinate_id_verified_current</value></Data>
      </ExtendedData>
      <Point><coordinates>73.094688,19.188412,0</coordinates></Point>
    </Placemark>
    <Placemark>
      <name>Nyay Khand</name>
      <description>service_area_seed_median_approximate</description>
      <ExtendedData>
        <Data name="platformId"><value>1401267</value></Data>
        <Data name="observedAt"><value>2026-08-26T07:50:21.759Z</value></Data>
        <Data name="locationQuality"><value>service_area_seed_median_approximate</value></Data>
      </ExtendedData>
      <Point><coordinates>77.377862,28.640442,0</coordinates></Point>
    </Placemark>
    <Placemark>
      <name>Instamart 1401463</name>
      <description>service_area_seed_median_approximate</description>
      <ExtendedData>
        <Data name="platformId"><value>1401463</value></Data>
        <Data name="observedAt"><value>2026-08-26T08:01:32.995Z</value></Data>
        <Data name="locationQuality"><value>service_area_seed_median_approximate</value></Data>
      </ExtendedData>
      <Point><coordinates>77.6801573,12.87221155,0</coordinates></Point>
    </Placemark>
    <Placemark>
      <name>Sector 95</name>
      <description>baseline_coordinate_id_verified_current</description>
      <ExtendedData>
        <Data name="platformId"><value>1401469</value></Data>
        <Data name="observedAt"><value>2026-08-26T08:04:30.384Z</value></Data>
        <Data name="locationQuality"><value>baseline_coordinate_id_verified_current</value></Data>
      </ExtendedData>
      <Point><coordinates>76.90725,28.410722,0</coordinates></Point>
    </Placemark>
    <Placemark>
      <name>Chandanagar</name>
      <description>baseline_coordinate_id_verified_current</description>
      <ExtendedData>
        <Data name="platformId"><value>1401471</value></Data>
        <Data name="observedAt"><value>2026-08-26T07:50:00.816Z</value></Data>
        <Data name="locationQuality"><value>baseline_coordinate_id_verified_current</value></Data>
      </ExtendedData>
      <Point><coordinates>78.320229,17.487501,0</coordinates></Point>
    </Placemark>
    <Placemark>
      <name>JNTU</name>
      <description>baseline_coordinate_id_verified_current</description>
      <ExtendedData>
        <Data name="platformId"><value>1401472</value></Data>
        <Data name="observedAt"><value>2026-08-26T07:56:32.027Z</value></Data>
        <Data name="locationQuality"><value>baseline_coordinate_id_verified_current</value></Data>
      </ExtendedData>
      <Point><coordinates>78.390472,17.499528,0</coordinates></Point>
    </Placemark>
    <Placemark>
      <name>Tirumalgherry</name>
      <description>baseline_coordinate_id_verified_current</description>
      <ExtendedData>
        <Data name="platformId"><value>1401473</value></Data>
        <Data name="observedAt"><value>2026-08-26T07:50:40.086Z</value></Data>
        <Data name="locationQuality"><value>baseline_coordinate_id_verified_current</value></Data>
      </ExtendedData>
      <Point><coordinates>78.498569,17.474867,0</coordinates></Point>
    </Placemark>
    <Placemark>
      <name>Manglapuri</name>
      <description>baseline_coordinate_id_verified_current</description>
      <ExtendedData>
        <Data name="platformId"><value>1401649</value></Data>
        <Data name="observedAt"><value>2026-08-26T08:05:13.442Z</value></Data>
        <Data name="locationQuality"><value>baseline_coordinate_id_verified_current</value></Data>
      </ExtendedData>
      <Point><coordinates>77.08742,28.593732,0</coordinates></Point>
    </Placemark>
    <Placemark>
      <name>Good square</name>
      <description>baseline_coordinate_id_verified_current</description>
      <ExtendedData>
        <Data name="platformId"><value>1401652</value></Data>
        <Data name="observedAt"><value>2026-08-26T07:57:28.070Z</value></Data>
        <Data name="locationQuality"><value>baseline_coordinate_id_verified_current</value></Data>
      </ExtendedData>
      <Point><coordinates>73.90795,18.596004,0</coordinates></Point>
    </Placemark>
    <Placemark>
      <name>Nanakpura -Mayapuri</name>
      <description>baseline_coordinate_id_verified_current</description>
      <ExtendedData>
        <Data name="platformId"><value>1401654</value></Data>
        <Data name="observedAt"><value>2026-08-26T08:05:14.931Z</value></Data>
        <Data name="locationQuality"><value>baseline_coordinate_id_verified_current</value></Data>
      </ExtendedData>
      <Point><coordinates>77.117194,28.620583,0</coordinates></Point>
    </Placemark>
    <Placemark>
      <name>Ecoo Village</name>
      <description>baseline_coordinate_id_verified_current</description>
      <ExtendedData>
        <Data name="platformId"><value>1401661</value></Data>
        <Data name="observedAt"><value>2026-08-26T07:50:12.307Z</value></Data>
        <Data name="locationQuality"><value>baseline_coordinate_id_verified_current</value></Data>
      </ExtendedData>
      <Point><coordinates>77.436167,28.574722,0</coordinates></Point>
    </Placemark>
    <Placemark>
      <name>Crossing Republic</name>
      <description>baseline_coordinate_id_verified_current</description>
      <ExtendedData>
        <Data name="platformId"><value>1401713</value></Data>
        <Data name="observedAt"><value>2026-08-26T08:05:19.194Z</value></Data>
        <Data name="locationQuality"><value>baseline_coordinate_id_verified_current</value></Data>
      </ExtendedData>
      <Point><coordinates>77.441222,28.628,0</coordinates></Point>
    </Placemark>
    <Placemark>
      <name>Sunkadakatte</name>
      <description>baseline_coordinate_id_verified_current</description>
      <ExtendedData>
        <Data name="platformId"><value>1401714</value></Data>
        <Data name="observedAt"><value>2026-08-26T07:45:08.481Z</value></Data>
        <Data name="locationQuality"><value>baseline_coordinate_id_verified_current</value></Data>
      </ExtendedData>
      <Point><coordinates>77.498756,12.991316,0</coordinates></Point>
    </Placemark>
    <Placemark>
      <name>Instamart 1402048</name>
      <description>service_area_seed_median_approximate</description>
      <ExtendedData>
        <Data name="platformId"><value>1402048</value></Data>
        <Data name="observedAt"><value>2026-08-26T07:45:23.469Z</value></Data>
        <Data name="locationQuality"><value>service_area_seed_median_approximate</value></Data>
      </ExtendedData>
      <Point><coordinates>77.545227,13.02885,0</coordinates></Point>
    </Placemark>
    <Placemark>
      <name>Inderlok Metro Station</name>
      <description>baseline_coordinate_id_verified_current</description>
      <ExtendedData>
        <Data name="platformId"><value>1402052</value></Data>
        <Data name="observedAt"><value>2026-08-26T08:06:43.675Z</value></Data>
        <Data name="locationQuality"><value>baseline_coordinate_id_verified_current</value></Data>
      </ExtendedData>
      <Point><coordinates>77.170306,28.673,0</coordinates></Point>
    </Placemark>
    <Placemark>
      <name>Burari</name>
      <description>baseline_coordinate_id_verified_current</description>
      <ExtendedData>
        <Data name="platformId"><value>1402053</value></Data>
        <Data name="observedAt"><value>2026-08-26T08:06:51.512Z</value></Data>
        <Data name="locationQuality"><value>baseline_coordinate_id_verified_current</value></Data>
      </ExtendedData>
      <Point><coordinates>77.197722,28.73925,0</coordinates></Point>
    </Placemark>
    <Placemark>
      <name>Emaar Palm Hills</name>
      <description>baseline_coordinate_id_verified_current</description>
      <ExtendedData>
        <Data name="platformId"><value>1402055</value></Data>
        <Data name="observedAt"><value>2026-08-26T08:04:18.641Z</value></Data>
        <Data name="locationQuality"><value>baseline_coordinate_id_verified_current</value></Data>
      </ExtendedData>
      <Point><coordinates>76.976972,28.387579,0</coordinates></Point>
    </Placemark>
    <Placemark>
      <name>Unitech</name>
      <description>baseline_coordinate_id_verified_current</description>
      <ExtendedData>
        <Data name="platformId"><value>1402056</value></Data>
        <Data name="observedAt"><value>2026-08-26T08:04:28.497Z</value></Data>
        <Data name="locationQuality"><value>baseline_coordinate_id_verified_current</value></Data>
      </ExtendedData>
      <Point><coordinates>77.033611,28.435222,0</coordinates></Point>
    </Placemark>
    <Placemark>
      <name>Medipally</name>
      <description>baseline_coordinate_id_verified_current</description>
      <ExtendedData>
        <Data name="platformId"><value>1402058</value></Data>
        <Data name="observedAt"><value>2026-08-26T07:46:22.356Z</value></Data>
        <Data name="locationQuality"><value>baseline_coordinate_id_verified_current</value></Data>
      </ExtendedData>
      <Point><coordinates>78.6,17.409083,0</coordinates></Point>
    </Placemark>
    <Placemark>
      <name>Goregaon West</name>
      <description>baseline_coordinate_id_verified_current</description>
      <ExtendedData>
        <Data name="platformId"><value>1402064</value></Data>
        <Data name="observedAt"><value>2026-08-26T07:58:43.554Z</value></Data>
        <Data name="locationQuality"><value>baseline_coordinate_id_verified_current</value></Data>
      </ExtendedData>
      <Point><coordinates>72.874072,19.178824,0</coordinates></Point>
    </Placemark>
    <Placemark>
      <name>Chandapura</name>
      <description>baseline_coordinate_id_verified_current</description>
      <ExtendedData>
        <Data name="platformId"><value>1402141</value></Data>
        <Data name="observedAt"><value>2026-08-26T07:44:38.969Z</value></Data>
        <Data name="locationQuality"><value>baseline_coordinate_id_verified_current</value></Data>
      </ExtendedData>
      <Point><coordinates>77.706833,12.792444,0</coordinates></Point>
    </Placemark>
    <Placemark>
      <name>Jaitpur</name>
      <description>baseline_coordinate_id_verified_current</description>
      <ExtendedData>
        <Data name="platformId"><value>1402248</value></Data>
        <Data name="observedAt"><value>2026-08-26T08:04:43.553Z</value></Data>
        <Data name="locationQuality"><value>baseline_coordinate_id_verified_current</value></Data>
      </ExtendedData>
      <Point><coordinates>77.318222,28.502103,0</coordinates></Point>
    </Placemark>
    <Placemark>
      <name>Karawal Nagar</name>
      <description>baseline_coordinate_id_verified_current</description>
      <ExtendedData>
        <Data name="platformId"><value>1402249</value></Data>
        <Data name="observedAt"><value>2026-08-26T08:06:53.799Z</value></Data>
        <Data name="locationQuality"><value>baseline_coordinate_id_verified_current</value></Data>
      </ExtendedData>
      <Point><coordinates>77.265877,28.71899,0</coordinates></Point>
    </Placemark>
    <Placemark>
      <name>Vatika Kunj Ext</name>
      <description>baseline_coordinate_id_verified_current</description>
      <ExtendedData>
        <Data name="platformId"><value>1402253</value></Data>
        <Data name="observedAt"><value>2026-08-26T08:04:16.217Z</value></Data>
        <Data name="locationQuality"><value>baseline_coordinate_id_verified_current</value></Data>
      </ExtendedData>
      <Point><coordinates>77.06525,28.361194,0</coordinates></Point>
    </Placemark>
    <Placemark>
      <name>Apex Mulund</name>
      <description>baseline_coordinate_id_verified_current</description>
      <ExtendedData>
        <Data name="platformId"><value>1402264</value></Data>
        <Data name="observedAt"><value>2026-08-26T07:58:46.615Z</value></Data>
        <Data name="locationQuality"><value>baseline_coordinate_id_verified_current</value></Data>
      </ExtendedData>
      <Point><coordinates>72.948677,19.184767,0</coordinates></Point>
    </Placemark>
    <Placemark>
      <name>Shivarampally</name>
      <description>baseline_coordinate_id_verified_current</description>
      <ExtendedData>
        <Data name="platformId"><value>1402448</value></Data>
        <Data name="observedAt"><value>2026-08-26T07:46:08.792Z</value></Data>
        <Data name="locationQuality"><value>baseline_coordinate_id_verified_current</value></Data>
      </ExtendedData>
      <Point><coordinates>78.4391203,17.3321425,0</coordinates></Point>
    </Placemark>
    <Placemark>
      <name>Kondhwa</name>
      <description>baseline_coordinate_id_verified_current</description>
      <ExtendedData>
        <Data name="platformId"><value>1402454</value></Data>
        <Data name="observedAt"><value>2026-08-26T07:57:14.686Z</value></Data>
        <Data name="locationQuality"><value>baseline_coordinate_id_verified_current</value></Data>
      </ExtendedData>
      <Point><coordinates>73.892845,18.464302,0</coordinates></Point>
    </Placemark>
    <Placemark>
      <name>Dwarka Sector 19</name>
      <description>baseline_coordinate_id_verified_current</description>
      <ExtendedData>
        <Data name="platformId"><value>1402457</value></Data>
        <Data name="observedAt"><value>2026-08-26T07:50:12.661Z</value></Data>
        <Data name="locationQuality"><value>baseline_coordinate_id_verified_current</value></Data>
      </ExtendedData>
      <Point><coordinates>77.0502261,28.5772454,0</coordinates></Point>
    </Placemark>
    <Placemark>
      <name>Ulwe</name>
      <description>baseline_coordinate_id_verified_current</description>
      <ExtendedData>
        <Data name="platformId"><value>1402458</value></Data>
        <Data name="observedAt"><value>2026-08-26T07:57:40.852Z</value></Data>
        <Data name="locationQuality"><value>baseline_coordinate_id_verified_current</value></Data>
      </ExtendedData>
      <Point><coordinates>73.023393,18.969516,0</coordinates></Point>
    </Placemark>
    <Placemark>
      <name>Ace City</name>
      <description>service_area_seed_median_approximate</description>
      <ExtendedData>
        <Data name="platformId"><value>1402462</value></Data>
        <Data name="observedAt"><value>2026-08-26T08:05:11.862Z</value></Data>
        <Data name="locationQuality"><value>service_area_seed_median_approximate</value></Data>
      </ExtendedData>
      <Point><coordinates>77.485649,28.57033,0</coordinates></Point>
    </Placemark>
    <Placemark>
      <name>Sector 149</name>
      <description>baseline_coordinate_id_verified_current</description>
      <ExtendedData>
        <Data name="platformId"><value>1402463</value></Data>
        <Data name="observedAt"><value>2026-08-26T08:04:32.052Z</value></Data>
        <Data name="locationQuality"><value>baseline_coordinate_id_verified_current</value></Data>
      </ExtendedData>
      <Point><coordinates>77.478912,28.436065,0</coordinates></Point>
    </Placemark>
    <Placemark>
      <name>Brooklyn</name>
      <description>baseline_coordinate_id_verified_current</description>
      <ExtendedData>
        <Data name="platformId"><value>1402464</value></Data>
        <Data name="observedAt"><value>2026-08-26T07:57:28.854Z</value></Data>
        <Data name="locationQuality"><value>baseline_coordinate_id_verified_current</value></Data>
      </ExtendedData>
      <Point><coordinates>73.914981,18.612853,0</coordinates></Point>
    </Placemark>
    <Placemark>
      <name>Zenobia</name>
      <description>baseline_coordinate_id_verified_current</description>
      <ExtendedData>
        <Data name="platformId"><value>1402465</value></Data>
        <Data name="observedAt"><value>2026-08-26T07:57:29.608Z</value></Data>
        <Data name="locationQuality"><value>baseline_coordinate_id_verified_current</value></Data>
      </ExtendedData>
      <Point><coordinates>73.721137,18.608712,0</coordinates></Point>
    </Placemark>
    <Placemark>
      <name>Pradhikaran New</name>
      <description>baseline_coordinate_id_verified_current</description>
      <ExtendedData>
        <Data name="platformId"><value>1402476</value></Data>
        <Data name="observedAt"><value>2026-08-26T07:57:34.491Z</value></Data>
        <Data name="locationQuality"><value>baseline_coordinate_id_verified_current</value></Data>
      </ExtendedData>
      <Point><coordinates>73.783333,18.651917,0</coordinates></Point>
    </Placemark>
    <Placemark>
      <name>Star Mall</name>
      <description>baseline_coordinate_id_verified_current</description>
      <ExtendedData>
        <Data name="platformId"><value>1402608</value></Data>
        <Data name="observedAt"><value>2026-08-26T08:04:36.243Z</value></Data>
        <Data name="locationQuality"><value>baseline_coordinate_id_verified_current</value></Data>
      </ExtendedData>
      <Point><coordinates>77.055306,28.460083,0</coordinates></Point>
    </Placemark>
    <Placemark>
      <name>Samaspur Village</name>
      <description>baseline_coordinate_id_verified_current</description>
      <ExtendedData>
        <Data name="platformId"><value>1402609</value></Data>
        <Data name="observedAt"><value>2026-08-26T08:04:31.161Z</value></Data>
        <Data name="locationQuality"><value>baseline_coordinate_id_verified_current</value></Data>
      </ExtendedData>
      <Point><coordinates>77.067713,28.426005,0</coordinates></Point>
    </Placemark>
    <Placemark>
      <name>Nyati Megapod</name>
      <description>baseline_coordinate_id_verified_current</description>
      <ExtendedData>
        <Data name="platformId"><value>1402618</value></Data>
        <Data name="observedAt"><value>2026-08-26T07:56:58.081Z</value></Data>
        <Data name="locationQuality"><value>baseline_coordinate_id_verified_current</value></Data>
      </ExtendedData>
      <Point><coordinates>73.91687,18.465956,0</coordinates></Point>
    </Placemark>
    <Placemark>
      <name>Timberyard Layout</name>
      <description>baseline_coordinate_id_verified_current</description>
      <ExtendedData>
        <Data name="platformId"><value>1402670</value></Data>
        <Data name="observedAt"><value>2026-08-26T07:45:21.783Z</value></Data>
        <Data name="locationQuality"><value>baseline_coordinate_id_verified_current</value></Data>
      </ExtendedData>
      <Point><coordinates>77.548943,12.951867,0</coordinates></Point>
    </Placemark>
    <Placemark>
      <name>Saket - MP</name>
      <description>baseline_coordinate_id_verified_current</description>
      <ExtendedData>
        <Data name="platformId"><value>1402777</value></Data>
        <Data name="observedAt"><value>2026-08-26T08:04:49.043Z</value></Data>
        <Data name="locationQuality"><value>baseline_coordinate_id_verified_current</value></Data>
      </ExtendedData>
      <Point><coordinates>77.206154,28.514877,0</coordinates></Point>
    </Placemark>
    <Placemark>
      <name>Nilaje Gaon</name>
      <description>baseline_coordinate_id_verified_current</description>
      <ExtendedData>
        <Data name="platformId"><value>1402784</value></Data>
        <Data name="observedAt"><value>2026-08-26T07:58:38.553Z</value></Data>
        <Data name="locationQuality"><value>baseline_coordinate_id_verified_current</value></Data>
      </ExtendedData>
      <Point><coordinates>73.074898,19.155699,0</coordinates></Point>
    </Placemark>
    <Placemark>
      <name>Container Yard - MP</name>
      <description>baseline_coordinate_id_verified_current</description>
      <ExtendedData>
        <Data name="platformId"><value>1402806</value></Data>
        <Data name="observedAt"><value>2026-08-26T07:58:41.014Z</value></Data>
        <Data name="locationQuality"><value>baseline_coordinate_id_verified_current</value></Data>
      </ExtendedData>
      <Point><coordinates>72.928823,19.139512,0</coordinates></Point>
    </Placemark>
    <Placemark>
      <name>Wilson Garden</name>
      <description>baseline_coordinate_id_verified_current</description>
      <ExtendedData>
        <Data name="platformId"><value>1402948</value></Data>
        <Data name="observedAt"><value>2026-08-26T07:45:06.106Z</value></Data>
        <Data name="locationQuality"><value>baseline_coordinate_id_verified_current</value></Data>
      </ExtendedData>
      <Point><coordinates>77.594184,12.952091,0</coordinates></Point>
    </Placemark>
    <Placemark>
      <name>Secunderabad II</name>
      <description>baseline_coordinate_id_verified_current</description>
      <ExtendedData>
        <Data name="platformId"><value>1402983</value></Data>
        <Data name="observedAt"><value>2026-08-26T07:56:26.514Z</value></Data>
        <Data name="locationQuality"><value>baseline_coordinate_id_verified_current</value></Data>
      </ExtendedData>
      <Point><coordinates>78.46513,17.443639,0</coordinates></Point>
    </Placemark>
    <Placemark>
      <name>Prestige Shantiniketan</name>
      <description>baseline_coordinate_id_verified_current</description>
      <ExtendedData>
        <Data name="platformId"><value>1403019</value></Data>
        <Data name="observedAt"><value>2026-08-26T07:49:49.306Z</value></Data>
        <Data name="locationQuality"><value>baseline_coordinate_id_verified_current</value></Data>
      </ExtendedData>
      <Point><coordinates>77.729741,12.987618,0</coordinates></Point>
    </Placemark>
    <Placemark>
      <name>MG Road</name>
      <description>service_area_seed_median_approximate</description>
      <ExtendedData>
        <Data name="platformId"><value>1403020</value></Data>
        <Data name="observedAt"><value>2026-08-26T07:50:30.452Z</value></Data>
        <Data name="locationQuality"><value>service_area_seed_median_approximate</value></Data>
      </ExtendedData>
      <Point><coordinates>77.618539,12.987999,0</coordinates></Point>
    </Placemark>
    <Placemark>
      <name>Kalina</name>
      <description>baseline_coordinate_id_verified_current</description>
      <ExtendedData>
        <Data name="platformId"><value>1403030</value></Data>
        <Data name="observedAt"><value>2026-08-26T07:59:47.585Z</value></Data>
        <Data name="locationQuality"><value>baseline_coordinate_id_verified_current</value></Data>
      </ExtendedData>
      <Point><coordinates>72.864707,19.071075,0</coordinates></Point>
    </Placemark>
    <Placemark>
      <name>Sec 11 Belapur</name>
      <description>baseline_coordinate_id_verified_current</description>
      <ExtendedData>
        <Data name="platformId"><value>1403032</value></Data>
        <Data name="observedAt"><value>2026-08-26T07:57:47.234Z</value></Data>
        <Data name="locationQuality"><value>baseline_coordinate_id_verified_current</value></Data>
      </ExtendedData>
      <Point><coordinates>73.042534,19.015339,0</coordinates></Point>
    </Placemark>
    <Placemark>
      <name>Ivy Estate Road</name>
      <description>baseline_coordinate_id_verified_current</description>
      <ExtendedData>
        <Data name="platformId"><value>1403036</value></Data>
        <Data name="observedAt"><value>2026-08-26T07:57:25.757Z</value></Data>
        <Data name="locationQuality"><value>baseline_coordinate_id_verified_current</value></Data>
      </ExtendedData>
      <Point><coordinates>73.9963333,18.5833056,0</coordinates></Point>
    </Placemark>
    <Placemark>
      <name>Bhugaon</name>
      <description>baseline_coordinate_id_verified_current</description>
      <ExtendedData>
        <Data name="platformId"><value>1403040</value></Data>
        <Data name="observedAt"><value>2026-08-26T07:57:05.273Z</value></Data>
        <Data name="locationQuality"><value>baseline_coordinate_id_verified_current</value></Data>
      </ExtendedData>
      <Point><coordinates>73.748123,18.502615,0</coordinates></Point>
    </Placemark>
    <Placemark>
      <name>Hinjewadi Megapod</name>
      <description>baseline_coordinate_id_verified_current</description>
      <ExtendedData>
        <Data name="platformId"><value>1403044</value></Data>
        <Data name="observedAt"><value>2026-08-26T07:57:24.944Z</value></Data>
        <Data name="locationQuality"><value>baseline_coordinate_id_verified_current</value></Data>
      </ExtendedData>
      <Point><coordinates>73.744713,18.583642,0</coordinates></Point>
    </Placemark>
    <Placemark>
      <name>Alpha Homes Megapod</name>
      <description>baseline_coordinate_id_verified_current</description>
      <ExtendedData>
        <Data name="platformId"><value>1403046</value></Data>
        <Data name="observedAt"><value>2026-08-26T07:57:23.337Z</value></Data>
        <Data name="locationQuality"><value>baseline_coordinate_id_verified_current</value></Data>
      </ExtendedData>
      <Point><coordinates>73.969421,18.586868,0</coordinates></Point>
    </Placemark>
    <Placemark>
      <name>Prestige Jindal City</name>
      <description>baseline_coordinate_id_verified_current</description>
      <ExtendedData>
        <Data name="platformId"><value>1403049</value></Data>
        <Data name="observedAt"><value>2026-08-26T07:49:46.848Z</value></Data>
        <Data name="locationQuality"><value>baseline_coordinate_id_verified_current</value></Data>
      </ExtendedData>
      <Point><coordinates>77.48471,13.053649,0</coordinates></Point>
    </Placemark>
    <Placemark>
      <name>Nambiar</name>
      <description>baseline_coordinate_id_verified_current</description>
      <ExtendedData>
        <Data name="platformId"><value>1403050</value></Data>
        <Data name="observedAt"><value>2026-08-26T07:49:43.772Z</value></Data>
        <Data name="locationQuality"><value>baseline_coordinate_id_verified_current</value></Data>
      </ExtendedData>
      <Point><coordinates>77.726624,12.842996,0</coordinates></Point>
    </Placemark>
    <Placemark>
      <name>Eksar</name>
      <description>baseline_coordinate_id_verified_current</description>
      <ExtendedData>
        <Data name="platformId"><value>1403051</value></Data>
        <Data name="observedAt"><value>2026-08-26T07:50:42.823Z</value></Data>
        <Data name="locationQuality"><value>baseline_coordinate_id_verified_current</value></Data>
      </ExtendedData>
      <Point><coordinates>72.837357,19.236029,0</coordinates></Point>
    </Placemark>
    <Placemark>
      <name>Instamart 1403139</name>
      <description>service_area_seed_median_approximate</description>
      <ExtendedData>
        <Data name="platformId"><value>1403139</value></Data>
        <Data name="observedAt"><value>2026-08-26T07:50:27.883Z</value></Data>
        <Data name="locationQuality"><value>service_area_seed_median_approximate</value></Data>
      </ExtendedData>
      <Point><coordinates>77.64477779736536,12.91447708083533,0</coordinates></Point>
    </Placemark>
    <Placemark>
      <name>Prestige Park Sqaure</name>
      <description>service_area_seed_median_approximate</description>
      <ExtendedData>
        <Data name="platformId"><value>1403144</value></Data>
        <Data name="observedAt"><value>2026-08-26T07:50:27.089Z</value></Data>
        <Data name="locationQuality"><value>service_area_seed_median_approximate</value></Data>
      </ExtendedData>
      <Point><coordinates>77.59375954397252,12.856550090931206,0</coordinates></Point>
    </Placemark>
    <Placemark>
      <name>JP 9th Phase</name>
      <description>baseline_coordinate_id_verified_current</description>
      <ExtendedData>
        <Data name="platformId"><value>1403175</value></Data>
        <Data name="observedAt"><value>2026-08-26T07:44:53.411Z</value></Data>
        <Data name="locationQuality"><value>baseline_coordinate_id_verified_current</value></Data>
      </ExtendedData>
      <Point><coordinates>77.569071,12.863351,0</coordinates></Point>
    </Placemark>
    <Placemark>
      <name>Shahdara Megapod</name>
      <description>baseline_coordinate_id_verified_current</description>
      <ExtendedData>
        <Data name="platformId"><value>1403179</value></Data>
        <Data name="observedAt"><value>2026-08-26T08:06:48.366Z</value></Data>
        <Data name="locationQuality"><value>baseline_coordinate_id_verified_current</value></Data>
      </ExtendedData>
      <Point><coordinates>77.291998,28.687647,0</coordinates></Point>
    </Placemark>
    <Placemark>
      <name>Ashok vihar Extension</name>
      <description>baseline_coordinate_id_verified_current</description>
      <ExtendedData>
        <Data name="platformId"><value>1403184</value></Data>
        <Data name="observedAt"><value>2026-08-26T08:04:48.295Z</value></Data>
        <Data name="locationQuality"><value>baseline_coordinate_id_verified_current</value></Data>
      </ExtendedData>
      <Point><coordinates>77.020353,28.495284,0</coordinates></Point>
    </Placemark>
    <Placemark>
      <name>Shakarpur - Laxmi Nagar</name>
      <description>baseline_coordinate_id_verified_current</description>
      <ExtendedData>
        <Data name="platformId"><value>1403206</value></Data>
        <Data name="observedAt"><value>2026-08-26T08:05:24.117Z</value></Data>
        <Data name="locationQuality"><value>baseline_coordinate_id_verified_current</value></Data>
      </ExtendedData>
      <Point><coordinates>77.27872,28.628297,0</coordinates></Point>
    </Placemark>
    <Placemark>
      <name>New Karol Bagh</name>
      <description>baseline_coordinate_id_verified_current</description>
      <ExtendedData>
        <Data name="platformId"><value>1403207</value></Data>
        <Data name="observedAt"><value>2026-08-26T08:06:42.056Z</value></Data>
        <Data name="locationQuality"><value>baseline_coordinate_id_verified_current</value></Data>
      </ExtendedData>
      <Point><coordinates>77.20243,28.658655,0</coordinates></Point>
    </Placemark>
    <Placemark>
      <name>Kwality Market</name>
      <description>baseline_coordinate_id_verified_current</description>
      <ExtendedData>
        <Data name="platformId"><value>1403208</value></Data>
        <Data name="observedAt"><value>2026-08-26T07:50:13.054Z</value></Data>
        <Data name="locationQuality"><value>baseline_coordinate_id_verified_current</value></Data>
      </ExtendedData>
      <Point><coordinates>77.083404,28.670467,0</coordinates></Point>
    </Placemark>
    <Placemark>
      <name>Ardee city Sec 52</name>
      <description>baseline_coordinate_id_verified_current</description>
      <ExtendedData>
        <Data name="platformId"><value>1403213</value></Data>
        <Data name="observedAt"><value>2026-08-26T08:04:42.778Z</value></Data>
        <Data name="locationQuality"><value>baseline_coordinate_id_verified_current</value></Data>
      </ExtendedData>
      <Point><coordinates>77.082384,28.436736,0</coordinates></Point>
    </Placemark>
    <Placemark>
      <name>Charoli</name>
      <description>baseline_coordinate_id_verified_current</description>
      <ExtendedData>
        <Data name="platformId"><value>1403215</value></Data>
        <Data name="observedAt"><value>2026-08-26T07:57:33.625Z</value></Data>
        <Data name="locationQuality"><value>baseline_coordinate_id_verified_current</value></Data>
      </ExtendedData>
      <Point><coordinates>73.888458,18.664806,0</coordinates></Point>
    </Placemark>
    <Placemark>
      <name>RoadPali</name>
      <description>baseline_coordinate_id_verified_current</description>
      <ExtendedData>
        <Data name="platformId"><value>1403216</value></Data>
        <Data name="observedAt"><value>2026-08-26T07:57:48.030Z</value></Data>
        <Data name="locationQuality"><value>baseline_coordinate_id_verified_current</value></Data>
      </ExtendedData>
      <Point><coordinates>73.098068,19.043961,0</coordinates></Point>
    </Placemark>
    <Placemark>
      <name>Shirke layout</name>
      <description>baseline_coordinate_id_verified_current</description>
      <ExtendedData>
        <Data name="platformId"><value>1403224</value></Data>
        <Data name="observedAt"><value>2026-08-26T07:44:58.172Z</value></Data>
        <Data name="locationQuality"><value>baseline_coordinate_id_verified_current</value></Data>
      </ExtendedData>
      <Point><coordinates>77.484436,12.93657,0</coordinates></Point>
    </Placemark>
    <Placemark>
      <name>Naraina</name>
      <description>baseline_coordinate_id_verified_current</description>
      <ExtendedData>
        <Data name="platformId"><value>1403311</value></Data>
        <Data name="observedAt"><value>2026-08-26T08:05:11.062Z</value></Data>
        <Data name="locationQuality"><value>baseline_coordinate_id_verified_current</value></Data>
      </ExtendedData>
      <Point><coordinates>77.13722,28.63353,0</coordinates></Point>
    </Placemark>
    <Placemark>
      <name>Lavelle Road</name>
      <description>baseline_coordinate_id_verified_current</description>
      <ExtendedData>
        <Data name="platformId"><value>1403353</value></Data>
        <Data name="observedAt"><value>2026-08-26T07:50:46.417Z</value></Data>
        <Data name="locationQuality"><value>baseline_coordinate_id_verified_current</value></Data>
      </ExtendedData>
      <Point><coordinates>77.604449,12.965969,0</coordinates></Point>
    </Placemark>
    <Placemark>
      <name>Mohan Nagar Ghaziabad</name>
      <description>baseline_coordinate_id_verified_current</description>
      <ExtendedData>
        <Data name="platformId"><value>1403364</value></Data>
        <Data name="observedAt"><value>2026-08-26T08:06:52.228Z</value></Data>
        <Data name="locationQuality"><value>baseline_coordinate_id_verified_current</value></Data>
      </ExtendedData>
      <Point><coordinates>77.376872,28.684383,0</coordinates></Point>
    </Placemark>
    <Placemark>
      <name>Greenage HSR 2</name>
      <description>baseline_coordinate_id_verified_current</description>
      <ExtendedData>
        <Data name="platformId"><value>1403421</value></Data>
        <Data name="observedAt"><value>2026-08-26T07:44:52.475Z</value></Data>
        <Data name="locationQuality"><value>baseline_coordinate_id_verified_current</value></Data>
      </ExtendedData>
      <Point><coordinates>77.636131,12.899682,0</coordinates></Point>
    </Placemark>
    <Placemark>
      <name>Vital Chowk</name>
      <description>baseline_coordinate_id_verified_current</description>
      <ExtendedData>
        <Data name="platformId"><value>1403453</value></Data>
        <Data name="observedAt"><value>2026-08-26T07:57:10.801Z</value></Data>
        <Data name="locationQuality"><value>baseline_coordinate_id_verified_current</value></Data>
      </ExtendedData>
      <Point><coordinates>73.832592,18.530588,0</coordinates></Point>
    </Placemark>
    <Placemark>
      <name>Sangamvadi</name>
      <description>baseline_coordinate_id_verified_current</description>
      <ExtendedData>
        <Data name="platformId"><value>1403455</value></Data>
        <Data name="observedAt"><value>2026-08-26T07:57:11.530Z</value></Data>
        <Data name="locationQuality"><value>baseline_coordinate_id_verified_current</value></Data>
      </ExtendedData>
      <Point><coordinates>73.874367,18.53208,0</coordinates></Point>
    </Placemark>
    <Placemark>
      <name>Bapudham</name>
      <description>baseline_coordinate_id_verified_current</description>
      <ExtendedData>
        <Data name="platformId"><value>1403516</value></Data>
        <Data name="observedAt"><value>2026-08-26T07:50:23.018Z</value></Data>
        <Data name="locationQuality"><value>baseline_coordinate_id_verified_current</value></Data>
      </ExtendedData>
      <Point><coordinates>77.485786,28.697865,0</coordinates></Point>
    </Placemark>
    <Placemark>
      <name>ATS Homekraft</name>
      <description>baseline_coordinate_id_verified_current</description>
      <ExtendedData>
        <Data name="platformId"><value>1403517</value></Data>
        <Data name="observedAt"><value>2026-08-26T07:50:22.229Z</value></Data>
        <Data name="locationQuality"><value>baseline_coordinate_id_verified_current</value></Data>
      </ExtendedData>
      <Point><coordinates>77.4665,28.659957,0</coordinates></Point>
    </Placemark>
    <Placemark>
      <name>Raj Bagh Gzb</name>
      <description>baseline_coordinate_id_verified_current</description>
      <ExtendedData>
        <Data name="platformId"><value>1403518</value></Data>
        <Data name="observedAt"><value>2026-08-26T08:06:46.771Z</value></Data>
        <Data name="locationQuality"><value>baseline_coordinate_id_verified_current</value></Data>
      </ExtendedData>
      <Point><coordinates>77.34622,28.682836,0</coordinates></Point>
    </Placemark>
    <Placemark>
      <name>Begur Fort</name>
      <description>baseline_coordinate_id_verified_current</description>
      <ExtendedData>
        <Data name="platformId"><value>1403723</value></Data>
        <Data name="observedAt"><value>2026-08-26T07:45:01.737Z</value></Data>
        <Data name="locationQuality"><value>baseline_coordinate_id_verified_current</value></Data>
      </ExtendedData>
      <Point><coordinates>77.6161,12.8687,0</coordinates></Point>
    </Placemark>
    <Placemark>
      <name>Budhena Village</name>
      <description>service_area_seed_median_approximate</description>
      <ExtendedData>
        <Data name="platformId"><value>1403725</value></Data>
        <Data name="observedAt"><value>2026-08-26T08:04:21.949Z</value></Data>
        <Data name="locationQuality"><value>service_area_seed_median_approximate</value></Data>
      </ExtendedData>
      <Point><coordinates>77.349749,28.41824,0</coordinates></Point>
    </Placemark>
    <Placemark>
      <name>Instamart 1403746</name>
      <description>service_area_seed_median_approximate</description>
      <ExtendedData>
        <Data name="platformId"><value>1403746</value></Data>
        <Data name="observedAt"><value>2026-08-26T07:50:33.776Z</value></Data>
        <Data name="locationQuality"><value>service_area_seed_median_approximate</value></Data>
      </ExtendedData>
      <Point><coordinates>77.54844284999999,13.075168399999999,0</coordinates></Point>
    </Placemark>
    <Placemark>
      <name>RPC Layout</name>
      <description>baseline_coordinate_id_verified_current</description>
      <ExtendedData>
        <Data name="platformId"><value>1403749</value></Data>
        <Data name="observedAt"><value>2026-08-26T07:50:49.507Z</value></Data>
        <Data name="locationQuality"><value>baseline_coordinate_id_verified_current</value></Data>
      </ExtendedData>
      <Point><coordinates>77.533346,12.964695,0</coordinates></Point>
    </Placemark>
    <Placemark>
      <name>Nagole</name>
      <description>baseline_coordinate_id_verified_current</description>
      <ExtendedData>
        <Data name="platformId"><value>1403835</value></Data>
        <Data name="observedAt"><value>2026-08-26T07:46:11.015Z</value></Data>
        <Data name="locationQuality"><value>baseline_coordinate_id_verified_current</value></Data>
      </ExtendedData>
      <Point><coordinates>78.557613,17.363103,0</coordinates></Point>
    </Placemark>
    <Placemark>
      <name>Relief Road</name>
      <description>baseline_coordinate_id_verified_current</description>
      <ExtendedData>
        <Data name="platformId"><value>1403842</value></Data>
        <Data name="observedAt"><value>2026-08-26T07:58:35.258Z</value></Data>
        <Data name="locationQuality"><value>baseline_coordinate_id_verified_current</value></Data>
      </ExtendedData>
      <Point><coordinates>72.846725,19.165392,0</coordinates></Point>
    </Placemark>
    <Placemark>
      <name>Avantika</name>
      <description>baseline_coordinate_id_verified_current</description>
      <ExtendedData>
        <Data name="platformId"><value>1404165</value></Data>
        <Data name="observedAt"><value>2026-08-26T08:06:56.167Z</value></Data>
        <Data name="locationQuality"><value>baseline_coordinate_id_verified_current</value></Data>
      </ExtendedData>
      <Point><coordinates>77.101982,28.698431,0</coordinates></Point>
    </Placemark>
    <Placemark>
      <name>Cherry County - MP</name>
      <description>baseline_coordinate_id_verified_current</description>
      <ExtendedData>
        <Data name="platformId"><value>1404167</value></Data>
        <Data name="observedAt"><value>2026-08-26T08:05:22.438Z</value></Data>
        <Data name="locationQuality"><value>baseline_coordinate_id_verified_current</value></Data>
      </ExtendedData>
      <Point><coordinates>77.450081,28.597317,0</coordinates></Point>
    </Placemark>
    <Placemark>
      <name>Instamart 1404168</name>
      <description>service_area_seed_median_approximate</description>
      <ExtendedData>
        <Data name="platformId"><value>1404168</value></Data>
        <Data name="observedAt"><value>2026-08-26T07:44:39.810Z</value></Data>
        <Data name="locationQuality"><value>service_area_seed_median_approximate</value></Data>
      </ExtendedData>
      <Point><coordinates>77.541535,12.86057,0</coordinates></Point>
    </Placemark>
    <Placemark>
      <name>Bhera Enclave</name>
      <description>baseline_coordinate_id_verified_current</description>
      <ExtendedData>
        <Data name="platformId"><value>1404450</value></Data>
        <Data name="observedAt"><value>2026-08-26T08:06:39.650Z</value></Data>
        <Data name="locationQuality"><value>baseline_coordinate_id_verified_current</value></Data>
      </ExtendedData>
      <Point><coordinates>77.093109,28.672993,0</coordinates></Point>
    </Placemark>
    <Placemark>
      <name>Kothanur</name>
      <description>baseline_coordinate_id_verified_current</description>
      <ExtendedData>
        <Data name="platformId"><value>1404452</value></Data>
        <Data name="observedAt"><value>2026-08-26T07:50:47.958Z</value></Data>
        <Data name="locationQuality"><value>baseline_coordinate_id_verified_current</value></Data>
      </ExtendedData>
      <Point><coordinates>77.64852,13.057866,0</coordinates></Point>
    </Placemark>
    <Placemark>
      <name>Saidabad</name>
      <description>baseline_coordinate_id_verified_current</description>
      <ExtendedData>
        <Data name="platformId"><value>1404574</value></Data>
        <Data name="observedAt"><value>2026-08-26T07:46:10.113Z</value></Data>
        <Data name="locationQuality"><value>baseline_coordinate_id_verified_current</value></Data>
      </ExtendedData>
      <Point><coordinates>78.522232,17.361474,0</coordinates></Point>
    </Placemark>
    <Placemark>
      <name>Mayur Vihar Megapod</name>
      <description>baseline_coordinate_id_verified_current</description>
      <ExtendedData>
        <Data name="platformId"><value>1404576</value></Data>
        <Data name="observedAt"><value>2026-08-26T08:15:42.439Z</value></Data>
        <Data name="locationQuality"><value>baseline_coordinate_id_verified_current</value></Data>
      </ExtendedData>
      <Point><coordinates>77.303497,28.612513,0</coordinates></Point>
    </Placemark>
    <Placemark>
      <name>Nagvara Megapod</name>
      <description>baseline_coordinate_id_verified_current</description>
      <ExtendedData>
        <Data name="platformId"><value>1404579</value></Data>
        <Data name="observedAt"><value>2026-08-26T07:45:28.186Z</value></Data>
        <Data name="locationQuality"><value>baseline_coordinate_id_verified_current</value></Data>
      </ExtendedData>
      <Point><coordinates>77.609108,13.04868,0</coordinates></Point>
    </Placemark>
    <Placemark>
      <name>Varthur</name>
      <description>baseline_coordinate_id_verified_current</description>
      <ExtendedData>
        <Data name="platformId"><value>1404581</value></Data>
        <Data name="observedAt"><value>2026-08-26T07:45:07.508Z</value></Data>
        <Data name="locationQuality"><value>baseline_coordinate_id_verified_current</value></Data>
      </ExtendedData>
      <Point><coordinates>77.729695,12.956434,0</coordinates></Point>
    </Placemark>
    <Placemark>
      <name>Kodigehalli</name>
      <description>baseline_coordinate_id_verified_current</description>
      <ExtendedData>
        <Data name="platformId"><value>1404583</value></Data>
        <Data name="observedAt"><value>2026-08-26T07:45:20.981Z</value></Data>
        <Data name="locationQuality"><value>baseline_coordinate_id_verified_current</value></Data>
      </ExtendedData>
      <Point><coordinates>77.7242,13.0199,0</coordinates></Point>
    </Placemark>
    <Placemark>
      <name>Kamal Cinema</name>
      <description>baseline_coordinate_id_verified_current</description>
      <ExtendedData>
        <Data name="platformId"><value>1404584</value></Data>
        <Data name="observedAt"><value>2026-08-26T08:05:06.234Z</value></Data>
        <Data name="locationQuality"><value>baseline_coordinate_id_verified_current</value></Data>
      </ExtendedData>
      <Point><coordinates>77.199799,28.565346,0</coordinates></Point>
    </Placemark>
    <Placemark>
      <name>Koramangala 7th Block</name>
      <description>baseline_coordinate_id_verified_current</description>
      <ExtendedData>
        <Data name="platformId"><value>1404590</value></Data>
        <Data name="observedAt"><value>2026-08-26T07:50:50.077Z</value></Data>
        <Data name="locationQuality"><value>baseline_coordinate_id_verified_current</value></Data>
      </ExtendedData>
      <Point><coordinates>77.614273,12.937196,0</coordinates></Point>
    </Placemark>
    <Placemark>
      <name>Srinidhi Layout</name>
      <description>baseline_coordinate_id_verified_current</description>
      <ExtendedData>
        <Data name="platformId"><value>1404591</value></Data>
        <Data name="observedAt"><value>2026-08-26T07:50:48.520Z</value></Data>
        <Data name="locationQuality"><value>baseline_coordinate_id_verified_current</value></Data>
      </ExtendedData>
      <Point><coordinates>77.574669,12.892978,0</coordinates></Point>
    </Placemark>
    <Placemark>
      <name>Sharda Niketan</name>
      <description>baseline_coordinate_id_verified_current</description>
      <ExtendedData>
        <Data name="platformId"><value>1404596</value></Data>
        <Data name="observedAt"><value>2026-08-26T08:06:50.661Z</value></Data>
        <Data name="locationQuality"><value>baseline_coordinate_id_verified_current</value></Data>
      </ExtendedData>
      <Point><coordinates>77.116348,28.692215,0</coordinates></Point>
    </Placemark>
    <Placemark>
      <name>E-City Megapod</name>
      <description>service_area_seed_median_approximate</description>
      <ExtendedData>
        <Data name="platformId"><value>1404599</value></Data>
        <Data name="observedAt"><value>2026-08-26T07:44:50.065Z</value></Data>
        <Data name="locationQuality"><value>service_area_seed_median_approximate</value></Data>
      </ExtendedData>
      <Point><coordinates>77.654592,12.849095,0</coordinates></Point>
    </Placemark>
    <Placemark>
      <name>Instamart 1404601</name>
      <description>service_area_seed_median_approximate</description>
      <ExtendedData>
        <Data name="platformId"><value>1404601</value></Data>
        <Data name="observedAt"><value>2026-08-26T07:50:44.514Z</value></Data>
        <Data name="locationQuality"><value>service_area_seed_median_approximate</value></Data>
      </ExtendedData>
      <Point><coordinates>77.3561005,28.6437345,0</coordinates></Point>
    </Placemark>
    <Placemark>
      <name>Choma village</name>
      <description>baseline_coordinate_id_verified_current</description>
      <ExtendedData>
        <Data name="platformId"><value>1404604</value></Data>
        <Data name="observedAt"><value>2026-08-26T08:04:56.377Z</value></Data>
        <Data name="locationQuality"><value>baseline_coordinate_id_verified_current</value></Data>
      </ExtendedData>
      <Point><coordinates>77.037374,28.517735,0</coordinates></Point>
    </Placemark>
    <Placemark>
      <name>LB Nagar</name>
      <description>baseline_coordinate_id_verified_current</description>
      <ExtendedData>
        <Data name="platformId"><value>1404605</value></Data>
        <Data name="observedAt"><value>2026-08-26T07:46:06.797Z</value></Data>
        <Data name="locationQuality"><value>baseline_coordinate_id_verified_current</value></Data>
      </ExtendedData>
      <Point><coordinates>78.554077,17.343399,0</coordinates></Point>
    </Placemark>
    <Placemark>
      <name>Dwarka Sec 14</name>
      <description>baseline_coordinate_id_verified_current</description>
      <ExtendedData>
        <Data name="platformId"><value>1404610</value></Data>
        <Data name="observedAt"><value>2026-08-26T08:04:57.935Z</value></Data>
        <Data name="locationQuality"><value>baseline_coordinate_id_verified_current</value></Data>
      </ExtendedData>
      <Point><coordinates>77.033605,28.606396,0</coordinates></Point>
    </Placemark>
    <Placemark>
      <name>Suskhind Phata</name>
      <description>baseline_coordinate_id_verified_current</description>
      <ExtendedData>
        <Data name="platformId"><value>1404615</value></Data>
        <Data name="observedAt"><value>2026-08-26T07:57:35.277Z</value></Data>
        <Data name="locationQuality"><value>baseline_coordinate_id_verified_current</value></Data>
      </ExtendedData>
      <Point><coordinates>73.771599,18.547607,0</coordinates></Point>
    </Placemark>
    <Placemark>
      <name>Provident Capella</name>
      <description>baseline_coordinate_id_verified_current</description>
      <ExtendedData>
        <Data name="platformId"><value>1404617</value></Data>
        <Data name="observedAt"><value>2026-08-26T07:49:48.899Z</value></Data>
        <Data name="locationQuality"><value>baseline_coordinate_id_verified_current</value></Data>
      </ExtendedData>
      <Point><coordinates>77.767464,12.984131,0</coordinates></Point>
    </Placemark>
    <Placemark>
      <name>Samaypur Badli</name>
      <description>baseline_coordinate_id_verified_current</description>
      <ExtendedData>
        <Data name="platformId"><value>1404620</value></Data>
        <Data name="observedAt"><value>2026-08-26T08:06:55.306Z</value></Data>
        <Data name="locationQuality"><value>baseline_coordinate_id_verified_current</value></Data>
      </ExtendedData>
      <Point><coordinates>77.132637,28.744797,0</coordinates></Point>
    </Placemark>
    <Placemark>
      <name>Huda Layout</name>
      <description>baseline_coordinate_id_verified_current</description>
      <ExtendedData>
        <Data name="platformId"><value>1404622</value></Data>
        <Data name="observedAt"><value>2026-08-26T07:46:20.539Z</value></Data>
        <Data name="locationQuality"><value>baseline_coordinate_id_verified_current</value></Data>
      </ExtendedData>
      <Point><coordinates>78.3067,17.470725,0</coordinates></Point>
    </Placemark>
    <Placemark>
      <name>Jaypee Kasa</name>
      <description>baseline_coordinate_id_verified_current</description>
      <ExtendedData>
        <Data name="platformId"><value>1404627</value></Data>
        <Data name="observedAt"><value>2026-08-26T08:04:49.902Z</value></Data>
        <Data name="locationQuality"><value>baseline_coordinate_id_verified_current</value></Data>
      </ExtendedData>
      <Point><coordinates>77.390182,28.501326,0</coordinates></Point>
    </Placemark>
    <Placemark>
      <name>Mira Road - MP</name>
      <description>service_area_seed_median_approximate</description>
      <ExtendedData>
        <Data name="platformId"><value>1404642</value></Data>
        <Data name="observedAt"><value>2026-08-26T07:59:09.569Z</value></Data>
        <Data name="locationQuality"><value>service_area_seed_median_approximate</value></Data>
      </ExtendedData>
      <Point><coordinates>72.8658345,19.292603999999997,0</coordinates></Point>
    </Placemark>
    <Placemark>
      <name>PCMC</name>
      <description>baseline_coordinate_id_verified_current</description>
      <ExtendedData>
        <Data name="platformId"><value>1404643</value></Data>
        <Data name="observedAt"><value>2026-08-26T07:57:31.202Z</value></Data>
        <Data name="locationQuality"><value>baseline_coordinate_id_verified_current</value></Data>
      </ExtendedData>
      <Point><coordinates>73.801758,18.626818,0</coordinates></Point>
    </Placemark>
    <Placemark>
      <name>Bibewadi</name>
      <description>baseline_coordinate_id_verified_current</description>
      <ExtendedData>
        <Data name="platformId"><value>1404644</value></Data>
        <Data name="observedAt"><value>2026-08-26T07:57:02.905Z</value></Data>
        <Data name="locationQuality"><value>baseline_coordinate_id_verified_current</value></Data>
      </ExtendedData>
      <Point><coordinates>73.857681,18.469521,0</coordinates></Point>
    </Placemark>
    <Placemark>
      <name>Park Road</name>
      <description>baseline_coordinate_id_verified_current</description>
      <ExtendedData>
        <Data name="platformId"><value>1404645</value></Data>
        <Data name="observedAt"><value>2026-08-26T07:50:41.973Z</value></Data>
        <Data name="locationQuality"><value>baseline_coordinate_id_verified_current</value></Data>
      </ExtendedData>
      <Point><coordinates>72.851463,19.105726,0</coordinates></Point>
    </Placemark>
    <Placemark>
      <name>Waghbil Naka</name>
      <description>baseline_coordinate_id_verified_current</description>
      <ExtendedData>
        <Data name="platformId"><value>1404646</value></Data>
        <Data name="observedAt"><value>2026-08-26T07:59:05.597Z</value></Data>
        <Data name="locationQuality"><value>baseline_coordinate_id_verified_current</value></Data>
      </ExtendedData>
      <Point><coordinates>72.97407433867082,19.25011022355175,0</coordinates></Point>
    </Placemark>
    <Placemark>
      <name>VTP Leonara</name>
      <description>baseline_coordinate_id_verified_current</description>
      <ExtendedData>
        <Data name="platformId"><value>1404659</value></Data>
        <Data name="observedAt"><value>2026-08-26T07:57:21.762Z</value></Data>
        <Data name="locationQuality"><value>baseline_coordinate_id_verified_current</value></Data>
      </ExtendedData>
      <Point><coordinates>73.740768,18.566948,0</coordinates></Point>
    </Placemark>
    <Placemark>
      <name>Kokapet X Road</name>
      <description>baseline_coordinate_id_verified_current</description>
      <ExtendedData>
        <Data name="platformId"><value>1404660</value></Data>
        <Data name="observedAt"><value>2026-08-26T07:46:23.285Z</value></Data>
        <Data name="locationQuality"><value>baseline_coordinate_id_verified_current</value></Data>
      </ExtendedData>
      <Point><coordinates>78.33328,17.39682,0</coordinates></Point>
    </Placemark>
    <Placemark>
      <name>T C Palya</name>
      <description>baseline_coordinate_id_verified_current</description>
      <ExtendedData>
        <Data name="platformId"><value>1404662</value></Data>
        <Data name="observedAt"><value>2026-08-26T07:50:32.784Z</value></Data>
        <Data name="locationQuality"><value>baseline_coordinate_id_verified_current</value></Data>
      </ExtendedData>
      <Point><coordinates>77.68402,13.01854,0</coordinates></Point>
    </Placemark>
    <Placemark>
      <name>Champapet</name>
      <description>baseline_coordinate_id_verified_current</description>
      <ExtendedData>
        <Data name="platformId"><value>1404664</value></Data>
        <Data name="observedAt"><value>2026-08-26T07:50:36.654Z</value></Data>
        <Data name="locationQuality"><value>baseline_coordinate_id_verified_current</value></Data>
      </ExtendedData>
      <Point><coordinates>78.52842,17.34139,0</coordinates></Point>
    </Placemark>
    <Placemark>
      <name>Hennur</name>
      <description>baseline_coordinate_id_verified_current</description>
      <ExtendedData>
        <Data name="platformId"><value>1404673</value></Data>
        <Data name="observedAt"><value>2026-08-26T07:50:48.963Z</value></Data>
        <Data name="locationQuality"><value>baseline_coordinate_id_verified_current</value></Data>
      </ExtendedData>
      <Point><coordinates>77.62797854232855,13.036905115313509,0</coordinates></Point>
    </Placemark>
    <Placemark>
      <name>Govindpuri Metro Station</name>
      <description>baseline_coordinate_id_verified_current</description>
      <ExtendedData>
        <Data name="platformId"><value>1404675</value></Data>
        <Data name="observedAt"><value>2026-08-26T08:04:59.450Z</value></Data>
        <Data name="locationQuality"><value>baseline_coordinate_id_verified_current</value></Data>
      </ExtendedData>
      <Point><coordinates>77.262329,28.545033,0</coordinates></Point>
    </Placemark>
    <Placemark>
      <name>Horamavu Village</name>
      <description>baseline_coordinate_id_verified_current</description>
      <ExtendedData>
        <Data name="platformId"><value>1404679</value></Data>
        <Data name="observedAt"><value>2026-08-26T07:45:20.592Z</value></Data>
        <Data name="locationQuality"><value>baseline_coordinate_id_verified_current</value></Data>
      </ExtendedData>
      <Point><coordinates>77.668175,13.025098,0</coordinates></Point>
    </Placemark>
    <Placemark>
      <name>Majiwada - MP</name>
      <description>service_area_seed_median_approximate</description>
      <ExtendedData>
        <Data name="platformId"><value>1404681</value></Data>
        <Data name="observedAt"><value>2026-08-26T07:59:07.168Z</value></Data>
        <Data name="locationQuality"><value>service_area_seed_median_approximate</value></Data>
      </ExtendedData>
      <Point><coordinates>72.98474157920154,19.230324466065575,0</coordinates></Point>
    </Placemark>
    <Placemark>
      <name>Instamart 1404748</name>
      <description>service_area_seed_median_approximate</description>
      <ExtendedData>
        <Data name="platformId"><value>1404748</value></Data>
        <Data name="observedAt"><value>2026-08-26T07:46:14.084Z</value></Data>
        <Data name="locationQuality"><value>service_area_seed_median_approximate</value></Data>
      </ExtendedData>
      <Point><coordinates>78.4067647563201,17.40026238873526,0</coordinates></Point>
    </Placemark>
    <Placemark>
      <name>Naupada</name>
      <description>baseline_coordinate_id_verified_current</description>
      <ExtendedData>
        <Data name="platformId"><value>1404751</value></Data>
        <Data name="observedAt"><value>2026-08-26T07:50:42.418Z</value></Data>
        <Data name="locationQuality"><value>baseline_coordinate_id_verified_current</value></Data>
      </ExtendedData>
      <Point><coordinates>72.96753174650286,19.184643136684862,0</coordinates></Point>
    </Placemark>
    <Placemark>
      <name>Kothrud - MP</name>
      <description>baseline_coordinate_id_verified_current</description>
      <ExtendedData>
        <Data name="platformId"><value>1404754</value></Data>
        <Data name="observedAt"><value>2026-08-26T08:07:56.660Z</value></Data>
        <Data name="locationQuality"><value>baseline_coordinate_id_verified_current</value></Data>
      </ExtendedData>
      <Point><coordinates>73.808907,18.502438,0</coordinates></Point>
    </Placemark>
    <Placemark>
      <name>Azadpur</name>
      <description>baseline_coordinate_id_verified_current</description>
      <ExtendedData>
        <Data name="platformId"><value>1404755</value></Data>
        <Data name="observedAt"><value>2026-08-26T08:06:45.244Z</value></Data>
        <Data name="locationQuality"><value>baseline_coordinate_id_verified_current</value></Data>
      </ExtendedData>
      <Point><coordinates>77.181221,28.702271,0</coordinates></Point>
    </Placemark>
    <Placemark>
      <name>PunjaGutta - MP</name>
      <description>baseline_coordinate_id_verified_current</description>
      <ExtendedData>
        <Data name="platformId"><value>1404758</value></Data>
        <Data name="observedAt"><value>2026-08-26T07:57:10.018Z</value></Data>
        <Data name="locationQuality"><value>baseline_coordinate_id_verified_current</value></Data>
      </ExtendedData>
      <Point><coordinates>78.43595,17.41177,0</coordinates></Point>
    </Placemark>
    <Placemark>
      <name>Kharghar - MP</name>
      <description>baseline_coordinate_id_verified_current</description>
      <ExtendedData>
        <Data name="platformId"><value>1404760</value></Data>
        <Data name="observedAt"><value>2026-08-26T07:58:07.930Z</value></Data>
        <Data name="locationQuality"><value>baseline_coordinate_id_verified_current</value></Data>
      </ExtendedData>
      <Point><coordinates>73.071152,19.041431,0</coordinates></Point>
    </Placemark>
    <Placemark>
      <name>Sushant Lok Phase 1</name>
      <description>service_area_seed_median_approximate</description>
      <ExtendedData>
        <Data name="platformId"><value>1404770</value></Data>
        <Data name="observedAt"><value>2026-08-26T07:50:19.061Z</value></Data>
        <Data name="locationQuality"><value>service_area_seed_median_approximate</value></Data>
      </ExtendedData>
      <Point><coordinates>77.071091,28.472171,0</coordinates></Point>
    </Placemark>
    <Placemark>
      <name>Bethany Hospital</name>
      <description>baseline_coordinate_id_verified_current</description>
      <ExtendedData>
        <Data name="platformId"><value>1404771</value></Data>
        <Data name="observedAt"><value>2026-08-26T07:50:43.202Z</value></Data>
        <Data name="locationQuality"><value>baseline_coordinate_id_verified_current</value></Data>
      </ExtendedData>
      <Point><coordinates>72.953194,19.218496,0</coordinates></Point>
    </Placemark>
    <Placemark>
      <name>Tellapur new</name>
      <description>baseline_coordinate_id_verified_current</description>
      <ExtendedData>
        <Data name="platformId"><value>1404773</value></Data>
        <Data name="observedAt"><value>2026-08-26T07:56:28.900Z</value></Data>
        <Data name="locationQuality"><value>baseline_coordinate_id_verified_current</value></Data>
      </ExtendedData>
      <Point><coordinates>78.2892032,17.4637085,0</coordinates></Point>
    </Placemark>
    <Placemark>
      <name>Cyber Gateway</name>
      <description>baseline_coordinate_id_verified_current</description>
      <ExtendedData>
        <Data name="platformId"><value>1404783</value></Data>
        <Data name="observedAt"><value>2026-08-26T07:46:21.047Z</value></Data>
        <Data name="locationQuality"><value>baseline_coordinate_id_verified_current</value></Data>
      </ExtendedData>
      <Point><coordinates>78.387535,17.4384,0</coordinates></Point>
    </Placemark>
    <Placemark>
      <name>My Home Tarkshya</name>
      <description>baseline_coordinate_id_verified_current</description>
      <ExtendedData>
        <Data name="platformId"><value>1404789</value></Data>
        <Data name="observedAt"><value>2026-08-26T07:57:07.520Z</value></Data>
        <Data name="locationQuality"><value>baseline_coordinate_id_verified_current</value></Data>
      </ExtendedData>
      <Point><coordinates>78.344887,17.38583,0</coordinates></Point>
    </Placemark>
    <Placemark>
      <name>KPHB</name>
      <description>baseline_coordinate_id_verified_current</description>
      <ExtendedData>
        <Data name="platformId"><value>1404791</value></Data>
        <Data name="observedAt"><value>2026-08-26T07:56:32.789Z</value></Data>
        <Data name="locationQuality"><value>baseline_coordinate_id_verified_current</value></Data>
      </ExtendedData>
      <Point><coordinates>78.42054,17.489239,0</coordinates></Point>
    </Placemark>
    <Placemark>
      <name>Hongasandra</name>
      <description>baseline_coordinate_id_verified_current</description>
      <ExtendedData>
        <Data name="platformId"><value>1404792</value></Data>
        <Data name="observedAt"><value>2026-08-26T07:44:51.025Z</value></Data>
        <Data name="locationQuality"><value>baseline_coordinate_id_verified_current</value></Data>
      </ExtendedData>
      <Point><coordinates>77.623413,12.901196,0</coordinates></Point>
    </Placemark>
    <Placemark>
      <name>Instamart 1404796</name>
      <description>service_area_seed_median_approximate</description>
      <ExtendedData>
        <Data name="platformId"><value>1404796</value></Data>
        <Data name="observedAt"><value>2026-08-26T07:50:02.698Z</value></Data>
        <Data name="locationQuality"><value>service_area_seed_median_approximate</value></Data>
      </ExtendedData>
      <Point><coordinates>72.878021,19.26767,0</coordinates></Point>
    </Placemark>
    <Placemark>
      <name>Tata New Haven</name>
      <description>baseline_coordinate_id_verified_current</description>
      <ExtendedData>
        <Data name="platformId"><value>1404799</value></Data>
        <Data name="observedAt"><value>2026-08-26T07:49:47.333Z</value></Data>
        <Data name="locationQuality"><value>baseline_coordinate_id_verified_current</value></Data>
      </ExtendedData>
      <Point><coordinates>77.444717,13.102744,0</coordinates></Point>
    </Placemark>
    <Placemark>
      <name>Instamart 1404800</name>
      <description>service_area_seed_median_approximate</description>
      <ExtendedData>
        <Data name="platformId"><value>1404800</value></Data>
        <Data name="observedAt"><value>2026-08-26T07:57:22.568Z</value></Data>
        <Data name="locationQuality"><value>service_area_seed_median_approximate</value></Data>
      </ExtendedData>
      <Point><coordinates>73.9401571,18.555750449999998,0</coordinates></Point>
    </Placemark>
    <Placemark>
      <name>Sikenderguda</name>
      <description>baseline_coordinate_id_verified_current</description>
      <ExtendedData>
        <Data name="platformId"><value>1404811</value></Data>
        <Data name="observedAt"><value>2026-08-26T07:49:59.793Z</value></Data>
        <Data name="locationQuality"><value>baseline_coordinate_id_verified_current</value></Data>
      </ExtendedData>
      <Point><coordinates>78.392204,17.344585,0</coordinates></Point>
    </Placemark>
    <Placemark>
      <name>My Home Bhooja</name>
      <description>baseline_coordinate_id_verified_current</description>
      <ExtendedData>
        <Data name="platformId"><value>1404816</value></Data>
        <Data name="observedAt"><value>2026-08-26T07:56:52.164Z</value></Data>
        <Data name="locationQuality"><value>baseline_coordinate_id_verified_current</value></Data>
      </ExtendedData>
      <Point><coordinates>78.368187,17.435318,0</coordinates></Point>
    </Placemark>
    <Placemark>
      <name>Instamart 1404817</name>
      <description>service_area_seed_median_approximate</description>
      <ExtendedData>
        <Data name="platformId"><value>1404817</value></Data>
        <Data name="observedAt"><value>2026-08-26T07:45:01.197Z</value></Data>
        <Data name="locationQuality"><value>service_area_seed_median_approximate</value></Data>
      </ExtendedData>
      <Point><coordinates>77.609639,12.927417,0</coordinates></Point>
    </Placemark>
    <Placemark>
      <name>AMITY Noida</name>
      <description>baseline_coordinate_id_verified_current</description>
      <ExtendedData>
        <Data name="platformId"><value>1404818</value></Data>
        <Data name="observedAt"><value>2026-08-26T08:04:55.602Z</value></Data>
        <Data name="locationQuality"><value>baseline_coordinate_id_verified_current</value></Data>
      </ExtendedData>
      <Point><coordinates>77.33577,28.540827,0</coordinates></Point>
    </Placemark>
    <Placemark>
      <name>Sector 11-12</name>
      <description>baseline_coordinate_id_verified_current</description>
      <ExtendedData>
        <Data name="platformId"><value>1404834</value></Data>
        <Data name="observedAt"><value>2026-08-26T08:04:17.043Z</value></Data>
        <Data name="locationQuality"><value>baseline_coordinate_id_verified_current</value></Data>
      </ExtendedData>
      <Point><coordinates>77.32565,28.36324,0</coordinates></Point>
    </Placemark>
    <Placemark>
      <name>Instamart 1404839</name>
      <description>service_area_seed_median_approximate</description>
      <ExtendedData>
        <Data name="platformId"><value>1404839</value></Data>
        <Data name="observedAt"><value>2026-08-26T07:50:21.360Z</value></Data>
        <Data name="locationQuality"><value>service_area_seed_median_approximate</value></Data>
      </ExtendedData>
      <Point><coordinates>77.234208,28.641541,0</coordinates></Point>
    </Placemark>
    <Placemark>
      <name>Mirpet</name>
      <description>baseline_coordinate_id_verified_current</description>
      <ExtendedData>
        <Data name="platformId"><value>1404855</value></Data>
        <Data name="observedAt"><value>2026-08-26T07:50:36.202Z</value></Data>
        <Data name="locationQuality"><value>baseline_coordinate_id_verified_current</value></Data>
      </ExtendedData>
      <Point><coordinates>78.532845,17.312449,0</coordinates></Point>
    </Placemark>
    <Placemark>
      <name>APCO Colony</name>
      <description>baseline_coordinate_id_verified_current</description>
      <ExtendedData>
        <Data name="platformId"><value>1404860</value></Data>
        <Data name="observedAt"><value>2026-08-26T07:49:58.256Z</value></Data>
        <Data name="locationQuality"><value>baseline_coordinate_id_verified_current</value></Data>
      </ExtendedData>
      <Point><coordinates>78.57235,17.370525,0</coordinates></Point>
    </Placemark>
    <Placemark>
      <name>AG Nagar</name>
      <description>service_area_seed_median_approximate</description>
      <ExtendedData>
        <Data name="platformId"><value>1404877</value></Data>
        <Data name="observedAt"><value>2026-08-26T07:59:10.387Z</value></Data>
        <Data name="locationQuality"><value>service_area_seed_median_approximate</value></Data>
      </ExtendedData>
      <Point><coordinates>72.877907,19.280079,0</coordinates></Point>
    </Placemark>
    <Placemark>
      <name>Instamart 1404898</name>
      <description>service_area_seed_median_approximate</description>
      <ExtendedData>
        <Data name="platformId"><value>1404898</value></Data>
        <Data name="observedAt"><value>2026-08-26T07:44:55.813Z</value></Data>
        <Data name="locationQuality"><value>service_area_seed_median_approximate</value></Data>
      </ExtendedData>
      <Point><coordinates>77.55375635,12.9209609,0</coordinates></Point>
    </Placemark>
    <Placemark>
      <name>Instamart 1404906</name>
      <description>service_area_seed_median_approximate</description>
      <ExtendedData>
        <Data name="platformId"><value>1404906</value></Data>
        <Data name="observedAt"><value>2026-08-26T07:45:25.813Z</value></Data>
        <Data name="locationQuality"><value>service_area_seed_median_approximate</value></Data>
      </ExtendedData>
      <Point><coordinates>77.7425,12.966528,0</coordinates></Point>
    </Placemark>
    <Placemark>
      <name>Instamart 1404909</name>
      <description>service_area_seed_median_approximate</description>
      <ExtendedData>
        <Data name="platformId"><value>1404909</value></Data>
        <Data name="observedAt"><value>2026-08-26T07:57:37.643Z</value></Data>
        <Data name="locationQuality"><value>service_area_seed_median_approximate</value></Data>
      </ExtendedData>
      <Point><coordinates>72.8263335,18.9729365,0</coordinates></Point>
    </Placemark>
    <Placemark>
      <name>Instamart 1404911</name>
      <description>service_area_seed_median_approximate</description>
      <ExtendedData>
        <Data name="platformId"><value>1404911</value></Data>
        <Data name="observedAt"><value>2026-08-26T07:50:29.891Z</value></Data>
        <Data name="locationQuality"><value>service_area_seed_median_approximate</value></Data>
      </ExtendedData>
      <Point><coordinates>77.70557064269501,12.97539272857814,0</coordinates></Point>
    </Placemark>
    <Placemark>
      <name>Instamart 1404917</name>
      <description>service_area_seed_median_approximate</description>
      <ExtendedData>
        <Data name="platformId"><value>1404917</value></Data>
        <Data name="observedAt"><value>2026-08-26T07:45:03.198Z</value></Data>
        <Data name="locationQuality"><value>service_area_seed_median_approximate</value></Data>
      </ExtendedData>
      <Point><coordinates>77.695092,12.92336,0</coordinates></Point>
    </Placemark>
    <Placemark>
      <name>Instamart 1404930</name>
      <description>service_area_seed_median_approximate</description>
      <ExtendedData>
        <Data name="platformId"><value>1404930</value></Data>
        <Data name="observedAt"><value>2026-08-26T07:49:46.324Z</value></Data>
        <Data name="locationQuality"><value>service_area_seed_median_approximate</value></Data>
      </ExtendedData>
      <Point><coordinates>77.67828779999999,12.975109549999999,0</coordinates></Point>
    </Placemark>
    <Placemark>
      <name>Instamart 1404935</name>
      <description>service_area_seed_median_approximate</description>
      <ExtendedData>
        <Data name="platformId"><value>1404935</value></Data>
        <Data name="observedAt"><value>2026-08-26T07:45:33.351Z</value></Data>
        <Data name="locationQuality"><value>service_area_seed_median_approximate</value></Data>
      </ExtendedData>
      <Point><coordinates>77.654088,13.087076,0</coordinates></Point>
    </Placemark>
    <Placemark>
      <name>Instamart 1404944</name>
      <description>service_area_seed_median_approximate</description>
      <ExtendedData>
        <Data name="platformId"><value>1404944</value></Data>
        <Data name="observedAt"><value>2026-08-26T07:45:04.140Z</value></Data>
        <Data name="locationQuality"><value>service_area_seed_median_approximate</value></Data>
      </ExtendedData>
      <Point><coordinates>77.6087922,12.9353037,0</coordinates></Point>
    </Placemark>
    <Placemark>
      <name>Instamart 1404966</name>
      <description>service_area_seed_median_approximate</description>
      <ExtendedData>
        <Data name="platformId"><value>1404966</value></Data>
        <Data name="observedAt"><value>2026-08-26T07:45:02.199Z</value></Data>
        <Data name="locationQuality"><value>service_area_seed_median_approximate</value></Data>
      </ExtendedData>
      <Point><coordinates>77.72747,12.941094,0</coordinates></Point>
    </Placemark>
    <Placemark>
      <name>Instamart 1404984</name>
      <description>service_area_seed_median_approximate</description>
      <ExtendedData>
        <Data name="platformId"><value>1404984</value></Data>
        <Data name="observedAt"><value>2026-08-26T07:58:05.618Z</value></Data>
        <Data name="locationQuality"><value>service_area_seed_median_approximate</value></Data>
      </ExtendedData>
      <Point><coordinates>72.833307,19.056184,0</coordinates></Point>
    </Placemark>
    <Placemark>
      <name>Instamart 1404987</name>
      <description>service_area_seed_median_approximate</description>
      <ExtendedData>
        <Data name="platformId"><value>1404987</value></Data>
        <Data name="observedAt"><value>2026-08-26T07:50:20.888Z</value></Data>
        <Data name="locationQuality"><value>service_area_seed_median_approximate</value></Data>
      </ExtendedData>
      <Point><coordinates>77.349159,28.593775,0</coordinates></Point>
    </Placemark>
    <Placemark>
      <name>Instamart 1405006</name>
      <description>service_area_seed_median_approximate</description>
      <ExtendedData>
        <Data name="platformId"><value>1405006</value></Data>
        <Data name="observedAt"><value>2026-08-26T07:50:40.956Z</value></Data>
        <Data name="locationQuality"><value>service_area_seed_median_approximate</value></Data>
      </ExtendedData>
      <Point><coordinates>73.76951983971426,18.598255131797153,0</coordinates></Point>
    </Placemark>
    <Placemark>
      <name>Instamart 1405015</name>
      <description>service_area_seed_median_approximate</description>
      <ExtendedData>
        <Data name="platformId"><value>1405015</value></Data>
        <Data name="observedAt"><value>2026-08-26T07:50:40.531Z</value></Data>
        <Data name="locationQuality"><value>service_area_seed_median_approximate</value></Data>
      </ExtendedData>
      <Point><coordinates>73.904483,18.551125,0</coordinates></Point>
    </Placemark>
    <Placemark>
      <name>Instamart 1405050</name>
      <description>service_area_seed_median_approximate</description>
      <ExtendedData>
        <Data name="platformId"><value>1405050</value></Data>
        <Data name="observedAt"><value>2026-08-26T07:50:28.936Z</value></Data>
        <Data name="locationQuality"><value>service_area_seed_median_approximate</value></Data>
      </ExtendedData>
      <Point><coordinates>77.7473195,12.934902999999998,0</coordinates></Point>
    </Placemark>
    <Placemark>
      <name>Instamart 1405076</name>
      <description>service_area_seed_median_approximate</description>
      <ExtendedData>
        <Data name="platformId"><value>1405076</value></Data>
        <Data name="observedAt"><value>2026-08-26T07:58:33.745Z</value></Data>
        <Data name="locationQuality"><value>service_area_seed_median_approximate</value></Data>
      </ExtendedData>
      <Point><coordinates>73.007007,19.112493,0</coordinates></Point>
    </Placemark>
  </Folder>
</Document>
</kml>
